date,CPI level,city,category
2018-01-01,95.0849136412,COBIJA,Alimentos y bebidas consumidos fuera del hogar
2018-02-01,95.2767842909,COBIJA,Alimentos y bebidas consumidos fuera del hogar
2018-03-01,96.2415194249,COBIJA,Alimentos y bebidas consumidos fuera del hogar
2018-04-01,96.2467276835,COBIJA,Alimentos y bebidas consumidos fuera del hogar
2018-05-01,96.8104291002,COBIJA,Alimentos y bebidas consumidos fuera del hogar
2018-06-01,97.4020822478,COBIJA,Alimentos y bebidas consumidos fuera del hogar
2018-07-01,97.6563500787,COBIJA,Alimentos y bebidas consumidos fuera del hogar
2018-08-01,97.8060899215,COBIJA,Alimentos y bebidas consumidos fuera del hogar
2018-09-01,98.1445446903,COBIJA,Alimentos y bebidas consumidos fuera del hogar
2018-10-01,97.6471386059,COBIJA,Alimentos y bebidas consumidos fuera del hogar
2018-11-01,99.1717623756,COBIJA,Alimentos y bebidas consumidos fuera del hogar
2018-12-01,100.8156469418,COBIJA,Alimentos y bebidas consumidos fuera del hogar
2019-01-01,101.1971046656,COBIJA,Alimentos y bebidas consumidos fuera del hogar
2019-02-01,102.6265649707,COBIJA,Alimentos y bebidas consumidos fuera del hogar
2019-03-01,102.7921357531,COBIJA,Alimentos y bebidas consumidos fuera del hogar
2019-04-01,103.2833925343,COBIJA,Alimentos y bebidas consumidos fuera del hogar
2019-05-01,102.6566747462,COBIJA,Alimentos y bebidas consumidos fuera del hogar
2019-06-01,102.6292075526,COBIJA,Alimentos y bebidas consumidos fuera del hogar
2019-07-01,103.9161868438,COBIJA,Alimentos y bebidas consumidos fuera del hogar
2019-08-01,103.9630977451,COBIJA,Alimentos y bebidas consumidos fuera del hogar
2019-09-01,104.4030475466,COBIJA,Alimentos y bebidas consumidos fuera del hogar
2019-10-01,104.5535434951,COBIJA,Alimentos y bebidas consumidos fuera del hogar
2019-11-01,105.9459599235,COBIJA,Alimentos y bebidas consumidos fuera del hogar
2019-12-01,105.6966179575,COBIJA,Alimentos y bebidas consumidos fuera del hogar
2020-01-01,105.4751159516,COBIJA,Alimentos y bebidas consumidos fuera del hogar
2020-02-01,106.5419932524,COBIJA,Alimentos y bebidas consumidos fuera del hogar
2020-03-01,106.658253071,COBIJA,Alimentos y bebidas consumidos fuera del hogar
2020-04-01,106.9404279807,COBIJA,Alimentos y bebidas consumidos fuera del hogar
2020-05-01,107.0302312207,COBIJA,Alimentos y bebidas consumidos fuera del hogar
2020-06-01,106.9571840399,COBIJA,Alimentos y bebidas consumidos fuera del hogar
2020-07-01,107.4810951927,COBIJA,Alimentos y bebidas consumidos fuera del hogar
2020-08-01,107.3507013852,COBIJA,Alimentos y bebidas consumidos fuera del hogar
2020-09-01,109.4537692054,COBIJA,Alimentos y bebidas consumidos fuera del hogar
2020-10-01,109.4301428287,COBIJA,Alimentos y bebidas consumidos fuera del hogar
2020-11-01,109.198439402,COBIJA,Alimentos y bebidas consumidos fuera del hogar
2020-12-01,109.3713767604,COBIJA,Alimentos y bebidas consumidos fuera del hogar
2021-01-01,111.3043463018,COBIJA,Alimentos y bebidas consumidos fuera del hogar
2021-02-01,111.2713636792,COBIJA,Alimentos y bebidas consumidos fuera del hogar
2021-03-01,111.5622305478,COBIJA,Alimentos y bebidas consumidos fuera del hogar
2021-04-01,111.9603241829,COBIJA,Alimentos y bebidas consumidos fuera del hogar
2021-05-01,112.3268029898,COBIJA,Alimentos y bebidas consumidos fuera del hogar
2021-06-01,113.0438413375,COBIJA,Alimentos y bebidas consumidos fuera del hogar
2021-07-01,113.5685872,COBIJA,Alimentos y bebidas consumidos fuera del hogar
2021-08-01,114.0921847237,COBIJA,Alimentos y bebidas consumidos fuera del hogar
2021-09-01,114.9654840173,COBIJA,Alimentos y bebidas consumidos fuera del hogar
2021-10-01,116.048322354,COBIJA,Alimentos y bebidas consumidos fuera del hogar
2021-11-01,116.421189045,COBIJA,Alimentos y bebidas consumidos fuera del hogar
2021-12-01,116.4982140325,COBIJA,Alimentos y bebidas consumidos fuera del hogar
2022-01-01,116.482933754,COBIJA,Alimentos y bebidas consumidos fuera del hogar
2022-02-01,116.4388717871,COBIJA,Alimentos y bebidas consumidos fuera del hogar
2022-03-01,116.5213875401,COBIJA,Alimentos y bebidas consumidos fuera del hogar
2022-04-01,116.4892310823,COBIJA,Alimentos y bebidas consumidos fuera del hogar
2022-05-01,117.2866968628,COBIJA,Alimentos y bebidas consumidos fuera del hogar
2022-06-01,117.1977523409,COBIJA,Alimentos y bebidas consumidos fuera del hogar
2022-07-01,118.0814666406,COBIJA,Alimentos y bebidas consumidos fuera del hogar
2022-08-01,118.0937819495,COBIJA,Alimentos y bebidas consumidos fuera del hogar
2022-09-01,118.9943120126,COBIJA,Alimentos y bebidas consumidos fuera del hogar
2022-10-01,119.6759466565,COBIJA,Alimentos y bebidas consumidos fuera del hogar
2022-11-01,120.1882602,COBIJA,Alimentos y bebidas consumidos fuera del hogar
2022-12-01,121.0980544378,COBIJA,Alimentos y bebidas consumidos fuera del hogar
2023-01-01,120.3454540961,COBIJA,Alimentos y bebidas consumidos fuera del hogar
2023-02-01,120.681067862,COBIJA,Alimentos y bebidas consumidos fuera del hogar
2023-03-01,120.1120572785,COBIJA,Alimentos y bebidas consumidos fuera del hogar
2023-04-01,120.3350780018,COBIJA,Alimentos y bebidas consumidos fuera del hogar
2023-05-01,119.3084012686,COBIJA,Alimentos y bebidas consumidos fuera del hogar
2023-06-01,120.0058581144,COBIJA,Alimentos y bebidas consumidos fuera del hogar
2023-07-01,120.0670023,COBIJA,Alimentos y bebidas consumidos fuera del hogar
2023-08-01,120.1710470557,COBIJA,Alimentos y bebidas consumidos fuera del hogar
2023-09-01,120.7070976786,COBIJA,Alimentos y bebidas consumidos fuera del hogar
2023-10-01,120.0068279807,COBIJA,Alimentos y bebidas consumidos fuera del hogar
2023-11-01,120.2187141,COBIJA,Alimentos y bebidas consumidos fuera del hogar
2023-12-01,121.4055654928,COBIJA,Alimentos y bebidas consumidos fuera del hogar
2024-01-01,121.4955249329,COBIJA,Alimentos y bebidas consumidos fuera del hogar
2024-02-01,121.5634708,COBIJA,Alimentos y bebidas consumidos fuera del hogar
2024-03-01,125.3156048559,COBIJA,Alimentos y bebidas consumidos fuera del hogar
2024-04-01,126.395877388,COBIJA,Alimentos y bebidas consumidos fuera del hogar
2024-05-01,126.611454162,COBIJA,Alimentos y bebidas consumidos fuera del hogar
2024-06-01,126.9790950939,COBIJA,Alimentos y bebidas consumidos fuera del hogar
2024-07-01,127.6071005851,COBIJA,Alimentos y bebidas consumidos fuera del hogar
2024-08-01,129.6250368564,COBIJA,Alimentos y bebidas consumidos fuera del hogar
2024-09-01,131.2501224894,COBIJA,Alimentos y bebidas consumidos fuera del hogar
2024-10-01,134.6245623032,COBIJA,Alimentos y bebidas consumidos fuera del hogar
2024-11-01,136.5147535267,COBIJA,Alimentos y bebidas consumidos fuera del hogar
2024-12-01,141.2371351378,COBIJA,Alimentos y bebidas consumidos fuera del hogar
2025-01-01,142.7927039298,COBIJA,Alimentos y bebidas consumidos fuera del hogar
2025-02-01,145.4516975831,COBIJA,Alimentos y bebidas consumidos fuera del hogar
2025-03-01,149.7409354935,COBIJA,Alimentos y bebidas consumidos fuera del hogar
2025-04-01,151.1392532852,COBIJA,Alimentos y bebidas consumidos fuera del hogar
2025-05-01,155.0973905969,COBIJA,Alimentos y bebidas consumidos fuera del hogar
2025-06-01,169.1629961141,COBIJA,Alimentos y bebidas consumidos fuera del hogar
2025-07-01,175.5153630817,COBIJA,Alimentos y bebidas consumidos fuera del hogar
2025-08-01,177.4660906362,COBIJA,Alimentos y bebidas consumidos fuera del hogar
2025-09-01,176.799951049,COBIJA,Alimentos y bebidas consumidos fuera del hogar
2025-10-01,174.3529520536,COBIJA,Alimentos y bebidas consumidos fuera del hogar
2025-11-01,173.1395120979,COBIJA,Alimentos y bebidas consumidos fuera del hogar
2025-12-01,173.1635551286,COBIJA,Alimentos y bebidas consumidos fuera del hogar
2026-01-01,176.063180546,COBIJA,Alimentos y bebidas consumidos fuera del hogar
2026-02-01,178.5827658458,COBIJA,Alimentos y bebidas consumidos fuera del hogar
2026-03-01,180.8948362385,COBIJA,Alimentos y bebidas consumidos fuera del hogar
2026-04-01,180.938667959,COBIJA,Alimentos y bebidas consumidos fuera del hogar
2026-05-01,183.1726762881,COBIJA,Alimentos y bebidas consumidos fuera del hogar
2026-06-01,188.0975131134,COBIJA,Alimentos y bebidas consumidos fuera del hogar
2026-07-01,187.4228133222,COBIJA,Alimentos y bebidas consumidos fuera del hogar
2018-01-01,95.4791037429,COBIJA,Alimentos y bebidas no alcohólicas
2018-02-01,95.726564883,COBIJA,Alimentos y bebidas no alcohólicas
2018-03-01,97.8403377508,COBIJA,Alimentos y bebidas no alcohólicas
2018-04-01,96.7778752586,COBIJA,Alimentos y bebidas no alcohólicas
2018-05-01,96.6615624956,COBIJA,Alimentos y bebidas no alcohólicas
2018-06-01,96.8196912523,COBIJA,Alimentos y bebidas no alcohólicas
2018-07-01,96.0877890275,COBIJA,Alimentos y bebidas no alcohólicas
2018-08-01,96.7413358624,COBIJA,Alimentos y bebidas no alcohólicas
2018-09-01,96.9096240549,COBIJA,Alimentos y bebidas no alcohólicas
2018-10-01,95.8049819512,COBIJA,Alimentos y bebidas no alcohólicas
2018-11-01,96.0193470915,COBIJA,Alimentos y bebidas no alcohólicas
2018-12-01,96.4033903765,COBIJA,Alimentos y bebidas no alcohólicas
2019-01-01,96.7620675541,COBIJA,Alimentos y bebidas no alcohólicas
2019-02-01,96.4398622962,COBIJA,Alimentos y bebidas no alcohólicas
2019-03-01,96.5867115889,COBIJA,Alimentos y bebidas no alcohólicas
2019-04-01,96.79787508,COBIJA,Alimentos y bebidas no alcohólicas
2019-05-01,97.1907942528,COBIJA,Alimentos y bebidas no alcohólicas
2019-06-01,96.9343432876,COBIJA,Alimentos y bebidas no alcohólicas
2019-07-01,96.2470001437,COBIJA,Alimentos y bebidas no alcohólicas
2019-08-01,96.589416506,COBIJA,Alimentos y bebidas no alcohólicas
2019-09-01,96.4433996076,COBIJA,Alimentos y bebidas no alcohólicas
2019-10-01,96.6088532004,COBIJA,Alimentos y bebidas no alcohólicas
2019-11-01,97.9061719348,COBIJA,Alimentos y bebidas no alcohólicas
2019-12-01,96.6064137612,COBIJA,Alimentos y bebidas no alcohólicas
2020-01-01,96.7974228471,COBIJA,Alimentos y bebidas no alcohólicas
2020-02-01,96.3354239973,COBIJA,Alimentos y bebidas no alcohólicas
2020-03-01,97.2220725128,COBIJA,Alimentos y bebidas no alcohólicas
2020-04-01,101.2825349657,COBIJA,Alimentos y bebidas no alcohólicas
2020-05-01,100.334910146,COBIJA,Alimentos y bebidas no alcohólicas
2020-06-01,101.1465700799,COBIJA,Alimentos y bebidas no alcohólicas
2020-07-01,100.3628602096,COBIJA,Alimentos y bebidas no alcohólicas
2020-08-01,99.2200133338,COBIJA,Alimentos y bebidas no alcohólicas
2020-09-01,98.3360294518,COBIJA,Alimentos y bebidas no alcohólicas
2020-10-01,98.4415700882,COBIJA,Alimentos y bebidas no alcohólicas
2020-11-01,97.956290001,COBIJA,Alimentos y bebidas no alcohólicas
2020-12-01,98.1808283552,COBIJA,Alimentos y bebidas no alcohólicas
2021-01-01,99.5280806551,COBIJA,Alimentos y bebidas no alcohólicas
2021-02-01,101.8056876324,COBIJA,Alimentos y bebidas no alcohólicas
2021-03-01,104.4979981153,COBIJA,Alimentos y bebidas no alcohólicas
2021-04-01,105.3614045352,COBIJA,Alimentos y bebidas no alcohólicas
2021-05-01,104.3218922461,COBIJA,Alimentos y bebidas no alcohólicas
2021-06-01,104.2039141106,COBIJA,Alimentos y bebidas no alcohólicas
2021-07-01,104.6546751,COBIJA,Alimentos y bebidas no alcohólicas
2021-08-01,103.9997005522,COBIJA,Alimentos y bebidas no alcohólicas
2021-09-01,105.0045507277,COBIJA,Alimentos y bebidas no alcohólicas
2021-10-01,107.5198538473,COBIJA,Alimentos y bebidas no alcohólicas
2021-11-01,108.3269884724,COBIJA,Alimentos y bebidas no alcohólicas
2021-12-01,107.6394139973,COBIJA,Alimentos y bebidas no alcohólicas
2022-01-01,106.7359176675,COBIJA,Alimentos y bebidas no alcohólicas
2022-02-01,106.8838000726,COBIJA,Alimentos y bebidas no alcohólicas
2022-03-01,107.6789180352,COBIJA,Alimentos y bebidas no alcohólicas
2022-04-01,108.6466043429,COBIJA,Alimentos y bebidas no alcohólicas
2022-05-01,108.6491060555,COBIJA,Alimentos y bebidas no alcohólicas
2022-06-01,108.6565605281,COBIJA,Alimentos y bebidas no alcohólicas
2022-07-01,108.7026476931,COBIJA,Alimentos y bebidas no alcohólicas
2022-08-01,108.6102996426,COBIJA,Alimentos y bebidas no alcohólicas
2022-09-01,108.8939504576,COBIJA,Alimentos y bebidas no alcohólicas
2022-10-01,109.7051691702,COBIJA,Alimentos y bebidas no alcohólicas
2022-11-01,109.9239612,COBIJA,Alimentos y bebidas no alcohólicas
2022-12-01,110.9287221951,COBIJA,Alimentos y bebidas no alcohólicas
2023-01-01,111.6147338694,COBIJA,Alimentos y bebidas no alcohólicas
2023-02-01,112.5416267362,COBIJA,Alimentos y bebidas no alcohólicas
2023-03-01,111.5165575834,COBIJA,Alimentos y bebidas no alcohólicas
2023-04-01,112.0399331759,COBIJA,Alimentos y bebidas no alcohólicas
2023-05-01,112.1355148878,COBIJA,Alimentos y bebidas no alcohólicas
2023-06-01,112.9224713041,COBIJA,Alimentos y bebidas no alcohólicas
2023-07-01,112.859424,COBIJA,Alimentos y bebidas no alcohólicas
2023-08-01,113.0243581364,COBIJA,Alimentos y bebidas no alcohólicas
2023-09-01,113.2889620869,COBIJA,Alimentos y bebidas no alcohólicas
2023-10-01,112.4587058253,COBIJA,Alimentos y bebidas no alcohólicas
2023-11-01,112.8874595,COBIJA,Alimentos y bebidas no alcohólicas
2023-12-01,112.8568025654,COBIJA,Alimentos y bebidas no alcohólicas
2024-01-01,112.3535797177,COBIJA,Alimentos y bebidas no alcohólicas
2024-02-01,112.6769328,COBIJA,Alimentos y bebidas no alcohólicas
2024-03-01,117.460262457,COBIJA,Alimentos y bebidas no alcohólicas
2024-04-01,119.6386143848,COBIJA,Alimentos y bebidas no alcohólicas
2024-05-01,120.530228633,COBIJA,Alimentos y bebidas no alcohólicas
2024-06-01,122.2333348231,COBIJA,Alimentos y bebidas no alcohólicas
2024-07-01,121.2630483252,COBIJA,Alimentos y bebidas no alcohólicas
2024-08-01,124.7783978715,COBIJA,Alimentos y bebidas no alcohólicas
2024-09-01,126.6896979724,COBIJA,Alimentos y bebidas no alcohólicas
2024-10-01,127.8147237223,COBIJA,Alimentos y bebidas no alcohólicas
2024-11-01,133.9072240724,COBIJA,Alimentos y bebidas no alcohólicas
2024-12-01,140.0520936242,COBIJA,Alimentos y bebidas no alcohólicas
2025-01-01,141.3841260309,COBIJA,Alimentos y bebidas no alcohólicas
2025-02-01,141.586781974,COBIJA,Alimentos y bebidas no alcohólicas
2025-03-01,145.9521901664,COBIJA,Alimentos y bebidas no alcohólicas
2025-04-01,148.2857820891,COBIJA,Alimentos y bebidas no alcohólicas
2025-05-01,161.9270965195,COBIJA,Alimentos y bebidas no alcohólicas
2025-06-01,178.415099066,COBIJA,Alimentos y bebidas no alcohólicas
2025-07-01,180.8641141957,COBIJA,Alimentos y bebidas no alcohólicas
2025-08-01,178.6054320506,COBIJA,Alimentos y bebidas no alcohólicas
2025-09-01,178.1199561152,COBIJA,Alimentos y bebidas no alcohólicas
2025-10-01,175.3066101106,COBIJA,Alimentos y bebidas no alcohólicas
2025-11-01,176.794757701,COBIJA,Alimentos y bebidas no alcohólicas
2025-12-01,174.9040390442,COBIJA,Alimentos y bebidas no alcohólicas
2026-01-01,175.130709518,COBIJA,Alimentos y bebidas no alcohólicas
2026-02-01,174.4388817394,COBIJA,Alimentos y bebidas no alcohólicas
2026-03-01,172.3308277057,COBIJA,Alimentos y bebidas no alcohólicas
2026-04-01,172.2395822027,COBIJA,Alimentos y bebidas no alcohólicas
2026-05-01,176.1430945349,COBIJA,Alimentos y bebidas no alcohólicas
2026-06-01,178.1132599969,COBIJA,Alimentos y bebidas no alcohólicas
2026-07-01,177.5176926207,COBIJA,Alimentos y bebidas no alcohólicas
2018-01-01,99.738531622,COBIJA,Bebidas alcohólicas y tabaco
2018-02-01,99.7298334612,COBIJA,Bebidas alcohólicas y tabaco
2018-03-01,99.7298334612,COBIJA,Bebidas alcohólicas y tabaco
2018-04-01,99.7298334612,COBIJA,Bebidas alcohólicas y tabaco
2018-05-01,99.7298334612,COBIJA,Bebidas alcohólicas y tabaco
2018-06-01,103.1730676258,COBIJA,Bebidas alcohólicas y tabaco
2018-07-01,104.0801406593,COBIJA,Bebidas alcohólicas y tabaco
2018-08-01,103.1730675885,COBIJA,Bebidas alcohólicas y tabaco
2018-09-01,101.4131283984,COBIJA,Bebidas alcohólicas y tabaco
2018-10-01,105.0057765579,COBIJA,Bebidas alcohólicas y tabaco
2018-11-01,101.4131283984,COBIJA,Bebidas alcohólicas y tabaco
2018-12-01,104.0801406593,COBIJA,Bebidas alcohólicas y tabaco
2019-01-01,105.0057765579,COBIJA,Bebidas alcohólicas y tabaco
2019-02-01,102.2841851096,COBIJA,Bebidas alcohólicas y tabaco
2019-03-01,104.0801406593,COBIJA,Bebidas alcohólicas y tabaco
2019-04-01,102.2841851096,COBIJA,Bebidas alcohólicas y tabaco
2019-05-01,103.569028499,COBIJA,Bebidas alcohólicas y tabaco
2019-06-01,102.1261972808,COBIJA,Bebidas alcohólicas y tabaco
2019-07-01,105.0057765579,COBIJA,Bebidas alcohólicas y tabaco
2019-08-01,104.0801406593,COBIJA,Bebidas alcohólicas y tabaco
2019-09-01,105.1228050786,COBIJA,Bebidas alcohólicas y tabaco
2019-10-01,105.0057765579,COBIJA,Bebidas alcohólicas y tabaco
2019-11-01,106.9142641469,COBIJA,Bebidas alcohólicas y tabaco
2019-12-01,105.8312337476,COBIJA,Bebidas alcohólicas y tabaco
2020-01-01,105.9652665763,COBIJA,Bebidas alcohólicas y tabaco
2020-02-01,108.8937426108,COBIJA,Bebidas alcohólicas y tabaco
2020-03-01,107.7748201046,COBIJA,Bebidas alcohólicas y tabaco
2020-04-01,116.1446600547,COBIJA,Bebidas alcohólicas y tabaco
2020-05-01,114.3633175852,COBIJA,Bebidas alcohólicas y tabaco
2020-06-01,111.6674430199,COBIJA,Bebidas alcohólicas y tabaco
2020-07-01,111.4653080013,COBIJA,Bebidas alcohólicas y tabaco
2020-08-01,112.2835284871,COBIJA,Bebidas alcohólicas y tabaco
2020-09-01,110.2634576623,COBIJA,Bebidas alcohólicas y tabaco
2020-10-01,110.511729699,COBIJA,Bebidas alcohólicas y tabaco
2020-11-01,113.5532314681,COBIJA,Bebidas alcohólicas y tabaco
2020-12-01,114.8437927828,COBIJA,Bebidas alcohólicas y tabaco
2021-01-01,116.3811256061,COBIJA,Bebidas alcohólicas y tabaco
2021-02-01,116.0342953578,COBIJA,Bebidas alcohólicas y tabaco
2021-03-01,112.7608758435,COBIJA,Bebidas alcohólicas y tabaco
2021-04-01,113.2066313998,COBIJA,Bebidas alcohólicas y tabaco
2021-05-01,114.1456812821,COBIJA,Bebidas alcohólicas y tabaco
2021-06-01,112.2835284499,COBIJA,Bebidas alcohólicas y tabaco
2021-07-01,107.897899,COBIJA,Bebidas alcohólicas y tabaco
2021-08-01,107.8978990453,COBIJA,Bebidas alcohólicas y tabaco
2021-09-01,108.8521801044,COBIJA,Bebidas alcohólicas y tabaco
2021-10-01,114.1456812448,COBIJA,Bebidas alcohólicas y tabaco
2021-11-01,113.2066313998,COBIJA,Bebidas alcohólicas y tabaco
2021-12-01,115.5338316686,COBIJA,Bebidas alcohólicas y tabaco
2022-01-01,113.2066313998,COBIJA,Bebidas alcohólicas y tabaco
2022-02-01,114.1456812821,COBIJA,Bebidas alcohólicas y tabaco
2022-03-01,113.2066313998,COBIJA,Bebidas alcohólicas y tabaco
2022-04-01,115.1009535679,COBIJA,Bebidas alcohólicas y tabaco
2022-05-01,115.1009535679,COBIJA,Bebidas alcohólicas y tabaco
2022-06-01,116.0727285703,COBIJA,Bebidas alcohólicas y tabaco
2022-07-01,112.2835284499,COBIJA,Bebidas alcohólicas y tabaco
2022-08-01,113.6922251235,COBIJA,Bebidas alcohólicas y tabaco
2022-09-01,110.0606552706,COBIJA,Bebidas alcohólicas y tabaco
2022-10-01,114.6396638017,COBIJA,Bebidas alcohólicas y tabaco
2022-11-01,115.1380593,COBIJA,Bebidas alcohólicas y tabaco
2022-12-01,116.0727285703,COBIJA,Bebidas alcohólicas y tabaco
2023-01-01,115.1380592599,COBIJA,Bebidas alcohólicas y tabaco
2023-02-01,115.6034698447,COBIJA,Bebidas alcohólicas y tabaco
2023-03-01,115.6034698447,COBIJA,Bebidas alcohólicas y tabaco
2023-04-01,116.1316580859,COBIJA,Bebidas alcohólicas y tabaco
2023-05-01,110.4840848161,COBIJA,Bebidas alcohólicas y tabaco
2023-06-01,113.2066313998,COBIJA,Bebidas alcohólicas y tabaco
2023-07-01,115.6034698,COBIJA,Bebidas alcohólicas y tabaco
2023-08-01,115.6034698447,COBIJA,Bebidas alcohólicas y tabaco
2023-09-01,114.6396638017,COBIJA,Bebidas alcohólicas y tabaco
2023-10-01,113.574932231,COBIJA,Bebidas alcohólicas y tabaco
2023-11-01,111.9651989,COBIJA,Bebidas alcohólicas y tabaco
2023-12-01,109.3134558289,COBIJA,Bebidas alcohólicas y tabaco
2024-01-01,109.6375446995,COBIJA,Bebidas alcohólicas y tabaco
2024-02-01,109.6375447,COBIJA,Bebidas alcohólicas y tabaco
2024-03-01,111.4074871117,COBIJA,Bebidas alcohólicas y tabaco
2024-04-01,112.4300495883,COBIJA,Bebidas alcohólicas y tabaco
2024-05-01,112.3154560968,COBIJA,Bebidas alcohólicas y tabaco
2024-06-01,113.3754532962,COBIJA,Bebidas alcohólicas y tabaco
2024-07-01,115.0816477203,COBIJA,Bebidas alcohólicas y tabaco
2024-08-01,117.604801035,COBIJA,Bebidas alcohólicas y tabaco
2024-09-01,118.6969848897,COBIJA,Bebidas alcohólicas y tabaco
2024-10-01,119.166524003,COBIJA,Bebidas alcohólicas y tabaco
2024-11-01,119.166524003,COBIJA,Bebidas alcohólicas y tabaco
2024-12-01,124.6236440027,COBIJA,Bebidas alcohólicas y tabaco
2025-01-01,126.2630545575,COBIJA,Bebidas alcohólicas y tabaco
2025-02-01,126.3825173997,COBIJA,Bebidas alcohólicas y tabaco
2025-03-01,126.3825173997,COBIJA,Bebidas alcohólicas y tabaco
2025-04-01,124.0502295562,COBIJA,Bebidas alcohólicas y tabaco
2025-05-01,125.4773371687,COBIJA,Bebidas alcohólicas y tabaco
2025-06-01,128.6589417779,COBIJA,Bebidas alcohólicas y tabaco
2025-07-01,128.7110277207,COBIJA,Bebidas alcohólicas y tabaco
2025-08-01,129.3115158461,COBIJA,Bebidas alcohólicas y tabaco
2025-09-01,127.9377283213,COBIJA,Bebidas alcohólicas y tabaco
2025-10-01,130.0061061882,COBIJA,Bebidas alcohólicas y tabaco
2025-11-01,136.1920858305,COBIJA,Bebidas alcohólicas y tabaco
2025-12-01,137.4929863631,COBIJA,Bebidas alcohólicas y tabaco
2026-01-01,137.5486632634,COBIJA,Bebidas alcohólicas y tabaco
2026-02-01,144.8207925797,COBIJA,Bebidas alcohólicas y tabaco
2026-03-01,143.459617133,COBIJA,Bebidas alcohólicas y tabaco
2026-04-01,143.459617133,COBIJA,Bebidas alcohólicas y tabaco
2026-05-01,149.2174057807,COBIJA,Bebidas alcohólicas y tabaco
2026-06-01,150.6456621331,COBIJA,Bebidas alcohólicas y tabaco
2026-07-01,152.097958183,COBIJA,Bebidas alcohólicas y tabaco
2018-01-01,103.2773167449,COBIJA,Bienes y servicios diversos
2018-02-01,103.2255975666,COBIJA,Bienes y servicios diversos
2018-03-01,102.8242371517,COBIJA,Bienes y servicios diversos
2018-04-01,102.0270395672,COBIJA,Bienes y servicios diversos
2018-05-01,102.5608109029,COBIJA,Bienes y servicios diversos
2018-06-01,103.9242708591,COBIJA,Bienes y servicios diversos
2018-07-01,105.0770384958,COBIJA,Bienes y servicios diversos
2018-08-01,104.3356492203,COBIJA,Bienes y servicios diversos
2018-09-01,102.7588801885,COBIJA,Bienes y servicios diversos
2018-10-01,101.5343432248,COBIJA,Bienes y servicios diversos
2018-11-01,103.4415169172,COBIJA,Bienes y servicios diversos
2018-12-01,105.3008522448,COBIJA,Bienes y servicios diversos
2019-01-01,103.9769780552,COBIJA,Bienes y servicios diversos
2019-02-01,105.3519354794,COBIJA,Bienes y servicios diversos
2019-03-01,106.660272089,COBIJA,Bienes y servicios diversos
2019-04-01,107.3781311401,COBIJA,Bienes y servicios diversos
2019-05-01,107.6004925631,COBIJA,Bienes y servicios diversos
2019-06-01,107.1090217201,COBIJA,Bienes y servicios diversos
2019-07-01,109.2570796893,COBIJA,Bienes y servicios diversos
2019-08-01,108.961791174,COBIJA,Bienes y servicios diversos
2019-09-01,108.74122569,COBIJA,Bienes y servicios diversos
2019-10-01,107.9930054074,COBIJA,Bienes y servicios diversos
2019-11-01,108.6741360938,COBIJA,Bienes y servicios diversos
2019-12-01,109.3121044568,COBIJA,Bienes y servicios diversos
2020-01-01,109.1970733641,COBIJA,Bienes y servicios diversos
2020-02-01,108.4825559541,COBIJA,Bienes y servicios diversos
2020-03-01,109.8858835173,COBIJA,Bienes y servicios diversos
2020-04-01,111.4531427823,COBIJA,Bienes y servicios diversos
2020-05-01,114.00642194,COBIJA,Bienes y servicios diversos
2020-06-01,113.3284894192,COBIJA,Bienes y servicios diversos
2020-07-01,111.9130421291,COBIJA,Bienes y servicios diversos
2020-08-01,110.5239542343,COBIJA,Bienes y servicios diversos
2020-09-01,110.0388774143,COBIJA,Bienes y servicios diversos
2020-10-01,109.3291238833,COBIJA,Bienes y servicios diversos
2020-11-01,109.415945876,COBIJA,Bienes y servicios diversos
2020-12-01,108.5635146559,COBIJA,Bienes y servicios diversos
2021-01-01,108.9182169836,COBIJA,Bienes y servicios diversos
2021-02-01,108.6427774246,COBIJA,Bienes y servicios diversos
2021-03-01,108.8322520981,COBIJA,Bienes y servicios diversos
2021-04-01,107.6367060562,COBIJA,Bienes y servicios diversos
2021-05-01,106.7202592556,COBIJA,Bienes y servicios diversos
2021-06-01,107.4329698629,COBIJA,Bienes y servicios diversos
2021-07-01,108.0372315,COBIJA,Bienes y servicios diversos
2021-08-01,108.199957765,COBIJA,Bienes y servicios diversos
2021-09-01,108.3310169152,COBIJA,Bienes y servicios diversos
2021-10-01,108.721684164,COBIJA,Bienes y servicios diversos
2021-11-01,107.9209549231,COBIJA,Bienes y servicios diversos
2021-12-01,106.7035795287,COBIJA,Bienes y servicios diversos
2022-01-01,107.2265946515,COBIJA,Bienes y servicios diversos
2022-02-01,107.1559934944,COBIJA,Bienes y servicios diversos
2022-03-01,107.8423805484,COBIJA,Bienes y servicios diversos
2022-04-01,108.101633157,COBIJA,Bienes y servicios diversos
2022-05-01,107.8775252191,COBIJA,Bienes y servicios diversos
2022-06-01,107.1342057687,COBIJA,Bienes y servicios diversos
2022-07-01,106.5999272396,COBIJA,Bienes y servicios diversos
2022-08-01,106.312716617,COBIJA,Bienes y servicios diversos
2022-09-01,107.3595202922,COBIJA,Bienes y servicios diversos
2022-10-01,106.9141662143,COBIJA,Bienes y servicios diversos
2022-11-01,107.3630694,COBIJA,Bienes y servicios diversos
2022-12-01,106.6008175802,COBIJA,Bienes y servicios diversos
2023-01-01,107.2070569821,COBIJA,Bienes y servicios diversos
2023-02-01,107.6359322728,COBIJA,Bienes y servicios diversos
2023-03-01,106.9119611594,COBIJA,Bienes y servicios diversos
2023-04-01,106.5201445117,COBIJA,Bienes y servicios diversos
2023-05-01,106.4149775445,COBIJA,Bienes y servicios diversos
2023-06-01,106.9397500235,COBIJA,Bienes y servicios diversos
2023-07-01,106.5560802,COBIJA,Bienes y servicios diversos
2023-08-01,106.4207334882,COBIJA,Bienes y servicios diversos
2023-09-01,105.2049198922,COBIJA,Bienes y servicios diversos
2023-10-01,105.1653038053,COBIJA,Bienes y servicios diversos
2023-11-01,105.2049227,COBIJA,Bienes y servicios diversos
2023-12-01,104.6189866351,COBIJA,Bienes y servicios diversos
2024-01-01,105.5329660426,COBIJA,Bienes y servicios diversos
2024-02-01,106.2227308,COBIJA,Bienes y servicios diversos
2024-03-01,106.5940632658,COBIJA,Bienes y servicios diversos
2024-04-01,107.1780802827,COBIJA,Bienes y servicios diversos
2024-05-01,107.0982751176,COBIJA,Bienes y servicios diversos
2024-06-01,107.7697721829,COBIJA,Bienes y servicios diversos
2024-07-01,108.0729543903,COBIJA,Bienes y servicios diversos
2024-08-01,111.2032002435,COBIJA,Bienes y servicios diversos
2024-09-01,112.6663555464,COBIJA,Bienes y servicios diversos
2024-10-01,113.6966774084,COBIJA,Bienes y servicios diversos
2024-11-01,114.7644657618,COBIJA,Bienes y servicios diversos
2024-12-01,115.6764261241,COBIJA,Bienes y servicios diversos
2025-01-01,117.4644382111,COBIJA,Bienes y servicios diversos
2025-02-01,120.215119906,COBIJA,Bienes y servicios diversos
2025-03-01,123.2673709682,COBIJA,Bienes y servicios diversos
2025-04-01,124.6716889232,COBIJA,Bienes y servicios diversos
2025-05-01,131.836332937,COBIJA,Bienes y servicios diversos
2025-06-01,140.5558519334,COBIJA,Bienes y servicios diversos
2025-07-01,151.9027757942,COBIJA,Bienes y servicios diversos
2025-08-01,154.1945974635,COBIJA,Bienes y servicios diversos
2025-09-01,161.7676591531,COBIJA,Bienes y servicios diversos
2025-10-01,160.549602824,COBIJA,Bienes y servicios diversos
2025-11-01,159.0485650224,COBIJA,Bienes y servicios diversos
2025-12-01,156.3922907228,COBIJA,Bienes y servicios diversos
2026-01-01,155.6476043839,COBIJA,Bienes y servicios diversos
2026-02-01,157.1923460359,COBIJA,Bienes y servicios diversos
2026-03-01,156.9644398646,COBIJA,Bienes y servicios diversos
2026-04-01,156.8912324212,COBIJA,Bienes y servicios diversos
2026-05-01,155.172144635,COBIJA,Bienes y servicios diversos
2026-06-01,157.2394497808,COBIJA,Bienes y servicios diversos
2026-07-01,159.4014052461,COBIJA,Bienes y servicios diversos
2018-01-01,99.1215902629,COBIJA,Comunicaciones
2018-02-01,99.5572958178,COBIJA,Comunicaciones
2018-03-01,99.9937853823,COBIJA,Comunicaciones
2018-04-01,99.9937853803,COBIJA,Comunicaciones
2018-05-01,101.3181629819,COBIJA,Comunicaciones
2018-06-01,101.9708504145,COBIJA,Comunicaciones
2018-07-01,101.0750767967,COBIJA,Comunicaciones
2018-08-01,100.8693218317,COBIJA,Comunicaciones
2018-09-01,101.5488874868,COBIJA,Comunicaciones
2018-10-01,101.6011796309,COBIJA,Comunicaciones
2018-11-01,101.7961537651,COBIJA,Comunicaciones
2018-12-01,101.683492972,COBIJA,Comunicaciones
2019-01-01,102.733640435,COBIJA,Comunicaciones
2019-02-01,102.880222835,COBIJA,Comunicaciones
2019-03-01,102.8892906544,COBIJA,Comunicaciones
2019-04-01,103.0451248332,COBIJA,Comunicaciones
2019-05-01,102.9080740541,COBIJA,Comunicaciones
2019-06-01,102.654934002,COBIJA,Comunicaciones
2019-07-01,102.985400186,COBIJA,Comunicaciones
2019-08-01,102.7977307459,COBIJA,Comunicaciones
2019-09-01,102.453919974,COBIJA,Comunicaciones
2019-10-01,102.4732589505,COBIJA,Comunicaciones
2019-11-01,101.9927201638,COBIJA,Comunicaciones
2019-12-01,102.5776901718,COBIJA,Comunicaciones
2020-01-01,102.5210065406,COBIJA,Comunicaciones
2020-02-01,102.3379517595,COBIJA,Comunicaciones
2020-03-01,102.957912289,COBIJA,Comunicaciones
2020-04-01,102.9579122911,COBIJA,Comunicaciones
2020-05-01,102.9579122911,COBIJA,Comunicaciones
2020-06-01,102.9579122911,COBIJA,Comunicaciones
2020-07-01,102.9579122911,COBIJA,Comunicaciones
2020-08-01,103.5206663017,COBIJA,Comunicaciones
2020-09-01,103.6979996044,COBIJA,Comunicaciones
2020-10-01,102.9255992406,COBIJA,Comunicaciones
2020-11-01,102.8178377928,COBIJA,Comunicaciones
2020-12-01,102.3420949218,COBIJA,Comunicaciones
2021-01-01,101.8206182091,COBIJA,Comunicaciones
2021-02-01,101.5554045341,COBIJA,Comunicaciones
2021-03-01,102.4736194606,COBIJA,Comunicaciones
2021-04-01,102.1140703548,COBIJA,Comunicaciones
2021-05-01,102.2521566743,COBIJA,Comunicaciones
2021-06-01,101.899928045,COBIJA,Comunicaciones
2021-07-01,102.4555386,COBIJA,Comunicaciones
2021-08-01,102.4459104939,COBIJA,Comunicaciones
2021-09-01,102.4221498394,COBIJA,Comunicaciones
2021-10-01,102.9090807013,COBIJA,Comunicaciones
2021-11-01,102.3181499924,COBIJA,Comunicaciones
2021-12-01,102.184567401,COBIJA,Comunicaciones
2022-01-01,103.2017265273,COBIJA,Comunicaciones
2022-02-01,102.9943100016,COBIJA,Comunicaciones
2022-03-01,102.7543732938,COBIJA,Comunicaciones
2022-04-01,102.5717656838,COBIJA,Comunicaciones
2022-05-01,102.3838585891,COBIJA,Comunicaciones
2022-06-01,102.0919971234,COBIJA,Comunicaciones
2022-07-01,102.1437991909,COBIJA,Comunicaciones
2022-08-01,102.1437991909,COBIJA,Comunicaciones
2022-09-01,102.0419594562,COBIJA,Comunicaciones
2022-10-01,102.1778490254,COBIJA,Comunicaciones
2022-11-01,101.5624246,COBIJA,Comunicaciones
2022-12-01,101.0896417528,COBIJA,Comunicaciones
2023-01-01,101.3091117846,COBIJA,Comunicaciones
2023-02-01,101.0757457926,COBIJA,Comunicaciones
2023-03-01,101.0054936445,COBIJA,Comunicaciones
2023-04-01,100.2668117047,COBIJA,Comunicaciones
2023-05-01,100.1527422413,COBIJA,Comunicaciones
2023-06-01,100.4138891575,COBIJA,Comunicaciones
2023-07-01,101.0359556,COBIJA,Comunicaciones
2023-08-01,101.2138679208,COBIJA,Comunicaciones
2023-09-01,101.2668621977,COBIJA,Comunicaciones
2023-10-01,101.1810744756,COBIJA,Comunicaciones
2023-11-01,100.9151237,COBIJA,Comunicaciones
2023-12-01,100.959761251,COBIJA,Comunicaciones
2024-01-01,101.1227690286,COBIJA,Comunicaciones
2024-02-01,101.1680773,COBIJA,Comunicaciones
2024-03-01,100.6733887523,COBIJA,Comunicaciones
2024-04-01,101.3495027944,COBIJA,Comunicaciones
2024-05-01,100.6801237685,COBIJA,Comunicaciones
2024-06-01,101.3959120873,COBIJA,Comunicaciones
2024-07-01,101.6123091257,COBIJA,Comunicaciones
2024-08-01,101.7755769833,COBIJA,Comunicaciones
2024-09-01,101.5118389209,COBIJA,Comunicaciones
2024-10-01,102.2925127234,COBIJA,Comunicaciones
2024-11-01,102.3905897742,COBIJA,Comunicaciones
2024-12-01,102.9531799693,COBIJA,Comunicaciones
2025-01-01,102.8379294802,COBIJA,Comunicaciones
2025-02-01,103.147728085,COBIJA,Comunicaciones
2025-03-01,102.7038289133,COBIJA,Comunicaciones
2025-04-01,102.7350816687,COBIJA,Comunicaciones
2025-05-01,102.7350816687,COBIJA,Comunicaciones
2025-06-01,103.0089753092,COBIJA,Comunicaciones
2025-07-01,102.8005819702,COBIJA,Comunicaciones
2025-08-01,104.5562313633,COBIJA,Comunicaciones
2025-09-01,103.4926820212,COBIJA,Comunicaciones
2025-10-01,102.7908978806,COBIJA,Comunicaciones
2025-11-01,101.7900141987,COBIJA,Comunicaciones
2025-12-01,100.666527753,COBIJA,Comunicaciones
2026-01-01,99.7132871834,COBIJA,Comunicaciones
2026-02-01,99.0943491269,COBIJA,Comunicaciones
2026-03-01,97.9316975151,COBIJA,Comunicaciones
2026-04-01,97.9316975172,COBIJA,Comunicaciones
2026-05-01,98.3267910111,COBIJA,Comunicaciones
2026-06-01,98.4028085892,COBIJA,Comunicaciones
2026-07-01,98.8180813889,COBIJA,Comunicaciones
2018-01-01,106.3545878831,COBIJA,Educación
2018-02-01,106.2953887565,COBIJA,Educación
2018-03-01,106.9198215992,COBIJA,Educación
2018-04-01,108.1223757912,COBIJA,Educación
2018-05-01,108.5163886198,COBIJA,Educación
2018-06-01,108.4480914007,COBIJA,Educación
2018-07-01,108.6294128193,COBIJA,Educación
2018-08-01,108.5804187435,COBIJA,Educación
2018-09-01,108.5394531077,COBIJA,Educación
2018-10-01,108.5394531077,COBIJA,Educación
2018-11-01,108.5220321241,COBIJA,Educación
2018-12-01,108.6864648111,COBIJA,Educación
2019-01-01,111.0008539322,COBIJA,Educación
2019-02-01,111.0008539322,COBIJA,Educación
2019-03-01,111.0008539322,COBIJA,Educación
2019-04-01,111.0008539322,COBIJA,Educación
2019-05-01,111.0008539322,COBIJA,Educación
2019-06-01,111.0008539322,COBIJA,Educación
2019-07-01,111.0008539322,COBIJA,Educación
2019-08-01,111.0008539322,COBIJA,Educación
2019-09-01,111.0008539322,COBIJA,Educación
2019-10-01,111.0008539322,COBIJA,Educación
2019-11-01,111.0008539322,COBIJA,Educación
2019-12-01,111.0008539322,COBIJA,Educación
2020-01-01,112.2929400537,COBIJA,Educación
2020-02-01,112.2929400537,COBIJA,Educación
2020-03-01,112.2929400537,COBIJA,Educación
2020-04-01,112.2929400537,COBIJA,Educación
2020-05-01,112.2929400537,COBIJA,Educación
2020-06-01,112.2929400537,COBIJA,Educación
2020-07-01,112.2929400537,COBIJA,Educación
2020-08-01,112.2929400537,COBIJA,Educación
2020-09-01,112.2929400537,COBIJA,Educación
2020-10-01,112.2929400537,COBIJA,Educación
2020-11-01,112.2929400537,COBIJA,Educación
2020-12-01,112.2929400537,COBIJA,Educación
2021-01-01,114.4045573948,COBIJA,Educación
2021-02-01,120.980446191,COBIJA,Educación
2021-03-01,120.1112945258,COBIJA,Educación
2021-04-01,120.6951912725,COBIJA,Educación
2021-05-01,120.9546582746,COBIJA,Educación
2021-06-01,120.9546582746,COBIJA,Educación
2021-07-01,120.9546583,COBIJA,Educación
2021-08-01,120.9546582746,COBIJA,Educación
2021-09-01,120.9546582746,COBIJA,Educación
2021-10-01,121.1219272628,COBIJA,Educación
2021-11-01,121.1219272628,COBIJA,Educación
2021-12-01,121.1219272628,COBIJA,Educación
2022-01-01,135.8263049414,COBIJA,Educación
2022-02-01,131.5242588975,COBIJA,Educación
2022-03-01,129.338145492,COBIJA,Educación
2022-04-01,129.338145492,COBIJA,Educación
2022-05-01,129.338145492,COBIJA,Educación
2022-06-01,129.338145492,COBIJA,Educación
2022-07-01,129.338145492,COBIJA,Educación
2022-08-01,128.9709737635,COBIJA,Educación
2022-09-01,128.9709737635,COBIJA,Educación
2022-10-01,128.9709737635,COBIJA,Educación
2022-11-01,128.9709738,COBIJA,Educación
2022-12-01,128.9709737635,COBIJA,Educación
2023-01-01,128.9766962757,COBIJA,Educación
2023-02-01,128.9766962757,COBIJA,Educación
2023-03-01,128.9766962757,COBIJA,Educación
2023-04-01,128.9766962757,COBIJA,Educación
2023-05-01,128.9766962757,COBIJA,Educación
2023-06-01,128.9766962757,COBIJA,Educación
2023-07-01,128.9766963,COBIJA,Educación
2023-08-01,128.9766962757,COBIJA,Educación
2023-09-01,128.9766962757,COBIJA,Educación
2023-10-01,128.9766962757,COBIJA,Educación
2023-11-01,128.9766963,COBIJA,Educación
2023-12-01,128.9766962757,COBIJA,Educación
2024-01-01,128.6109644176,COBIJA,Educación
2024-02-01,128.6109644,COBIJA,Educación
2024-03-01,126.5995368188,COBIJA,Educación
2024-04-01,124.5530452811,COBIJA,Educación
2024-05-01,122.7480974269,COBIJA,Educación
2024-06-01,122.5637539188,COBIJA,Educación
2024-07-01,122.6265264074,COBIJA,Educación
2024-08-01,122.6265264074,COBIJA,Educación
2024-09-01,122.6265264074,COBIJA,Educación
2024-10-01,122.6265264074,COBIJA,Educación
2024-11-01,122.6265264074,COBIJA,Educación
2024-12-01,122.6265264074,COBIJA,Educación
2025-01-01,124.9039411585,COBIJA,Educación
2025-02-01,126.4690276382,COBIJA,Educación
2025-03-01,126.4690276382,COBIJA,Educación
2025-04-01,126.4690276382,COBIJA,Educación
2025-05-01,126.4690276382,COBIJA,Educación
2025-06-01,126.4690276382,COBIJA,Educación
2025-07-01,126.4690276382,COBIJA,Educación
2025-08-01,126.5239854263,COBIJA,Educación
2025-09-01,126.5239854263,COBIJA,Educación
2025-10-01,126.5239854263,COBIJA,Educación
2025-11-01,126.5239854263,COBIJA,Educación
2025-12-01,126.5239854263,COBIJA,Educación
2026-01-01,126.5239854263,COBIJA,Educación
2026-02-01,126.5239854263,COBIJA,Educación
2026-03-01,126.5239854263,COBIJA,Educación
2026-04-01,126.5239854263,COBIJA,Educación
2026-05-01,126.5239854263,COBIJA,Educación
2026-06-01,126.5239854263,COBIJA,Educación
2026-07-01,126.5239854263,COBIJA,Educación
2018-01-01,95.7337026997,COBIJA,"Muebles, bienes y servicios domésticos"
2018-02-01,94.707889661,COBIJA,"Muebles, bienes y servicios domésticos"
2018-03-01,96.2983309595,COBIJA,"Muebles, bienes y servicios domésticos"
2018-04-01,98.0638859865,COBIJA,"Muebles, bienes y servicios domésticos"
2018-05-01,100.9895153467,COBIJA,"Muebles, bienes y servicios domésticos"
2018-06-01,104.172032781,COBIJA,"Muebles, bienes y servicios domésticos"
2018-07-01,105.9368324439,COBIJA,"Muebles, bienes y servicios domésticos"
2018-08-01,108.9430941108,COBIJA,"Muebles, bienes y servicios domésticos"
2018-09-01,108.8149803049,COBIJA,"Muebles, bienes y servicios domésticos"
2018-10-01,107.6147598388,COBIJA,"Muebles, bienes y servicios domésticos"
2018-11-01,107.6394537569,COBIJA,"Muebles, bienes y servicios domésticos"
2018-12-01,108.7945073443,COBIJA,"Muebles, bienes y servicios domésticos"
2019-01-01,108.9948291843,COBIJA,"Muebles, bienes y servicios domésticos"
2019-02-01,108.6018101265,COBIJA,"Muebles, bienes y servicios domésticos"
2019-03-01,109.4108537744,COBIJA,"Muebles, bienes y servicios domésticos"
2019-04-01,109.3363908583,COBIJA,"Muebles, bienes y servicios domésticos"
2019-05-01,109.679440461,COBIJA,"Muebles, bienes y servicios domésticos"
2019-06-01,109.1660136198,COBIJA,"Muebles, bienes y servicios domésticos"
2019-07-01,109.2746228034,COBIJA,"Muebles, bienes y servicios domésticos"
2019-08-01,109.0344627244,COBIJA,"Muebles, bienes y servicios domésticos"
2019-09-01,108.9163591925,COBIJA,"Muebles, bienes y servicios domésticos"
2019-10-01,108.7461625311,COBIJA,"Muebles, bienes y servicios domésticos"
2019-11-01,108.4185918383,COBIJA,"Muebles, bienes y servicios domésticos"
2019-12-01,108.8944566935,COBIJA,"Muebles, bienes y servicios domésticos"
2020-01-01,107.9863331886,COBIJA,"Muebles, bienes y servicios domésticos"
2020-02-01,109.2334183985,COBIJA,"Muebles, bienes y servicios domésticos"
2020-03-01,109.5448161194,COBIJA,"Muebles, bienes y servicios domésticos"
2020-04-01,110.1460351318,COBIJA,"Muebles, bienes y servicios domésticos"
2020-05-01,110.3527543367,COBIJA,"Muebles, bienes y servicios domésticos"
2020-06-01,109.8481694643,COBIJA,"Muebles, bienes y servicios domésticos"
2020-07-01,110.900474798,COBIJA,"Muebles, bienes y servicios domésticos"
2020-08-01,110.5774879758,COBIJA,"Muebles, bienes y servicios domésticos"
2020-09-01,111.5255095779,COBIJA,"Muebles, bienes y servicios domésticos"
2020-10-01,111.0894347577,COBIJA,"Muebles, bienes y servicios domésticos"
2020-11-01,111.9023516147,COBIJA,"Muebles, bienes y servicios domésticos"
2020-12-01,111.6723584131,COBIJA,"Muebles, bienes y servicios domésticos"
2021-01-01,110.903703155,COBIJA,"Muebles, bienes y servicios domésticos"
2021-02-01,111.0547302287,COBIJA,"Muebles, bienes y servicios domésticos"
2021-03-01,111.1984515429,COBIJA,"Muebles, bienes y servicios domésticos"
2021-04-01,110.5966615882,COBIJA,"Muebles, bienes y servicios domésticos"
2021-05-01,110.4216839589,COBIJA,"Muebles, bienes y servicios domésticos"
2021-06-01,110.5742164071,COBIJA,"Muebles, bienes y servicios domésticos"
2021-07-01,110.6142798,COBIJA,"Muebles, bienes y servicios domésticos"
2021-08-01,110.7453095253,COBIJA,"Muebles, bienes y servicios domésticos"
2021-09-01,110.5791713718,COBIJA,"Muebles, bienes y servicios domésticos"
2021-10-01,111.4893945799,COBIJA,"Muebles, bienes y servicios domésticos"
2021-11-01,110.6910826193,COBIJA,"Muebles, bienes y servicios domésticos"
2021-12-01,111.1759185255,COBIJA,"Muebles, bienes y servicios domésticos"
2022-01-01,111.1456529588,COBIJA,"Muebles, bienes y servicios domésticos"
2022-02-01,110.9433823334,COBIJA,"Muebles, bienes y servicios domésticos"
2022-03-01,111.3149153003,COBIJA,"Muebles, bienes y servicios domésticos"
2022-04-01,112.6042328373,COBIJA,"Muebles, bienes y servicios domésticos"
2022-05-01,112.2639233695,COBIJA,"Muebles, bienes y servicios domésticos"
2022-06-01,112.2362469548,COBIJA,"Muebles, bienes y servicios domésticos"
2022-07-01,112.4649714287,COBIJA,"Muebles, bienes y servicios domésticos"
2022-08-01,111.7983091891,COBIJA,"Muebles, bienes y servicios domésticos"
2022-09-01,112.1273816133,COBIJA,"Muebles, bienes y servicios domésticos"
2022-10-01,111.4300497273,COBIJA,"Muebles, bienes y servicios domésticos"
2022-11-01,111.2839361,COBIJA,"Muebles, bienes y servicios domésticos"
2022-12-01,111.5726391367,COBIJA,"Muebles, bienes y servicios domésticos"
2023-01-01,112.5107610904,COBIJA,"Muebles, bienes y servicios domésticos"
2023-02-01,113.8089282729,COBIJA,"Muebles, bienes y servicios domésticos"
2023-03-01,113.4794940871,COBIJA,"Muebles, bienes y servicios domésticos"
2023-04-01,113.3829045105,COBIJA,"Muebles, bienes y servicios domésticos"
2023-05-01,112.2424663314,COBIJA,"Muebles, bienes y servicios domésticos"
2023-06-01,112.5503705407,COBIJA,"Muebles, bienes y servicios domésticos"
2023-07-01,112.5555362,COBIJA,"Muebles, bienes y servicios domésticos"
2023-08-01,112.3476333681,COBIJA,"Muebles, bienes y servicios domésticos"
2023-09-01,112.5301301421,COBIJA,"Muebles, bienes y servicios domésticos"
2023-10-01,111.829034761,COBIJA,"Muebles, bienes y servicios domésticos"
2023-11-01,112.1742633,COBIJA,"Muebles, bienes y servicios domésticos"
2023-12-01,112.0029077857,COBIJA,"Muebles, bienes y servicios domésticos"
2024-01-01,112.4975566375,COBIJA,"Muebles, bienes y servicios domésticos"
2024-02-01,112.6125263,COBIJA,"Muebles, bienes y servicios domésticos"
2024-03-01,113.3771109242,COBIJA,"Muebles, bienes y servicios domésticos"
2024-04-01,113.508973548,COBIJA,"Muebles, bienes y servicios domésticos"
2024-05-01,113.8041034628,COBIJA,"Muebles, bienes y servicios domésticos"
2024-06-01,115.2954688347,COBIJA,"Muebles, bienes y servicios domésticos"
2024-07-01,116.7921566401,COBIJA,"Muebles, bienes y servicios domésticos"
2024-08-01,120.8830773062,COBIJA,"Muebles, bienes y servicios domésticos"
2024-09-01,124.8563125168,COBIJA,"Muebles, bienes y servicios domésticos"
2024-10-01,126.189233414,COBIJA,"Muebles, bienes y servicios domésticos"
2024-11-01,129.2470401786,COBIJA,"Muebles, bienes y servicios domésticos"
2024-12-01,133.5740488454,COBIJA,"Muebles, bienes y servicios domésticos"
2025-01-01,134.8216994856,COBIJA,"Muebles, bienes y servicios domésticos"
2025-02-01,135.8315106949,COBIJA,"Muebles, bienes y servicios domésticos"
2025-03-01,136.7817682092,COBIJA,"Muebles, bienes y servicios domésticos"
2025-04-01,140.615652689,COBIJA,"Muebles, bienes y servicios domésticos"
2025-05-01,145.1908288947,COBIJA,"Muebles, bienes y servicios domésticos"
2025-06-01,152.7499344367,COBIJA,"Muebles, bienes y servicios domésticos"
2025-07-01,154.9978283036,COBIJA,"Muebles, bienes y servicios domésticos"
2025-08-01,154.6300250099,COBIJA,"Muebles, bienes y servicios domésticos"
2025-09-01,151.6693473358,COBIJA,"Muebles, bienes y servicios domésticos"
2025-10-01,152.2964991473,COBIJA,"Muebles, bienes y servicios domésticos"
2025-11-01,148.0722883857,COBIJA,"Muebles, bienes y servicios domésticos"
2025-12-01,145.6755682257,COBIJA,"Muebles, bienes y servicios domésticos"
2026-01-01,144.8450993396,COBIJA,"Muebles, bienes y servicios domésticos"
2026-02-01,147.4339991693,COBIJA,"Muebles, bienes y servicios domésticos"
2026-03-01,147.7353684224,COBIJA,"Muebles, bienes y servicios domésticos"
2026-04-01,147.1529741584,COBIJA,"Muebles, bienes y servicios domésticos"
2026-05-01,149.3551106179,COBIJA,"Muebles, bienes y servicios domésticos"
2026-06-01,149.562406725,COBIJA,"Muebles, bienes y servicios domésticos"
2026-07-01,150.7197225712,COBIJA,"Muebles, bienes y servicios domésticos"
2018-01-01,88.6435981348,COBIJA,Prendas de vestir y calzado
2018-02-01,91.9869936497,COBIJA,Prendas de vestir y calzado
2018-03-01,92.4611671082,COBIJA,Prendas de vestir y calzado
2018-04-01,95.1429874555,COBIJA,Prendas de vestir y calzado
2018-05-01,94.5076766754,COBIJA,Prendas de vestir y calzado
2018-06-01,94.8407003856,COBIJA,Prendas de vestir y calzado
2018-07-01,94.5126438722,COBIJA,Prendas de vestir y calzado
2018-08-01,96.1871843297,COBIJA,Prendas de vestir y calzado
2018-09-01,95.5234654321,COBIJA,Prendas de vestir y calzado
2018-10-01,95.5701790105,COBIJA,Prendas de vestir y calzado
2018-11-01,95.5819046674,COBIJA,Prendas de vestir y calzado
2018-12-01,95.7872191728,COBIJA,Prendas de vestir y calzado
2019-01-01,95.2313365681,COBIJA,Prendas de vestir y calzado
2019-02-01,95.2048455495,COBIJA,Prendas de vestir y calzado
2019-03-01,94.9207797409,COBIJA,Prendas de vestir y calzado
2019-04-01,95.515949362,COBIJA,Prendas de vestir y calzado
2019-05-01,95.1797348005,COBIJA,Prendas de vestir y calzado
2019-06-01,95.5993717469,COBIJA,Prendas de vestir y calzado
2019-07-01,95.3291796063,COBIJA,Prendas de vestir y calzado
2019-08-01,95.6239770026,COBIJA,Prendas de vestir y calzado
2019-09-01,95.5308618907,COBIJA,Prendas de vestir y calzado
2019-10-01,95.8455050323,COBIJA,Prendas de vestir y calzado
2019-11-01,95.4478800701,COBIJA,Prendas de vestir y calzado
2019-12-01,95.7984528058,COBIJA,Prendas de vestir y calzado
2020-01-01,95.9110475694,COBIJA,Prendas de vestir y calzado
2020-02-01,96.7426832099,COBIJA,Prendas de vestir y calzado
2020-03-01,96.3020338069,COBIJA,Prendas de vestir y calzado
2020-04-01,96.3063041871,COBIJA,Prendas de vestir y calzado
2020-05-01,98.5274907135,COBIJA,Prendas de vestir y calzado
2020-06-01,98.6568772784,COBIJA,Prendas de vestir y calzado
2020-07-01,97.6510446419,COBIJA,Prendas de vestir y calzado
2020-08-01,96.4323087398,COBIJA,Prendas de vestir y calzado
2020-09-01,96.0705570569,COBIJA,Prendas de vestir y calzado
2020-10-01,95.8240270478,COBIJA,Prendas de vestir y calzado
2020-11-01,96.892306499,COBIJA,Prendas de vestir y calzado
2020-12-01,96.7555354489,COBIJA,Prendas de vestir y calzado
2021-01-01,96.9798357354,COBIJA,Prendas de vestir y calzado
2021-02-01,95.9793727122,COBIJA,Prendas de vestir y calzado
2021-03-01,96.799392998,COBIJA,Prendas de vestir y calzado
2021-04-01,96.695571784,COBIJA,Prendas de vestir y calzado
2021-05-01,96.7073795215,COBIJA,Prendas de vestir y calzado
2021-06-01,95.8447215877,COBIJA,Prendas de vestir y calzado
2021-07-01,95.90426026,COBIJA,Prendas de vestir y calzado
2021-08-01,95.8999481059,COBIJA,Prendas de vestir y calzado
2021-09-01,96.57260237,COBIJA,Prendas de vestir y calzado
2021-10-01,96.6332018072,COBIJA,Prendas de vestir y calzado
2021-11-01,96.0043370428,COBIJA,Prendas de vestir y calzado
2021-12-01,95.8301803369,COBIJA,Prendas de vestir y calzado
2022-01-01,94.9158861392,COBIJA,Prendas de vestir y calzado
2022-02-01,95.2943217326,COBIJA,Prendas de vestir y calzado
2022-03-01,96.2425205882,COBIJA,Prendas de vestir y calzado
2022-04-01,96.0440990953,COBIJA,Prendas de vestir y calzado
2022-05-01,95.9275555077,COBIJA,Prendas de vestir y calzado
2022-06-01,95.0187359324,COBIJA,Prendas de vestir y calzado
2022-07-01,94.7612647475,COBIJA,Prendas de vestir y calzado
2022-08-01,94.8700980234,COBIJA,Prendas de vestir y calzado
2022-09-01,94.9800797228,COBIJA,Prendas de vestir y calzado
2022-10-01,94.3047778339,COBIJA,Prendas de vestir y calzado
2022-11-01,94.03748102,COBIJA,Prendas de vestir y calzado
2022-12-01,93.7617596698,COBIJA,Prendas de vestir y calzado
2023-01-01,94.3766180008,COBIJA,Prendas de vestir y calzado
2023-02-01,95.0198886385,COBIJA,Prendas de vestir y calzado
2023-03-01,94.8895268739,COBIJA,Prendas de vestir y calzado
2023-04-01,94.1982644654,COBIJA,Prendas de vestir y calzado
2023-05-01,93.678996771,COBIJA,Prendas de vestir y calzado
2023-06-01,94.1094535546,COBIJA,Prendas de vestir y calzado
2023-07-01,95.30264537,COBIJA,Prendas de vestir y calzado
2023-08-01,94.9748082287,COBIJA,Prendas de vestir y calzado
2023-09-01,95.6057902437,COBIJA,Prendas de vestir y calzado
2023-10-01,93.94173335,COBIJA,Prendas de vestir y calzado
2023-11-01,95.18177274,COBIJA,Prendas de vestir y calzado
2023-12-01,95.0140226697,COBIJA,Prendas de vestir y calzado
2024-01-01,94.5893922033,COBIJA,Prendas de vestir y calzado
2024-02-01,94.80948615,COBIJA,Prendas de vestir y calzado
2024-03-01,95.6870722612,COBIJA,Prendas de vestir y calzado
2024-04-01,95.154411346,COBIJA,Prendas de vestir y calzado
2024-05-01,95.9169547668,COBIJA,Prendas de vestir y calzado
2024-06-01,95.7928208725,COBIJA,Prendas de vestir y calzado
2024-07-01,96.3686310734,COBIJA,Prendas de vestir y calzado
2024-08-01,97.6951727485,COBIJA,Prendas de vestir y calzado
2024-09-01,99.5880594687,COBIJA,Prendas de vestir y calzado
2024-10-01,99.7941442142,COBIJA,Prendas de vestir y calzado
2024-11-01,101.2688364778,COBIJA,Prendas de vestir y calzado
2024-12-01,102.8142916148,COBIJA,Prendas de vestir y calzado
2025-01-01,103.4042735095,COBIJA,Prendas de vestir y calzado
2025-02-01,102.7869995911,COBIJA,Prendas de vestir y calzado
2025-03-01,103.4159940066,COBIJA,Prendas de vestir y calzado
2025-04-01,105.0851226102,COBIJA,Prendas de vestir y calzado
2025-05-01,107.5011216006,COBIJA,Prendas de vestir y calzado
2025-06-01,113.6788884592,COBIJA,Prendas de vestir y calzado
2025-07-01,118.3987567402,COBIJA,Prendas de vestir y calzado
2025-08-01,117.52207742,COBIJA,Prendas de vestir y calzado
2025-09-01,117.2428233945,COBIJA,Prendas de vestir y calzado
2025-10-01,116.4287772622,COBIJA,Prendas de vestir y calzado
2025-11-01,114.7588330803,COBIJA,Prendas de vestir y calzado
2025-12-01,113.5849773964,COBIJA,Prendas de vestir y calzado
2026-01-01,112.8669952038,COBIJA,Prendas de vestir y calzado
2026-02-01,112.3299512055,COBIJA,Prendas de vestir y calzado
2026-03-01,112.6044680735,COBIJA,Prendas de vestir y calzado
2026-04-01,112.4616761706,COBIJA,Prendas de vestir y calzado
2026-05-01,114.2472595581,COBIJA,Prendas de vestir y calzado
2026-06-01,115.0599234624,COBIJA,Prendas de vestir y calzado
2026-07-01,115.9200595289,COBIJA,Prendas de vestir y calzado
2018-01-01,99.2464586405,COBIJA,Recreación y cultura
2018-02-01,102.9371653852,COBIJA,Recreación y cultura
2018-03-01,102.6218252573,COBIJA,Recreación y cultura
2018-04-01,103.5239152479,COBIJA,Recreación y cultura
2018-05-01,101.6384289163,COBIJA,Recreación y cultura
2018-06-01,98.2699788759,COBIJA,Recreación y cultura
2018-07-01,100.2675712133,COBIJA,Recreación y cultura
2018-08-01,100.2518203994,COBIJA,Recreación y cultura
2018-09-01,100.5923600528,COBIJA,Recreación y cultura
2018-10-01,99.8918553976,COBIJA,Recreación y cultura
2018-11-01,100.7409455653,COBIJA,Recreación y cultura
2018-12-01,100.703521394,COBIJA,Recreación y cultura
2019-01-01,101.1425090339,COBIJA,Recreación y cultura
2019-02-01,101.4834058848,COBIJA,Recreación y cultura
2019-03-01,102.5057304489,COBIJA,Recreación y cultura
2019-04-01,102.0364987973,COBIJA,Recreación y cultura
2019-05-01,102.3208237922,COBIJA,Recreación y cultura
2019-06-01,102.9806128526,COBIJA,Recreación y cultura
2019-07-01,102.4239536141,COBIJA,Recreación y cultura
2019-08-01,101.9849415562,COBIJA,Recreación y cultura
2019-09-01,101.5655599142,COBIJA,Recreación y cultura
2019-10-01,101.5018109794,COBIJA,Recreación y cultura
2019-11-01,102.1459708694,COBIJA,Recreación y cultura
2019-12-01,102.0250359933,COBIJA,Recreación y cultura
2020-01-01,103.2430106476,COBIJA,Recreación y cultura
2020-02-01,103.6052371982,COBIJA,Recreación y cultura
2020-03-01,103.4692090317,COBIJA,Recreación y cultura
2020-04-01,103.4692090334,COBIJA,Recreación y cultura
2020-05-01,103.5330625451,COBIJA,Recreación y cultura
2020-06-01,103.8137137896,COBIJA,Recreación y cultura
2020-07-01,101.8579917847,COBIJA,Recreación y cultura
2020-08-01,102.5016605325,COBIJA,Recreación y cultura
2020-09-01,103.2220824659,COBIJA,Recreación y cultura
2020-10-01,103.0168077362,COBIJA,Recreación y cultura
2020-11-01,103.349029138,COBIJA,Recreación y cultura
2020-12-01,103.0691435529,COBIJA,Recreación y cultura
2021-01-01,104.0088163377,COBIJA,Recreación y cultura
2021-02-01,102.6998131063,COBIJA,Recreación y cultura
2021-03-01,102.577410764,COBIJA,Recreación y cultura
2021-04-01,102.5923913066,COBIJA,Recreación y cultura
2021-05-01,103.956521137,COBIJA,Recreación y cultura
2021-06-01,104.1234753393,COBIJA,Recreación y cultura
2021-07-01,105.8565096,COBIJA,Recreación y cultura
2021-08-01,105.8997836332,COBIJA,Recreación y cultura
2021-09-01,106.5625999186,COBIJA,Recreación y cultura
2021-10-01,106.9891954498,COBIJA,Recreación y cultura
2021-11-01,106.0481592704,COBIJA,Recreación y cultura
2021-12-01,106.5650213069,COBIJA,Recreación y cultura
2022-01-01,106.8522175032,COBIJA,Recreación y cultura
2022-02-01,106.6084967867,COBIJA,Recreación y cultura
2022-03-01,106.1839891173,COBIJA,Recreación y cultura
2022-04-01,106.6400582536,COBIJA,Recreación y cultura
2022-05-01,106.3860097256,COBIJA,Recreación y cultura
2022-06-01,105.1356508655,COBIJA,Recreación y cultura
2022-07-01,105.5247557194,COBIJA,Recreación y cultura
2022-08-01,106.3797524505,COBIJA,Recreación y cultura
2022-09-01,106.1925638341,COBIJA,Recreación y cultura
2022-10-01,105.7747723176,COBIJA,Recreación y cultura
2022-11-01,106.0357126,COBIJA,Recreación y cultura
2022-12-01,105.5533744616,COBIJA,Recreación y cultura
2023-01-01,106.4375661521,COBIJA,Recreación y cultura
2023-02-01,107.0086765122,COBIJA,Recreación y cultura
2023-03-01,107.3214795653,COBIJA,Recreación y cultura
2023-04-01,107.802542688,COBIJA,Recreación y cultura
2023-05-01,107.4647607971,COBIJA,Recreación y cultura
2023-06-01,107.6292680931,COBIJA,Recreación y cultura
2023-07-01,107.4598024,COBIJA,Recreación y cultura
2023-08-01,106.6374586375,COBIJA,Recreación y cultura
2023-09-01,106.9331052014,COBIJA,Recreación y cultura
2023-10-01,106.7942208555,COBIJA,Recreación y cultura
2023-11-01,106.6243808,COBIJA,Recreación y cultura
2023-12-01,106.0533831082,COBIJA,Recreación y cultura
2024-01-01,105.9388957352,COBIJA,Recreación y cultura
2024-02-01,106.0212692,COBIJA,Recreación y cultura
2024-03-01,106.5474806167,COBIJA,Recreación y cultura
2024-04-01,107.3580912574,COBIJA,Recreación y cultura
2024-05-01,106.9638452425,COBIJA,Recreación y cultura
2024-06-01,107.5744134731,COBIJA,Recreación y cultura
2024-07-01,108.5789654567,COBIJA,Recreación y cultura
2024-08-01,114.1114944982,COBIJA,Recreación y cultura
2024-09-01,115.6789363889,COBIJA,Recreación y cultura
2024-10-01,116.0206797544,COBIJA,Recreación y cultura
2024-11-01,118.9223406153,COBIJA,Recreación y cultura
2024-12-01,118.5273388897,COBIJA,Recreación y cultura
2025-01-01,119.5592601482,COBIJA,Recreación y cultura
2025-02-01,121.2836693126,COBIJA,Recreación y cultura
2025-03-01,120.5586472696,COBIJA,Recreación y cultura
2025-04-01,121.2576816921,COBIJA,Recreación y cultura
2025-05-01,122.9915904944,COBIJA,Recreación y cultura
2025-06-01,125.9829762112,COBIJA,Recreación y cultura
2025-07-01,129.2827740403,COBIJA,Recreación y cultura
2025-08-01,127.176408475,COBIJA,Recreación y cultura
2025-09-01,125.0008825063,COBIJA,Recreación y cultura
2025-10-01,125.8314568428,COBIJA,Recreación y cultura
2025-11-01,123.5033446111,COBIJA,Recreación y cultura
2025-12-01,117.9947733863,COBIJA,Recreación y cultura
2026-01-01,118.4008331381,COBIJA,Recreación y cultura
2026-02-01,118.5208496231,COBIJA,Recreación y cultura
2026-03-01,122.3940283667,COBIJA,Recreación y cultura
2026-04-01,122.8140260273,COBIJA,Recreación y cultura
2026-05-01,121.6010728911,COBIJA,Recreación y cultura
2026-06-01,119.5483654057,COBIJA,Recreación y cultura
2026-07-01,120.4196308143,COBIJA,Recreación y cultura
2018-01-01,97.7436397926,COBIJA,Salud
2018-02-01,98.1574121999,COBIJA,Salud
2018-03-01,98.6818665926,COBIJA,Salud
2018-04-01,97.3315419885,COBIJA,Salud
2018-05-01,97.3248593211,COBIJA,Salud
2018-06-01,97.5997560968,COBIJA,Salud
2018-07-01,98.0512496307,COBIJA,Salud
2018-08-01,97.8266657501,COBIJA,Salud
2018-09-01,95.6363127853,COBIJA,Salud
2018-10-01,95.3041292558,COBIJA,Salud
2018-11-01,95.7344156784,COBIJA,Salud
2018-12-01,97.8002902068,COBIJA,Salud
2019-01-01,99.0282219353,COBIJA,Salud
2019-02-01,100.4414304709,COBIJA,Salud
2019-03-01,99.8506921199,COBIJA,Salud
2019-04-01,98.7496839332,COBIJA,Salud
2019-05-01,98.2747112987,COBIJA,Salud
2019-06-01,99.0485634609,COBIJA,Salud
2019-07-01,99.3033434812,COBIJA,Salud
2019-08-01,100.6668497042,COBIJA,Salud
2019-09-01,99.1312525811,COBIJA,Salud
2019-10-01,99.9568845175,COBIJA,Salud
2019-11-01,100.8163063143,COBIJA,Salud
2019-12-01,101.6474314989,COBIJA,Salud
2020-01-01,101.3318020417,COBIJA,Salud
2020-02-01,101.3649302389,COBIJA,Salud
2020-03-01,101.8716574587,COBIJA,Salud
2020-04-01,101.6389105747,COBIJA,Salud
2020-05-01,103.7694835049,COBIJA,Salud
2020-06-01,103.6890050646,COBIJA,Salud
2020-07-01,103.1343550237,COBIJA,Salud
2020-08-01,102.8416373503,COBIJA,Salud
2020-09-01,103.9655608331,COBIJA,Salud
2020-10-01,103.7228934968,COBIJA,Salud
2020-11-01,105.2192788854,COBIJA,Salud
2020-12-01,104.3655533296,COBIJA,Salud
2021-01-01,104.1738635002,COBIJA,Salud
2021-02-01,105.1607219576,COBIJA,Salud
2021-03-01,106.3939871785,COBIJA,Salud
2021-04-01,107.5680652411,COBIJA,Salud
2021-05-01,107.4159502321,COBIJA,Salud
2021-06-01,105.8249358086,COBIJA,Salud
2021-07-01,105.5637796,COBIJA,Salud
2021-08-01,105.0268726361,COBIJA,Salud
2021-09-01,104.6122829484,COBIJA,Salud
2021-10-01,104.979474685,COBIJA,Salud
2021-11-01,106.2146296094,COBIJA,Salud
2021-12-01,106.7762849418,COBIJA,Salud
2022-01-01,107.310592161,COBIJA,Salud
2022-02-01,107.6746637831,COBIJA,Salud
2022-03-01,107.4807179074,COBIJA,Salud
2022-04-01,108.0115619838,COBIJA,Salud
2022-05-01,108.1470077361,COBIJA,Salud
2022-06-01,108.4252214326,COBIJA,Salud
2022-07-01,108.6689638517,COBIJA,Salud
2022-08-01,108.8201375502,COBIJA,Salud
2022-09-01,109.2954530637,COBIJA,Salud
2022-10-01,108.8408435154,COBIJA,Salud
2022-11-01,109.0328652,COBIJA,Salud
2022-12-01,108.8740819056,COBIJA,Salud
2023-01-01,109.1742643938,COBIJA,Salud
2023-02-01,109.3099188434,COBIJA,Salud
2023-03-01,109.3403685794,COBIJA,Salud
2023-04-01,109.5650816456,COBIJA,Salud
2023-05-01,109.1940746799,COBIJA,Salud
2023-06-01,108.8979108616,COBIJA,Salud
2023-07-01,108.7208661,COBIJA,Salud
2023-08-01,108.2612234,COBIJA,Salud
2023-09-01,108.0053804287,COBIJA,Salud
2023-10-01,106.6210478911,COBIJA,Salud
2023-11-01,106.3003455,COBIJA,Salud
2023-12-01,106.4323847548,COBIJA,Salud
2024-01-01,106.6117764691,COBIJA,Salud
2024-02-01,106.2062423,COBIJA,Salud
2024-03-01,107.5014317645,COBIJA,Salud
2024-04-01,107.8815473513,COBIJA,Salud
2024-05-01,107.4464949168,COBIJA,Salud
2024-06-01,107.8370889835,COBIJA,Salud
2024-07-01,107.269692063,COBIJA,Salud
2024-08-01,108.970923909,COBIJA,Salud
2024-09-01,109.0678629039,COBIJA,Salud
2024-10-01,109.5178062022,COBIJA,Salud
2024-11-01,109.0333091179,COBIJA,Salud
2024-12-01,110.8720187681,COBIJA,Salud
2025-01-01,111.3539752925,COBIJA,Salud
2025-02-01,113.6111729751,COBIJA,Salud
2025-03-01,112.3728849516,COBIJA,Salud
2025-04-01,112.0462812983,COBIJA,Salud
2025-05-01,113.5156222052,COBIJA,Salud
2025-06-01,123.5331036512,COBIJA,Salud
2025-07-01,131.394516654,COBIJA,Salud
2025-08-01,130.1657353018,COBIJA,Salud
2025-09-01,129.885641186,COBIJA,Salud
2025-10-01,131.1192540606,COBIJA,Salud
2025-11-01,131.5831743845,COBIJA,Salud
2025-12-01,131.3064436448,COBIJA,Salud
2026-01-01,132.0005622707,COBIJA,Salud
2026-02-01,132.6734132661,COBIJA,Salud
2026-03-01,133.7756820582,COBIJA,Salud
2026-04-01,134.0765716484,COBIJA,Salud
2026-05-01,131.9645966803,COBIJA,Salud
2026-06-01,136.0008185417,COBIJA,Salud
2026-07-01,136.8008209326,COBIJA,Salud
2018-01-01,99.4376051856,COBIJA,Transporte
2018-02-01,100.6137687299,COBIJA,Transporte
2018-03-01,101.6338752045,COBIJA,Transporte
2018-04-01,100.785939403,COBIJA,Transporte
2018-05-01,100.6393865425,COBIJA,Transporte
2018-06-01,100.9497038526,COBIJA,Transporte
2018-07-01,100.8951997822,COBIJA,Transporte
2018-08-01,100.5858064306,COBIJA,Transporte
2018-09-01,100.852513013,COBIJA,Transporte
2018-10-01,100.6831457818,COBIJA,Transporte
2018-11-01,101.0608940642,COBIJA,Transporte
2018-12-01,101.9968779841,COBIJA,Transporte
2019-01-01,102.0821650762,COBIJA,Transporte
2019-02-01,101.7587149606,COBIJA,Transporte
2019-03-01,101.361607028,COBIJA,Transporte
2019-04-01,101.6416988892,COBIJA,Transporte
2019-05-01,101.4796782434,COBIJA,Transporte
2019-06-01,101.692394212,COBIJA,Transporte
2019-07-01,101.6820864057,COBIJA,Transporte
2019-08-01,101.5458431153,COBIJA,Transporte
2019-09-01,101.8913152788,COBIJA,Transporte
2019-10-01,101.271661946,COBIJA,Transporte
2019-11-01,101.7178090183,COBIJA,Transporte
2019-12-01,102.8403869319,COBIJA,Transporte
2020-01-01,102.9162129656,COBIJA,Transporte
2020-02-01,102.5706742383,COBIJA,Transporte
2020-03-01,103.7920080895,COBIJA,Transporte
2020-04-01,103.7920080867,COBIJA,Transporte
2020-05-01,104.0385003802,COBIJA,Transporte
2020-06-01,103.972507134,COBIJA,Transporte
2020-07-01,104.1795974046,COBIJA,Transporte
2020-08-01,104.1146019494,COBIJA,Transporte
2020-09-01,104.8081813381,COBIJA,Transporte
2020-10-01,104.1142474572,COBIJA,Transporte
2020-11-01,104.2103093676,COBIJA,Transporte
2020-12-01,104.3659422845,COBIJA,Transporte
2021-01-01,104.6039346172,COBIJA,Transporte
2021-02-01,104.3463205705,COBIJA,Transporte
2021-03-01,104.0163406179,COBIJA,Transporte
2021-04-01,104.1967386843,COBIJA,Transporte
2021-05-01,103.2995920794,COBIJA,Transporte
2021-06-01,105.1343132921,COBIJA,Transporte
2021-07-01,105.862988,COBIJA,Transporte
2021-08-01,106.3912838777,COBIJA,Transporte
2021-09-01,106.6665536669,COBIJA,Transporte
2021-10-01,106.7721257296,COBIJA,Transporte
2021-11-01,106.7807621515,COBIJA,Transporte
2021-12-01,107.3060632873,COBIJA,Transporte
2022-01-01,107.9522163906,COBIJA,Transporte
2022-02-01,107.8052396178,COBIJA,Transporte
2022-03-01,107.9603720373,COBIJA,Transporte
2022-04-01,108.1102202807,COBIJA,Transporte
2022-05-01,108.044330533,COBIJA,Transporte
2022-06-01,107.6699932754,COBIJA,Transporte
2022-07-01,107.8985954228,COBIJA,Transporte
2022-08-01,107.7477041062,COBIJA,Transporte
2022-09-01,107.931623259,COBIJA,Transporte
2022-10-01,108.1425868692,COBIJA,Transporte
2022-11-01,108.3787855,COBIJA,Transporte
2022-12-01,109.2072863997,COBIJA,Transporte
2023-01-01,109.8996892386,COBIJA,Transporte
2023-02-01,109.7444509209,COBIJA,Transporte
2023-03-01,109.1552578148,COBIJA,Transporte
2023-04-01,108.892800292,COBIJA,Transporte
2023-05-01,108.7279626798,COBIJA,Transporte
2023-06-01,108.4938067435,COBIJA,Transporte
2023-07-01,108.7547711,COBIJA,Transporte
2023-08-01,108.4324417709,COBIJA,Transporte
2023-09-01,107.8801892374,COBIJA,Transporte
2023-10-01,107.8455334229,COBIJA,Transporte
2023-11-01,107.7495412,COBIJA,Transporte
2023-12-01,108.0374868037,COBIJA,Transporte
2024-01-01,107.9065131576,COBIJA,Transporte
2024-02-01,108.1924824,COBIJA,Transporte
2024-03-01,108.1680874173,COBIJA,Transporte
2024-04-01,107.7243563852,COBIJA,Transporte
2024-05-01,107.8806889679,COBIJA,Transporte
2024-06-01,107.8114029474,COBIJA,Transporte
2024-07-01,108.392828373,COBIJA,Transporte
2024-08-01,109.5586429727,COBIJA,Transporte
2024-09-01,110.5659477982,COBIJA,Transporte
2024-10-01,111.345615197,COBIJA,Transporte
2024-11-01,112.4932529355,COBIJA,Transporte
2024-12-01,113.353627348,COBIJA,Transporte
2025-01-01,113.9335151146,COBIJA,Transporte
2025-02-01,114.7228798999,COBIJA,Transporte
2025-03-01,115.9991383967,COBIJA,Transporte
2025-04-01,115.2231613641,COBIJA,Transporte
2025-05-01,115.5079999777,COBIJA,Transporte
2025-06-01,119.5183805372,COBIJA,Transporte
2025-07-01,122.8001991059,COBIJA,Transporte
2025-08-01,124.6278317521,COBIJA,Transporte
2025-09-01,126.7979077934,COBIJA,Transporte
2025-10-01,125.1318364421,COBIJA,Transporte
2025-11-01,124.9789836507,COBIJA,Transporte
2025-12-01,136.8602112239,COBIJA,Transporte
2026-01-01,153.4591995362,COBIJA,Transporte
2026-02-01,153.5977614913,COBIJA,Transporte
2026-03-01,153.355790889,COBIJA,Transporte
2026-04-01,153.2653312987,COBIJA,Transporte
2026-05-01,154.0933759535,COBIJA,Transporte
2026-06-01,156.3459992994,COBIJA,Transporte
2026-07-01,156.2959472958,COBIJA,Transporte
2018-01-01,100.1950929758,COBIJA,Vivienda y servicios básicos
2018-02-01,100.1113084474,COBIJA,Vivienda y servicios básicos
2018-03-01,101.5305319035,COBIJA,Vivienda y servicios básicos
2018-04-01,101.593335841,COBIJA,Vivienda y servicios básicos
2018-05-01,101.5676336223,COBIJA,Vivienda y servicios básicos
2018-06-01,101.4817625741,COBIJA,Vivienda y servicios básicos
2018-07-01,101.4714313233,COBIJA,Vivienda y servicios básicos
2018-08-01,101.5383029483,COBIJA,Vivienda y servicios básicos
2018-09-01,101.5027604348,COBIJA,Vivienda y servicios básicos
2018-10-01,101.4718738079,COBIJA,Vivienda y servicios básicos
2018-11-01,101.6096185513,COBIJA,Vivienda y servicios básicos
2018-12-01,94.7908527198,COBIJA,Vivienda y servicios básicos
2019-01-01,94.7849272255,COBIJA,Vivienda y servicios básicos
2019-02-01,94.9532785855,COBIJA,Vivienda y servicios básicos
2019-03-01,95.0071339957,COBIJA,Vivienda y servicios básicos
2019-04-01,95.1365720395,COBIJA,Vivienda y servicios básicos
2019-05-01,95.1489035564,COBIJA,Vivienda y servicios básicos
2019-06-01,95.2664958761,COBIJA,Vivienda y servicios básicos
2019-07-01,95.3172977085,COBIJA,Vivienda y servicios básicos
2019-08-01,95.4724659396,COBIJA,Vivienda y servicios básicos
2019-09-01,95.5324776209,COBIJA,Vivienda y servicios básicos
2019-10-01,95.4831524326,COBIJA,Vivienda y servicios básicos
2019-11-01,95.8947708323,COBIJA,Vivienda y servicios básicos
2019-12-01,95.9370233057,COBIJA,Vivienda y servicios básicos
2020-01-01,96.5567873313,COBIJA,Vivienda y servicios básicos
2020-02-01,96.5494849909,COBIJA,Vivienda y servicios básicos
2020-03-01,96.1984303453,COBIJA,Vivienda y servicios básicos
2020-04-01,96.3386436866,COBIJA,Vivienda y servicios básicos
2020-05-01,95.7566826051,COBIJA,Vivienda y servicios básicos
2020-06-01,96.0022410016,COBIJA,Vivienda y servicios básicos
2020-07-01,96.1034538626,COBIJA,Vivienda y servicios básicos
2020-08-01,96.086284945,COBIJA,Vivienda y servicios básicos
2020-09-01,96.0697492981,COBIJA,Vivienda y servicios básicos
2020-10-01,95.9524444839,COBIJA,Vivienda y servicios básicos
2020-11-01,95.9717942773,COBIJA,Vivienda y servicios básicos
2020-12-01,95.8083554973,COBIJA,Vivienda y servicios básicos
2021-01-01,95.7537250683,COBIJA,Vivienda y servicios básicos
2021-02-01,95.8603495605,COBIJA,Vivienda y servicios básicos
2021-03-01,95.9898978248,COBIJA,Vivienda y servicios básicos
2021-04-01,95.9087228207,COBIJA,Vivienda y servicios básicos
2021-05-01,95.8905412162,COBIJA,Vivienda y servicios básicos
2021-06-01,95.7910898507,COBIJA,Vivienda y servicios básicos
2021-07-01,95.7053137,COBIJA,Vivienda y servicios básicos
2021-08-01,95.6715203338,COBIJA,Vivienda y servicios básicos
2021-09-01,95.6131561236,COBIJA,Vivienda y servicios básicos
2021-10-01,95.4783283224,COBIJA,Vivienda y servicios básicos
2021-11-01,95.2256380057,COBIJA,Vivienda y servicios básicos
2021-12-01,95.36067649,COBIJA,Vivienda y servicios básicos
2022-01-01,95.069859969,COBIJA,Vivienda y servicios básicos
2022-02-01,94.8530255069,COBIJA,Vivienda y servicios básicos
2022-03-01,94.7161689957,COBIJA,Vivienda y servicios básicos
2022-04-01,94.557013637,COBIJA,Vivienda y servicios básicos
2022-05-01,94.4339312563,COBIJA,Vivienda y servicios básicos
2022-06-01,94.0338069059,COBIJA,Vivienda y servicios básicos
2022-07-01,94.0189382317,COBIJA,Vivienda y servicios básicos
2022-08-01,94.1098224581,COBIJA,Vivienda y servicios básicos
2022-09-01,94.2829139482,COBIJA,Vivienda y servicios básicos
2022-10-01,94.3040469536,COBIJA,Vivienda y servicios básicos
2022-11-01,94.26770512,COBIJA,Vivienda y servicios básicos
2022-12-01,94.3667229001,COBIJA,Vivienda y servicios básicos
2023-01-01,94.541990906,COBIJA,Vivienda y servicios básicos
2023-02-01,94.4030448841,COBIJA,Vivienda y servicios básicos
2023-03-01,94.4149387272,COBIJA,Vivienda y servicios básicos
2023-04-01,94.3905224131,COBIJA,Vivienda y servicios básicos
2023-05-01,94.2386707053,COBIJA,Vivienda y servicios básicos
2023-06-01,94.1691704946,COBIJA,Vivienda y servicios básicos
2023-07-01,94.15344606,COBIJA,Vivienda y servicios básicos
2023-08-01,93.9438490521,COBIJA,Vivienda y servicios básicos
2023-09-01,93.9878397781,COBIJA,Vivienda y servicios básicos
2023-10-01,94.0363301783,COBIJA,Vivienda y servicios básicos
2023-11-01,94.40248494,COBIJA,Vivienda y servicios básicos
2023-12-01,94.0903068094,COBIJA,Vivienda y servicios básicos
2024-01-01,94.3630416604,COBIJA,Vivienda y servicios básicos
2024-02-01,94.09312276,COBIJA,Vivienda y servicios básicos
2024-03-01,94.4454383355,COBIJA,Vivienda y servicios básicos
2024-04-01,94.2124085644,COBIJA,Vivienda y servicios básicos
2024-05-01,94.4531575425,COBIJA,Vivienda y servicios básicos
2024-06-01,94.4686571631,COBIJA,Vivienda y servicios básicos
2024-07-01,94.6492695719,COBIJA,Vivienda y servicios básicos
2024-08-01,95.2300547576,COBIJA,Vivienda y servicios básicos
2024-09-01,95.539244407,COBIJA,Vivienda y servicios básicos
2024-10-01,95.6228330134,COBIJA,Vivienda y servicios básicos
2024-11-01,96.0952997853,COBIJA,Vivienda y servicios básicos
2024-12-01,96.2509012054,COBIJA,Vivienda y servicios básicos
2025-01-01,96.511264829,COBIJA,Vivienda y servicios básicos
2025-02-01,97.0979516777,COBIJA,Vivienda y servicios básicos
2025-03-01,97.3830372203,COBIJA,Vivienda y servicios básicos
2025-04-01,98.2278217312,COBIJA,Vivienda y servicios básicos
2025-05-01,98.7963102091,COBIJA,Vivienda y servicios básicos
2025-06-01,100.1017558426,COBIJA,Vivienda y servicios básicos
2025-07-01,100.4225749142,COBIJA,Vivienda y servicios básicos
2025-08-01,102.0833165035,COBIJA,Vivienda y servicios básicos
2025-09-01,104.4626384683,COBIJA,Vivienda y servicios básicos
2025-10-01,104.5361383574,COBIJA,Vivienda y servicios básicos
2025-11-01,104.1296380939,COBIJA,Vivienda y servicios básicos
2025-12-01,105.1326732831,COBIJA,Vivienda y servicios básicos
2026-01-01,105.5804307416,COBIJA,Vivienda y servicios básicos
2026-02-01,106.8673563072,COBIJA,Vivienda y servicios básicos
2026-03-01,107.1495805804,COBIJA,Vivienda y servicios básicos
2026-04-01,107.3487616289,COBIJA,Vivienda y servicios básicos
2026-05-01,107.1971208266,COBIJA,Vivienda y servicios básicos
2026-06-01,107.1954926189,COBIJA,Vivienda y servicios básicos
2026-07-01,107.6741630794,COBIJA,Vivienda y servicios básicos
2018-01-01,97.2352935868,COBIJA,ÍNDICE GENERAL
2018-02-01,97.8296475378,COBIJA,ÍNDICE GENERAL
2018-03-01,98.9716067136,COBIJA,ÍNDICE GENERAL
2018-04-01,98.8843861761,COBIJA,ÍNDICE GENERAL
2018-05-01,99.0922023054,COBIJA,ÍNDICE GENERAL
2018-06-01,99.4574136257,COBIJA,ÍNDICE GENERAL
2018-07-01,99.5654526076,COBIJA,ÍNDICE GENERAL
2018-08-01,100.0160469089,COBIJA,ÍNDICE GENERAL
2018-09-01,99.9585360318,COBIJA,ÍNDICE GENERAL
2018-10-01,99.332933884,COBIJA,ÍNDICE GENERAL
2018-11-01,99.845800945,COBIJA,ÍNDICE GENERAL
2018-12-01,99.8551961402,COBIJA,ÍNDICE GENERAL
2019-01-01,100.0527774923,COBIJA,ÍNDICE GENERAL
2019-02-01,100.2398599871,COBIJA,ÍNDICE GENERAL
2019-03-01,100.4649543218,COBIJA,ÍNDICE GENERAL
2019-04-01,100.6707227609,COBIJA,ÍNDICE GENERAL
2019-05-01,100.7177579156,COBIJA,ÍNDICE GENERAL
2019-06-01,100.6629377625,COBIJA,ÍNDICE GENERAL
2019-07-01,100.7777804669,COBIJA,ÍNDICE GENERAL
2019-08-01,100.8528097169,COBIJA,ÍNDICE GENERAL
2019-09-01,100.8048050139,COBIJA,ÍNDICE GENERAL
2019-10-01,100.763099098,COBIJA,ÍNDICE GENERAL
2019-11-01,101.4406080246,COBIJA,ÍNDICE GENERAL
2019-12-01,101.3019350058,COBIJA,ÍNDICE GENERAL
2020-01-01,101.4235598252,COBIJA,ÍNDICE GENERAL
2020-02-01,101.5001529289,COBIJA,ÍNDICE GENERAL
2020-03-01,102.0014707612,COBIJA,ÍNDICE GENERAL
2020-04-01,103.4181223201,COBIJA,ÍNDICE GENERAL
2020-05-01,103.5217966459,COBIJA,ÍNDICE GENERAL
2020-06-01,103.6913953256,COBIJA,ÍNDICE GENERAL
2020-07-01,103.3400835359,COBIJA,ÍNDICE GENERAL
2020-08-01,102.8321152866,COBIJA,ÍNDICE GENERAL
2020-09-01,102.9885040718,COBIJA,ÍNDICE GENERAL
2020-10-01,102.7705543644,COBIJA,ÍNDICE GENERAL
2020-11-01,102.8070176479,COBIJA,ÍNDICE GENERAL
2020-12-01,102.7470117434,COBIJA,ÍNDICE GENERAL
2021-01-01,103.4596131014,COBIJA,ÍNDICE GENERAL
2021-02-01,104.1142745062,COBIJA,ÍNDICE GENERAL
2021-03-01,105.0238328628,COBIJA,ÍNDICE GENERAL
2021-04-01,105.2119987482,COBIJA,ÍNDICE GENERAL
2021-05-01,104.8653505034,COBIJA,ÍNDICE GENERAL
2021-06-01,105.0719171467,COBIJA,ÍNDICE GENERAL
2021-07-01,105.503189,COBIJA,ÍNDICE GENERAL
2021-08-01,105.4438210141,COBIJA,ÍNDICE GENERAL
2021-09-01,105.940232166,COBIJA,ÍNDICE GENERAL
2021-10-01,106.9828891153,COBIJA,ÍNDICE GENERAL
2021-11-01,107.0119937524,COBIJA,ÍNDICE GENERAL
2021-12-01,106.8664643941,COBIJA,ÍNDICE GENERAL
2022-01-01,107.0447076361,COBIJA,ÍNDICE GENERAL
2022-02-01,106.9297813722,COBIJA,ÍNDICE GENERAL
2022-03-01,107.2220938679,COBIJA,ÍNDICE GENERAL
2022-04-01,107.6418822365,COBIJA,ÍNDICE GENERAL
2022-05-01,107.647943808,COBIJA,ÍNDICE GENERAL
2022-06-01,107.3592251458,COBIJA,ÍNDICE GENERAL
2022-07-01,107.4845666479,COBIJA,ÍNDICE GENERAL
2022-08-01,107.4336600201,COBIJA,ÍNDICE GENERAL
2022-09-01,107.7621982305,COBIJA,ÍNDICE GENERAL
2022-10-01,107.9585054278,COBIJA,ÍNDICE GENERAL
2022-11-01,108.1034865,COBIJA,ÍNDICE GENERAL
2022-12-01,108.5005651993,COBIJA,ÍNDICE GENERAL
2023-01-01,108.9275746799,COBIJA,ÍNDICE GENERAL
2023-02-01,109.4109279461,COBIJA,ÍNDICE GENERAL
2023-03-01,108.9060297958,COBIJA,ÍNDICE GENERAL
2023-04-01,108.9707509782,COBIJA,ÍNDICE GENERAL
2023-05-01,108.659407155,COBIJA,ÍNDICE GENERAL
2023-06-01,109.058022013,COBIJA,ÍNDICE GENERAL
2023-07-01,109.1452962,COBIJA,ÍNDICE GENERAL
2023-08-01,109.0521514364,COBIJA,ÍNDICE GENERAL
2023-09-01,109.1138611258,COBIJA,ÍNDICE GENERAL
2023-10-01,108.5768444081,COBIJA,ÍNDICE GENERAL
2023-11-01,108.8319966,COBIJA,ÍNDICE GENERAL
2023-12-01,108.8622648614,COBIJA,ÍNDICE GENERAL
2024-01-01,108.8191723382,COBIJA,ÍNDICE GENERAL
2024-02-01,109.0000244,COBIJA,ÍNDICE GENERAL
2024-03-01,111.0226110141,COBIJA,ÍNDICE GENERAL
2024-04-01,111.7802791235,COBIJA,ÍNDICE GENERAL
2024-05-01,112.0659626527,COBIJA,ÍNDICE GENERAL
2024-06-01,112.838758732,COBIJA,ÍNDICE GENERAL
2024-07-01,112.9571567675,COBIJA,ÍNDICE GENERAL
2024-08-01,115.4391690656,COBIJA,ÍNDICE GENERAL
2024-09-01,116.967878145,COBIJA,ÍNDICE GENERAL
2024-10-01,118.0683110333,COBIJA,ÍNDICE GENERAL
2024-11-01,120.8301850694,COBIJA,ÍNDICE GENERAL
2024-12-01,123.8740512619,COBIJA,ÍNDICE GENERAL
2025-01-01,124.9408220249,COBIJA,ÍNDICE GENERAL
2025-02-01,125.924455629,COBIJA,ÍNDICE GENERAL
2025-03-01,128.1492775835,COBIJA,ÍNDICE GENERAL
2025-04-01,129.5506750026,COBIJA,ÍNDICE GENERAL
2025-05-01,135.301612344,COBIJA,ÍNDICE GENERAL
2025-06-01,144.4684172313,COBIJA,ÍNDICE GENERAL
2025-07-01,148.0561144668,COBIJA,ÍNDICE GENERAL
2025-08-01,148.0341100703,COBIJA,ÍNDICE GENERAL
2025-09-01,148.4330333527,COBIJA,ÍNDICE GENERAL
2025-10-01,147.090093323,COBIJA,ÍNDICE GENERAL
2025-11-01,146.6001600954,COBIJA,ÍNDICE GENERAL
2025-12-01,146.5834711294,COBIJA,ÍNDICE GENERAL
2026-01-01,148.6624792562,COBIJA,ÍNDICE GENERAL
2026-02-01,149.214925594,COBIJA,ÍNDICE GENERAL
2026-03-01,149.1042636144,COBIJA,ÍNDICE GENERAL
2026-04-01,149.0642580735,COBIJA,ÍNDICE GENERAL
2026-05-01,150.623754998,COBIJA,ÍNDICE GENERAL
2026-06-01,152.2431058929,COBIJA,ÍNDICE GENERAL
2026-07-01,152.4364443188,COBIJA,ÍNDICE GENERAL
2018-01-01,104.3590643361,CONURBACIÓN LA PAZ,Alimentos y bebidas consumidos fuera del hogar
2018-02-01,104.8757366351,CONURBACIÓN LA PAZ,Alimentos y bebidas consumidos fuera del hogar
2018-03-01,104.9995776945,CONURBACIÓN LA PAZ,Alimentos y bebidas consumidos fuera del hogar
2018-04-01,105.2661751176,CONURBACIÓN LA PAZ,Alimentos y bebidas consumidos fuera del hogar
2018-05-01,105.6320604996,CONURBACIÓN LA PAZ,Alimentos y bebidas consumidos fuera del hogar
2018-06-01,106.0840543119,CONURBACIÓN LA PAZ,Alimentos y bebidas consumidos fuera del hogar
2018-07-01,106.1020937735,CONURBACIÓN LA PAZ,Alimentos y bebidas consumidos fuera del hogar
2018-08-01,106.8528328797,CONURBACIÓN LA PAZ,Alimentos y bebidas consumidos fuera del hogar
2018-09-01,106.9138751668,CONURBACIÓN LA PAZ,Alimentos y bebidas consumidos fuera del hogar
2018-10-01,107.1251840206,CONURBACIÓN LA PAZ,Alimentos y bebidas consumidos fuera del hogar
2018-11-01,107.4413681059,CONURBACIÓN LA PAZ,Alimentos y bebidas consumidos fuera del hogar
2018-12-01,108.0583648206,CONURBACIÓN LA PAZ,Alimentos y bebidas consumidos fuera del hogar
2019-01-01,108.4494437308,CONURBACIÓN LA PAZ,Alimentos y bebidas consumidos fuera del hogar
2019-02-01,108.411627176,CONURBACIÓN LA PAZ,Alimentos y bebidas consumidos fuera del hogar
2019-03-01,108.378112392,CONURBACIÓN LA PAZ,Alimentos y bebidas consumidos fuera del hogar
2019-04-01,108.735644541,CONURBACIÓN LA PAZ,Alimentos y bebidas consumidos fuera del hogar
2019-05-01,108.7363915042,CONURBACIÓN LA PAZ,Alimentos y bebidas consumidos fuera del hogar
2019-06-01,108.7512606707,CONURBACIÓN LA PAZ,Alimentos y bebidas consumidos fuera del hogar
2019-07-01,108.8291691962,CONURBACIÓN LA PAZ,Alimentos y bebidas consumidos fuera del hogar
2019-08-01,108.8343754426,CONURBACIÓN LA PAZ,Alimentos y bebidas consumidos fuera del hogar
2019-09-01,109.2046909651,CONURBACIÓN LA PAZ,Alimentos y bebidas consumidos fuera del hogar
2019-10-01,109.6983853331,CONURBACIÓN LA PAZ,Alimentos y bebidas consumidos fuera del hogar
2019-11-01,113.498274793,CONURBACIÓN LA PAZ,Alimentos y bebidas consumidos fuera del hogar
2019-12-01,113.5027340705,CONURBACIÓN LA PAZ,Alimentos y bebidas consumidos fuera del hogar
2020-01-01,113.6160629891,CONURBACIÓN LA PAZ,Alimentos y bebidas consumidos fuera del hogar
2020-02-01,113.7192329873,CONURBACIÓN LA PAZ,Alimentos y bebidas consumidos fuera del hogar
2020-03-01,113.7286431446,CONURBACIÓN LA PAZ,Alimentos y bebidas consumidos fuera del hogar
2020-04-01,113.7357923467,CONURBACIÓN LA PAZ,Alimentos y bebidas consumidos fuera del hogar
2020-05-01,113.6670915751,CONURBACIÓN LA PAZ,Alimentos y bebidas consumidos fuera del hogar
2020-06-01,113.0998242469,CONURBACIÓN LA PAZ,Alimentos y bebidas consumidos fuera del hogar
2020-07-01,113.0331382451,CONURBACIÓN LA PAZ,Alimentos y bebidas consumidos fuera del hogar
2020-08-01,114.1373987221,CONURBACIÓN LA PAZ,Alimentos y bebidas consumidos fuera del hogar
2020-09-01,114.1210388997,CONURBACIÓN LA PAZ,Alimentos y bebidas consumidos fuera del hogar
2020-10-01,114.6567354838,CONURBACIÓN LA PAZ,Alimentos y bebidas consumidos fuera del hogar
2020-11-01,114.8549494033,CONURBACIÓN LA PAZ,Alimentos y bebidas consumidos fuera del hogar
2020-12-01,115.3980594427,CONURBACIÓN LA PAZ,Alimentos y bebidas consumidos fuera del hogar
2021-01-01,115.0626595016,CONURBACIÓN LA PAZ,Alimentos y bebidas consumidos fuera del hogar
2021-02-01,114.8671615715,CONURBACIÓN LA PAZ,Alimentos y bebidas consumidos fuera del hogar
2021-03-01,115.0612795872,CONURBACIÓN LA PAZ,Alimentos y bebidas consumidos fuera del hogar
2021-04-01,115.3169693284,CONURBACIÓN LA PAZ,Alimentos y bebidas consumidos fuera del hogar
2021-05-01,115.36304923,CONURBACIÓN LA PAZ,Alimentos y bebidas consumidos fuera del hogar
2021-06-01,115.5361469586,CONURBACIÓN LA PAZ,Alimentos y bebidas consumidos fuera del hogar
2021-07-01,115.6209334,CONURBACIÓN LA PAZ,Alimentos y bebidas consumidos fuera del hogar
2021-08-01,115.7975653731,CONURBACIÓN LA PAZ,Alimentos y bebidas consumidos fuera del hogar
2021-09-01,115.7755689255,CONURBACIÓN LA PAZ,Alimentos y bebidas consumidos fuera del hogar
2021-10-01,115.7631969542,CONURBACIÓN LA PAZ,Alimentos y bebidas consumidos fuera del hogar
2021-11-01,115.8891014346,CONURBACIÓN LA PAZ,Alimentos y bebidas consumidos fuera del hogar
2021-12-01,116.0413315832,CONURBACIÓN LA PAZ,Alimentos y bebidas consumidos fuera del hogar
2022-01-01,116.1083261248,CONURBACIÓN LA PAZ,Alimentos y bebidas consumidos fuera del hogar
2022-02-01,116.0628026565,CONURBACIÓN LA PAZ,Alimentos y bebidas consumidos fuera del hogar
2022-03-01,116.1948164914,CONURBACIÓN LA PAZ,Alimentos y bebidas consumidos fuera del hogar
2022-04-01,116.1998891528,CONURBACIÓN LA PAZ,Alimentos y bebidas consumidos fuera del hogar
2022-05-01,116.3946715316,CONURBACIÓN LA PAZ,Alimentos y bebidas consumidos fuera del hogar
2022-06-01,116.5097907443,CONURBACIÓN LA PAZ,Alimentos y bebidas consumidos fuera del hogar
2022-07-01,116.8870186375,CONURBACIÓN LA PAZ,Alimentos y bebidas consumidos fuera del hogar
2022-08-01,117.11102409,CONURBACIÓN LA PAZ,Alimentos y bebidas consumidos fuera del hogar
2022-09-01,117.1278490389,CONURBACIÓN LA PAZ,Alimentos y bebidas consumidos fuera del hogar
2022-10-01,117.5019953587,CONURBACIÓN LA PAZ,Alimentos y bebidas consumidos fuera del hogar
2022-11-01,118.8469272,CONURBACIÓN LA PAZ,Alimentos y bebidas consumidos fuera del hogar
2022-12-01,119.0916921642,CONURBACIÓN LA PAZ,Alimentos y bebidas consumidos fuera del hogar
2023-01-01,120.0147033694,CONURBACIÓN LA PAZ,Alimentos y bebidas consumidos fuera del hogar
2023-02-01,120.2308559222,CONURBACIÓN LA PAZ,Alimentos y bebidas consumidos fuera del hogar
2023-03-01,120.1276852545,CONURBACIÓN LA PAZ,Alimentos y bebidas consumidos fuera del hogar
2023-04-01,120.3240738191,CONURBACIÓN LA PAZ,Alimentos y bebidas consumidos fuera del hogar
2023-05-01,120.6602913019,CONURBACIÓN LA PAZ,Alimentos y bebidas consumidos fuera del hogar
2023-06-01,120.8269890224,CONURBACIÓN LA PAZ,Alimentos y bebidas consumidos fuera del hogar
2023-07-01,120.9294145,CONURBACIÓN LA PAZ,Alimentos y bebidas consumidos fuera del hogar
2023-08-01,121.0865248006,CONURBACIÓN LA PAZ,Alimentos y bebidas consumidos fuera del hogar
2023-09-01,121.2351907631,CONURBACIÓN LA PAZ,Alimentos y bebidas consumidos fuera del hogar
2023-10-01,121.4342598439,CONURBACIÓN LA PAZ,Alimentos y bebidas consumidos fuera del hogar
2023-11-01,121.4376584,CONURBACIÓN LA PAZ,Alimentos y bebidas consumidos fuera del hogar
2023-12-01,121.7482378038,CONURBACIÓN LA PAZ,Alimentos y bebidas consumidos fuera del hogar
2024-01-01,121.9125319413,CONURBACIÓN LA PAZ,Alimentos y bebidas consumidos fuera del hogar
2024-02-01,122.294656,CONURBACIÓN LA PAZ,Alimentos y bebidas consumidos fuera del hogar
2024-03-01,122.4108237826,CONURBACIÓN LA PAZ,Alimentos y bebidas consumidos fuera del hogar
2024-04-01,122.5751345367,CONURBACIÓN LA PAZ,Alimentos y bebidas consumidos fuera del hogar
2024-05-01,122.6564265304,CONURBACIÓN LA PAZ,Alimentos y bebidas consumidos fuera del hogar
2024-06-01,123.1067366186,CONURBACIÓN LA PAZ,Alimentos y bebidas consumidos fuera del hogar
2024-07-01,123.8906759425,CONURBACIÓN LA PAZ,Alimentos y bebidas consumidos fuera del hogar
2024-08-01,126.0184035732,CONURBACIÓN LA PAZ,Alimentos y bebidas consumidos fuera del hogar
2024-09-01,127.2723620614,CONURBACIÓN LA PAZ,Alimentos y bebidas consumidos fuera del hogar
2024-10-01,128.7073432447,CONURBACIÓN LA PAZ,Alimentos y bebidas consumidos fuera del hogar
2024-11-01,132.1091616561,CONURBACIÓN LA PAZ,Alimentos y bebidas consumidos fuera del hogar
2024-12-01,133.2891587006,CONURBACIÓN LA PAZ,Alimentos y bebidas consumidos fuera del hogar
2025-01-01,134.8411547816,CONURBACIÓN LA PAZ,Alimentos y bebidas consumidos fuera del hogar
2025-02-01,135.2636319717,CONURBACIÓN LA PAZ,Alimentos y bebidas consumidos fuera del hogar
2025-03-01,138.0598915095,CONURBACIÓN LA PAZ,Alimentos y bebidas consumidos fuera del hogar
2025-04-01,138.936018881,CONURBACIÓN LA PAZ,Alimentos y bebidas consumidos fuera del hogar
2025-05-01,141.2102741973,CONURBACIÓN LA PAZ,Alimentos y bebidas consumidos fuera del hogar
2025-06-01,149.0537897281,CONURBACIÓN LA PAZ,Alimentos y bebidas consumidos fuera del hogar
2025-07-01,151.5941591192,CONURBACIÓN LA PAZ,Alimentos y bebidas consumidos fuera del hogar
2025-08-01,152.7442254187,CONURBACIÓN LA PAZ,Alimentos y bebidas consumidos fuera del hogar
2025-09-01,153.3613087399,CONURBACIÓN LA PAZ,Alimentos y bebidas consumidos fuera del hogar
2025-10-01,153.5143578539,CONURBACIÓN LA PAZ,Alimentos y bebidas consumidos fuera del hogar
2025-11-01,154.3362681706,CONURBACIÓN LA PAZ,Alimentos y bebidas consumidos fuera del hogar
2025-12-01,156.9563075342,CONURBACIÓN LA PAZ,Alimentos y bebidas consumidos fuera del hogar
2026-01-01,160.4714717646,CONURBACIÓN LA PAZ,Alimentos y bebidas consumidos fuera del hogar
2026-02-01,160.3615639238,CONURBACIÓN LA PAZ,Alimentos y bebidas consumidos fuera del hogar
2026-03-01,160.1254703077,CONURBACIÓN LA PAZ,Alimentos y bebidas consumidos fuera del hogar
2026-04-01,160.6542148504,CONURBACIÓN LA PAZ,Alimentos y bebidas consumidos fuera del hogar
2026-05-01,167.4223565954,CONURBACIÓN LA PAZ,Alimentos y bebidas consumidos fuera del hogar
2026-06-01,180.3074164181,CONURBACIÓN LA PAZ,Alimentos y bebidas consumidos fuera del hogar
2026-07-01,171.6284402903,CONURBACIÓN LA PAZ,Alimentos y bebidas consumidos fuera del hogar
2018-01-01,102.3559509316,CONURBACIÓN LA PAZ,Alimentos y bebidas no alcohólicas
2018-02-01,102.9793915094,CONURBACIÓN LA PAZ,Alimentos y bebidas no alcohólicas
2018-03-01,102.4267819795,CONURBACIÓN LA PAZ,Alimentos y bebidas no alcohólicas
2018-04-01,101.7122113031,CONURBACIÓN LA PAZ,Alimentos y bebidas no alcohólicas
2018-05-01,101.9092420606,CONURBACIÓN LA PAZ,Alimentos y bebidas no alcohólicas
2018-06-01,102.0777542459,CONURBACIÓN LA PAZ,Alimentos y bebidas no alcohólicas
2018-07-01,102.0365484346,CONURBACIÓN LA PAZ,Alimentos y bebidas no alcohólicas
2018-08-01,102.4380318967,CONURBACIÓN LA PAZ,Alimentos y bebidas no alcohólicas
2018-09-01,102.3602217566,CONURBACIÓN LA PAZ,Alimentos y bebidas no alcohólicas
2018-10-01,102.6114420997,CONURBACIÓN LA PAZ,Alimentos y bebidas no alcohólicas
2018-11-01,103.0135300049,CONURBACIÓN LA PAZ,Alimentos y bebidas no alcohólicas
2018-12-01,103.3462346118,CONURBACIÓN LA PAZ,Alimentos y bebidas no alcohólicas
2019-01-01,103.2894066085,CONURBACIÓN LA PAZ,Alimentos y bebidas no alcohólicas
2019-02-01,102.980700857,CONURBACIÓN LA PAZ,Alimentos y bebidas no alcohólicas
2019-03-01,102.6268367099,CONURBACIÓN LA PAZ,Alimentos y bebidas no alcohólicas
2019-04-01,102.5504369918,CONURBACIÓN LA PAZ,Alimentos y bebidas no alcohólicas
2019-05-01,103.8954991154,CONURBACIÓN LA PAZ,Alimentos y bebidas no alcohólicas
2019-06-01,104.3450323182,CONURBACIÓN LA PAZ,Alimentos y bebidas no alcohólicas
2019-07-01,104.7986883844,CONURBACIÓN LA PAZ,Alimentos y bebidas no alcohólicas
2019-08-01,106.0838497478,CONURBACIÓN LA PAZ,Alimentos y bebidas no alcohólicas
2019-09-01,106.4300802742,CONURBACIÓN LA PAZ,Alimentos y bebidas no alcohólicas
2019-10-01,107.094243667,CONURBACIÓN LA PAZ,Alimentos y bebidas no alcohólicas
2019-11-01,113.6489154463,CONURBACIÓN LA PAZ,Alimentos y bebidas no alcohólicas
2019-12-01,106.3882802108,CONURBACIÓN LA PAZ,Alimentos y bebidas no alcohólicas
2020-01-01,105.5603037666,CONURBACIÓN LA PAZ,Alimentos y bebidas no alcohólicas
2020-02-01,104.4789461287,CONURBACIÓN LA PAZ,Alimentos y bebidas no alcohólicas
2020-03-01,105.0370217854,CONURBACIÓN LA PAZ,Alimentos y bebidas no alcohólicas
2020-04-01,105.1995560174,CONURBACIÓN LA PAZ,Alimentos y bebidas no alcohólicas
2020-05-01,104.0069220686,CONURBACIÓN LA PAZ,Alimentos y bebidas no alcohólicas
2020-06-01,105.1350014761,CONURBACIÓN LA PAZ,Alimentos y bebidas no alcohólicas
2020-07-01,105.2818791908,CONURBACIÓN LA PAZ,Alimentos y bebidas no alcohólicas
2020-08-01,109.4112576832,CONURBACIÓN LA PAZ,Alimentos y bebidas no alcohólicas
2020-09-01,104.5847367762,CONURBACIÓN LA PAZ,Alimentos y bebidas no alcohólicas
2020-10-01,104.957710106,CONURBACIÓN LA PAZ,Alimentos y bebidas no alcohólicas
2020-11-01,104.498661096,CONURBACIÓN LA PAZ,Alimentos y bebidas no alcohólicas
2020-12-01,104.7017171484,CONURBACIÓN LA PAZ,Alimentos y bebidas no alcohólicas
2021-01-01,104.948712336,CONURBACIÓN LA PAZ,Alimentos y bebidas no alcohólicas
2021-02-01,105.3781871122,CONURBACIÓN LA PAZ,Alimentos y bebidas no alcohólicas
2021-03-01,105.4000104612,CONURBACIÓN LA PAZ,Alimentos y bebidas no alcohólicas
2021-04-01,105.3248979362,CONURBACIÓN LA PAZ,Alimentos y bebidas no alcohólicas
2021-05-01,104.7365214001,CONURBACIÓN LA PAZ,Alimentos y bebidas no alcohólicas
2021-06-01,104.4889275388,CONURBACIÓN LA PAZ,Alimentos y bebidas no alcohólicas
2021-07-01,104.6883757,CONURBACIÓN LA PAZ,Alimentos y bebidas no alcohólicas
2021-08-01,106.1812785243,CONURBACIÓN LA PAZ,Alimentos y bebidas no alcohólicas
2021-09-01,105.8367360865,CONURBACIÓN LA PAZ,Alimentos y bebidas no alcohólicas
2021-10-01,105.4070282965,CONURBACIÓN LA PAZ,Alimentos y bebidas no alcohólicas
2021-11-01,105.4476840457,CONURBACIÓN LA PAZ,Alimentos y bebidas no alcohólicas
2021-12-01,105.4132648605,CONURBACIÓN LA PAZ,Alimentos y bebidas no alcohólicas
2022-01-01,105.0360146034,CONURBACIÓN LA PAZ,Alimentos y bebidas no alcohólicas
2022-02-01,105.0027076547,CONURBACIÓN LA PAZ,Alimentos y bebidas no alcohólicas
2022-03-01,104.9615960656,CONURBACIÓN LA PAZ,Alimentos y bebidas no alcohólicas
2022-04-01,105.0456312538,CONURBACIÓN LA PAZ,Alimentos y bebidas no alcohólicas
2022-05-01,105.6740629472,CONURBACIÓN LA PAZ,Alimentos y bebidas no alcohólicas
2022-06-01,106.7452918528,CONURBACIÓN LA PAZ,Alimentos y bebidas no alcohólicas
2022-07-01,107.621372401,CONURBACIÓN LA PAZ,Alimentos y bebidas no alcohólicas
2022-08-01,107.8456277631,CONURBACIÓN LA PAZ,Alimentos y bebidas no alcohólicas
2022-09-01,108.1781396242,CONURBACIÓN LA PAZ,Alimentos y bebidas no alcohólicas
2022-10-01,109.8035779666,CONURBACIÓN LA PAZ,Alimentos y bebidas no alcohólicas
2022-11-01,111.1474698,CONURBACIÓN LA PAZ,Alimentos y bebidas no alcohólicas
2022-12-01,111.1120209835,CONURBACIÓN LA PAZ,Alimentos y bebidas no alcohólicas
2023-01-01,112.6049321818,CONURBACIÓN LA PAZ,Alimentos y bebidas no alcohólicas
2023-02-01,110.3325460832,CONURBACIÓN LA PAZ,Alimentos y bebidas no alcohólicas
2023-03-01,110.4133568494,CONURBACIÓN LA PAZ,Alimentos y bebidas no alcohólicas
2023-04-01,111.0241286207,CONURBACIÓN LA PAZ,Alimentos y bebidas no alcohólicas
2023-05-01,112.3170680902,CONURBACIÓN LA PAZ,Alimentos y bebidas no alcohólicas
2023-06-01,112.5117134998,CONURBACIÓN LA PAZ,Alimentos y bebidas no alcohólicas
2023-07-01,113.4550885,CONURBACIÓN LA PAZ,Alimentos y bebidas no alcohólicas
2023-08-01,115.2134787021,CONURBACIÓN LA PAZ,Alimentos y bebidas no alcohólicas
2023-09-01,114.8062956555,CONURBACIÓN LA PAZ,Alimentos y bebidas no alcohólicas
2023-10-01,114.8787162829,CONURBACIÓN LA PAZ,Alimentos y bebidas no alcohólicas
2023-11-01,114.6251804,CONURBACIÓN LA PAZ,Alimentos y bebidas no alcohólicas
2023-12-01,115.2178215882,CONURBACIÓN LA PAZ,Alimentos y bebidas no alcohólicas
2024-01-01,115.1865304276,CONURBACIÓN LA PAZ,Alimentos y bebidas no alcohólicas
2024-02-01,115.3759151,CONURBACIÓN LA PAZ,Alimentos y bebidas no alcohólicas
2024-03-01,115.6547330232,CONURBACIÓN LA PAZ,Alimentos y bebidas no alcohólicas
2024-04-01,116.8018388586,CONURBACIÓN LA PAZ,Alimentos y bebidas no alcohólicas
2024-05-01,117.3889699206,CONURBACIÓN LA PAZ,Alimentos y bebidas no alcohólicas
2024-06-01,119.0673380135,CONURBACIÓN LA PAZ,Alimentos y bebidas no alcohólicas
2024-07-01,119.2765855295,CONURBACIÓN LA PAZ,Alimentos y bebidas no alcohólicas
2024-08-01,121.9250431788,CONURBACIÓN LA PAZ,Alimentos y bebidas no alcohólicas
2024-09-01,122.2612928234,CONURBACIÓN LA PAZ,Alimentos y bebidas no alcohólicas
2024-10-01,127.112449159,CONURBACIÓN LA PAZ,Alimentos y bebidas no alcohólicas
2024-11-01,131.6231095511,CONURBACIÓN LA PAZ,Alimentos y bebidas no alcohólicas
2024-12-01,132.6148188925,CONURBACIÓN LA PAZ,Alimentos y bebidas no alcohólicas
2025-01-01,135.2757178675,CONURBACIÓN LA PAZ,Alimentos y bebidas no alcohólicas
2025-02-01,137.139630298,CONURBACIÓN LA PAZ,Alimentos y bebidas no alcohólicas
2025-03-01,143.0152301046,CONURBACIÓN LA PAZ,Alimentos y bebidas no alcohólicas
2025-04-01,142.5917091106,CONURBACIÓN LA PAZ,Alimentos y bebidas no alcohólicas
2025-05-01,150.0557961724,CONURBACIÓN LA PAZ,Alimentos y bebidas no alcohólicas
2025-06-01,166.8116967197,CONURBACIÓN LA PAZ,Alimentos y bebidas no alcohólicas
2025-07-01,162.7434484737,CONURBACIÓN LA PAZ,Alimentos y bebidas no alcohólicas
2025-08-01,165.8546640629,CONURBACIÓN LA PAZ,Alimentos y bebidas no alcohólicas
2025-09-01,166.4982273616,CONURBACIÓN LA PAZ,Alimentos y bebidas no alcohólicas
2025-10-01,168.7090598397,CONURBACIÓN LA PAZ,Alimentos y bebidas no alcohólicas
2025-11-01,171.4706511285,CONURBACIÓN LA PAZ,Alimentos y bebidas no alcohólicas
2025-12-01,171.5161435474,CONURBACIÓN LA PAZ,Alimentos y bebidas no alcohólicas
2026-01-01,172.9017035977,CONURBACIÓN LA PAZ,Alimentos y bebidas no alcohólicas
2026-02-01,168.610459569,CONURBACIÓN LA PAZ,Alimentos y bebidas no alcohólicas
2026-03-01,167.6358873013,CONURBACIÓN LA PAZ,Alimentos y bebidas no alcohólicas
2026-04-01,168.536369352,CONURBACIÓN LA PAZ,Alimentos y bebidas no alcohólicas
2026-05-01,193.621778342,CONURBACIÓN LA PAZ,Alimentos y bebidas no alcohólicas
2026-06-01,205.8760121403,CONURBACIÓN LA PAZ,Alimentos y bebidas no alcohólicas
2026-07-01,171.8096691127,CONURBACIÓN LA PAZ,Alimentos y bebidas no alcohólicas
2018-01-01,105.0735279241,CONURBACIÓN LA PAZ,Bebidas alcohólicas y tabaco
2018-02-01,106.9921005656,CONURBACIÓN LA PAZ,Bebidas alcohólicas y tabaco
2018-03-01,106.6779990567,CONURBACIÓN LA PAZ,Bebidas alcohólicas y tabaco
2018-04-01,107.5378216528,CONURBACIÓN LA PAZ,Bebidas alcohólicas y tabaco
2018-05-01,107.6320405629,CONURBACIÓN LA PAZ,Bebidas alcohólicas y tabaco
2018-06-01,107.9641283019,CONURBACIÓN LA PAZ,Bebidas alcohólicas y tabaco
2018-07-01,107.970325225,CONURBACIÓN LA PAZ,Bebidas alcohólicas y tabaco
2018-08-01,107.4158280058,CONURBACIÓN LA PAZ,Bebidas alcohólicas y tabaco
2018-09-01,107.0266177087,CONURBACIÓN LA PAZ,Bebidas alcohólicas y tabaco
2018-10-01,107.4662275329,CONURBACIÓN LA PAZ,Bebidas alcohólicas y tabaco
2018-11-01,107.8064503883,CONURBACIÓN LA PAZ,Bebidas alcohólicas y tabaco
2018-12-01,108.0917624448,CONURBACIÓN LA PAZ,Bebidas alcohólicas y tabaco
2019-01-01,108.2113384401,CONURBACIÓN LA PAZ,Bebidas alcohólicas y tabaco
2019-02-01,107.8733480755,CONURBACIÓN LA PAZ,Bebidas alcohólicas y tabaco
2019-03-01,108.0535035573,CONURBACIÓN LA PAZ,Bebidas alcohólicas y tabaco
2019-04-01,107.6913796408,CONURBACIÓN LA PAZ,Bebidas alcohólicas y tabaco
2019-05-01,107.4067805951,CONURBACIÓN LA PAZ,Bebidas alcohólicas y tabaco
2019-06-01,107.6943109667,CONURBACIÓN LA PAZ,Bebidas alcohólicas y tabaco
2019-07-01,107.8704093957,CONURBACIÓN LA PAZ,Bebidas alcohólicas y tabaco
2019-08-01,108.0640699159,CONURBACIÓN LA PAZ,Bebidas alcohólicas y tabaco
2019-09-01,108.1748576913,CONURBACIÓN LA PAZ,Bebidas alcohólicas y tabaco
2019-10-01,108.0844728669,CONURBACIÓN LA PAZ,Bebidas alcohólicas y tabaco
2019-11-01,108.4587774099,CONURBACIÓN LA PAZ,Bebidas alcohólicas y tabaco
2019-12-01,109.8675432592,CONURBACIÓN LA PAZ,Bebidas alcohólicas y tabaco
2020-01-01,109.9128302333,CONURBACIÓN LA PAZ,Bebidas alcohólicas y tabaco
2020-02-01,109.6523631304,CONURBACIÓN LA PAZ,Bebidas alcohólicas y tabaco
2020-03-01,110.00917912,CONURBACIÓN LA PAZ,Bebidas alcohólicas y tabaco
2020-04-01,110.00917912,CONURBACIÓN LA PAZ,Bebidas alcohólicas y tabaco
2020-05-01,108.7460014494,CONURBACIÓN LA PAZ,Bebidas alcohólicas y tabaco
2020-06-01,109.4953672434,CONURBACIÓN LA PAZ,Bebidas alcohólicas y tabaco
2020-07-01,109.9644913394,CONURBACIÓN LA PAZ,Bebidas alcohólicas y tabaco
2020-08-01,110.830795648,CONURBACIÓN LA PAZ,Bebidas alcohólicas y tabaco
2020-09-01,109.8922295015,CONURBACIÓN LA PAZ,Bebidas alcohólicas y tabaco
2020-10-01,108.5645901068,CONURBACIÓN LA PAZ,Bebidas alcohólicas y tabaco
2020-11-01,108.6211094554,CONURBACIÓN LA PAZ,Bebidas alcohólicas y tabaco
2020-12-01,109.1174097731,CONURBACIÓN LA PAZ,Bebidas alcohólicas y tabaco
2021-01-01,110.1376151442,CONURBACIÓN LA PAZ,Bebidas alcohólicas y tabaco
2021-02-01,110.8014262311,CONURBACIÓN LA PAZ,Bebidas alcohólicas y tabaco
2021-03-01,110.8605742038,CONURBACIÓN LA PAZ,Bebidas alcohólicas y tabaco
2021-04-01,110.0032833029,CONURBACIÓN LA PAZ,Bebidas alcohólicas y tabaco
2021-05-01,109.8792191744,CONURBACIÓN LA PAZ,Bebidas alcohólicas y tabaco
2021-06-01,109.6450641375,CONURBACIÓN LA PAZ,Bebidas alcohólicas y tabaco
2021-07-01,109.7243268,CONURBACIÓN LA PAZ,Bebidas alcohólicas y tabaco
2021-08-01,109.5744054371,CONURBACIÓN LA PAZ,Bebidas alcohólicas y tabaco
2021-09-01,109.6258751853,CONURBACIÓN LA PAZ,Bebidas alcohólicas y tabaco
2021-10-01,109.8901138867,CONURBACIÓN LA PAZ,Bebidas alcohólicas y tabaco
2021-11-01,110.1314902562,CONURBACIÓN LA PAZ,Bebidas alcohólicas y tabaco
2021-12-01,110.6166855275,CONURBACIÓN LA PAZ,Bebidas alcohólicas y tabaco
2022-01-01,110.0538208497,CONURBACIÓN LA PAZ,Bebidas alcohólicas y tabaco
2022-02-01,109.5882511564,CONURBACIÓN LA PAZ,Bebidas alcohólicas y tabaco
2022-03-01,110.1517713446,CONURBACIÓN LA PAZ,Bebidas alcohólicas y tabaco
2022-04-01,109.7172814139,CONURBACIÓN LA PAZ,Bebidas alcohólicas y tabaco
2022-05-01,110.0583192756,CONURBACIÓN LA PAZ,Bebidas alcohólicas y tabaco
2022-06-01,110.4227079703,CONURBACIÓN LA PAZ,Bebidas alcohólicas y tabaco
2022-07-01,109.6841629519,CONURBACIÓN LA PAZ,Bebidas alcohólicas y tabaco
2022-08-01,109.8589066363,CONURBACIÓN LA PAZ,Bebidas alcohólicas y tabaco
2022-09-01,110.0674851979,CONURBACIÓN LA PAZ,Bebidas alcohólicas y tabaco
2022-10-01,110.0664131417,CONURBACIÓN LA PAZ,Bebidas alcohólicas y tabaco
2022-11-01,110.3375082,CONURBACIÓN LA PAZ,Bebidas alcohólicas y tabaco
2022-12-01,110.0874158314,CONURBACIÓN LA PAZ,Bebidas alcohólicas y tabaco
2023-01-01,109.9276520107,CONURBACIÓN LA PAZ,Bebidas alcohólicas y tabaco
2023-02-01,110.0802441401,CONURBACIÓN LA PAZ,Bebidas alcohólicas y tabaco
2023-03-01,110.0880091871,CONURBACIÓN LA PAZ,Bebidas alcohólicas y tabaco
2023-04-01,110.137249011,CONURBACIÓN LA PAZ,Bebidas alcohólicas y tabaco
2023-05-01,109.1694935686,CONURBACIÓN LA PAZ,Bebidas alcohólicas y tabaco
2023-06-01,110.5196107975,CONURBACIÓN LA PAZ,Bebidas alcohólicas y tabaco
2023-07-01,110.892389,CONURBACIÓN LA PAZ,Bebidas alcohólicas y tabaco
2023-08-01,110.9727623891,CONURBACIÓN LA PAZ,Bebidas alcohólicas y tabaco
2023-09-01,110.6137830848,CONURBACIÓN LA PAZ,Bebidas alcohólicas y tabaco
2023-10-01,111.8585202265,CONURBACIÓN LA PAZ,Bebidas alcohólicas y tabaco
2023-11-01,111.6380362,CONURBACIÓN LA PAZ,Bebidas alcohólicas y tabaco
2023-12-01,112.7426599263,CONURBACIÓN LA PAZ,Bebidas alcohólicas y tabaco
2024-01-01,112.6180977221,CONURBACIÓN LA PAZ,Bebidas alcohólicas y tabaco
2024-02-01,111.3325592,CONURBACIÓN LA PAZ,Bebidas alcohólicas y tabaco
2024-03-01,113.1993423432,CONURBACIÓN LA PAZ,Bebidas alcohólicas y tabaco
2024-04-01,113.3099382688,CONURBACIÓN LA PAZ,Bebidas alcohólicas y tabaco
2024-05-01,113.1975548161,CONURBACIÓN LA PAZ,Bebidas alcohólicas y tabaco
2024-06-01,112.8837402642,CONURBACIÓN LA PAZ,Bebidas alcohólicas y tabaco
2024-07-01,113.1201798268,CONURBACIÓN LA PAZ,Bebidas alcohólicas y tabaco
2024-08-01,113.8025185709,CONURBACIÓN LA PAZ,Bebidas alcohólicas y tabaco
2024-09-01,113.4098815451,CONURBACIÓN LA PAZ,Bebidas alcohólicas y tabaco
2024-10-01,114.150319158,CONURBACIÓN LA PAZ,Bebidas alcohólicas y tabaco
2024-11-01,115.2863284871,CONURBACIÓN LA PAZ,Bebidas alcohólicas y tabaco
2024-12-01,117.8121277601,CONURBACIÓN LA PAZ,Bebidas alcohólicas y tabaco
2025-01-01,119.2036378237,CONURBACIÓN LA PAZ,Bebidas alcohólicas y tabaco
2025-02-01,120.3901737953,CONURBACIÓN LA PAZ,Bebidas alcohólicas y tabaco
2025-03-01,120.5294574569,CONURBACIÓN LA PAZ,Bebidas alcohólicas y tabaco
2025-04-01,121.6349399532,CONURBACIÓN LA PAZ,Bebidas alcohólicas y tabaco
2025-05-01,121.6305928715,CONURBACIÓN LA PAZ,Bebidas alcohólicas y tabaco
2025-06-01,123.1088217072,CONURBACIÓN LA PAZ,Bebidas alcohólicas y tabaco
2025-07-01,123.6275001907,CONURBACIÓN LA PAZ,Bebidas alcohólicas y tabaco
2025-08-01,127.420804761,CONURBACIÓN LA PAZ,Bebidas alcohólicas y tabaco
2025-09-01,127.7589401002,CONURBACIÓN LA PAZ,Bebidas alcohólicas y tabaco
2025-10-01,128.5702186224,CONURBACIÓN LA PAZ,Bebidas alcohólicas y tabaco
2025-11-01,128.1814685949,CONURBACIÓN LA PAZ,Bebidas alcohólicas y tabaco
2025-12-01,131.0458193273,CONURBACIÓN LA PAZ,Bebidas alcohólicas y tabaco
2026-01-01,133.9324500865,CONURBACIÓN LA PAZ,Bebidas alcohólicas y tabaco
2026-02-01,136.8037735061,CONURBACIÓN LA PAZ,Bebidas alcohólicas y tabaco
2026-03-01,134.5694501407,CONURBACIÓN LA PAZ,Bebidas alcohólicas y tabaco
2026-04-01,134.8874708556,CONURBACIÓN LA PAZ,Bebidas alcohólicas y tabaco
2026-05-01,135.9384503886,CONURBACIÓN LA PAZ,Bebidas alcohólicas y tabaco
2026-06-01,136.7840404805,CONURBACIÓN LA PAZ,Bebidas alcohólicas y tabaco
2026-07-01,136.7479298543,CONURBACIÓN LA PAZ,Bebidas alcohólicas y tabaco
2018-01-01,100.1820723273,CONURBACIÓN LA PAZ,Bienes y servicios diversos
2018-02-01,100.6137472586,CONURBACIÓN LA PAZ,Bienes y servicios diversos
2018-03-01,100.2662994418,CONURBACIÓN LA PAZ,Bienes y servicios diversos
2018-04-01,100.7118779457,CONURBACIÓN LA PAZ,Bienes y servicios diversos
2018-05-01,100.628551075,CONURBACIÓN LA PAZ,Bienes y servicios diversos
2018-06-01,100.9710986568,CONURBACIÓN LA PAZ,Bienes y servicios diversos
2018-07-01,101.0725528747,CONURBACIÓN LA PAZ,Bienes y servicios diversos
2018-08-01,101.33268294,CONURBACIÓN LA PAZ,Bienes y servicios diversos
2018-09-01,101.3420455213,CONURBACIÓN LA PAZ,Bienes y servicios diversos
2018-10-01,101.7698366319,CONURBACIÓN LA PAZ,Bienes y servicios diversos
2018-11-01,102.3952360327,CONURBACIÓN LA PAZ,Bienes y servicios diversos
2018-12-01,102.2523706237,CONURBACIÓN LA PAZ,Bienes y servicios diversos
2019-01-01,102.4916606764,CONURBACIÓN LA PAZ,Bienes y servicios diversos
2019-02-01,102.513971426,CONURBACIÓN LA PAZ,Bienes y servicios diversos
2019-03-01,102.5996512954,CONURBACIÓN LA PAZ,Bienes y servicios diversos
2019-04-01,102.4366856635,CONURBACIÓN LA PAZ,Bienes y servicios diversos
2019-05-01,102.6451505482,CONURBACIÓN LA PAZ,Bienes y servicios diversos
2019-06-01,102.9433622566,CONURBACIÓN LA PAZ,Bienes y servicios diversos
2019-07-01,102.7601497411,CONURBACIÓN LA PAZ,Bienes y servicios diversos
2019-08-01,102.8513705673,CONURBACIÓN LA PAZ,Bienes y servicios diversos
2019-09-01,102.923583984,CONURBACIÓN LA PAZ,Bienes y servicios diversos
2019-10-01,102.7430249843,CONURBACIÓN LA PAZ,Bienes y servicios diversos
2019-11-01,103.140649484,CONURBACIÓN LA PAZ,Bienes y servicios diversos
2019-12-01,103.475399564,CONURBACIÓN LA PAZ,Bienes y servicios diversos
2020-01-01,103.5569125079,CONURBACIÓN LA PAZ,Bienes y servicios diversos
2020-02-01,103.6160363494,CONURBACIÓN LA PAZ,Bienes y servicios diversos
2020-03-01,103.4568958131,CONURBACIÓN LA PAZ,Bienes y servicios diversos
2020-04-01,106.4895156266,CONURBACIÓN LA PAZ,Bienes y servicios diversos
2020-05-01,105.0465453406,CONURBACIÓN LA PAZ,Bienes y servicios diversos
2020-06-01,104.2265696282,CONURBACIÓN LA PAZ,Bienes y servicios diversos
2020-07-01,104.5747749366,CONURBACIÓN LA PAZ,Bienes y servicios diversos
2020-08-01,105.7835355012,CONURBACIÓN LA PAZ,Bienes y servicios diversos
2020-09-01,105.1667126429,CONURBACIÓN LA PAZ,Bienes y servicios diversos
2020-10-01,104.4785982569,CONURBACIÓN LA PAZ,Bienes y servicios diversos
2020-11-01,104.8366790145,CONURBACIÓN LA PAZ,Bienes y servicios diversos
2020-12-01,104.9149858926,CONURBACIÓN LA PAZ,Bienes y servicios diversos
2021-01-01,105.0498697362,CONURBACIÓN LA PAZ,Bienes y servicios diversos
2021-02-01,105.0877718115,CONURBACIÓN LA PAZ,Bienes y servicios diversos
2021-03-01,104.7956344628,CONURBACIÓN LA PAZ,Bienes y servicios diversos
2021-04-01,104.6572423855,CONURBACIÓN LA PAZ,Bienes y servicios diversos
2021-05-01,103.9945546319,CONURBACIÓN LA PAZ,Bienes y servicios diversos
2021-06-01,103.8354684971,CONURBACIÓN LA PAZ,Bienes y servicios diversos
2021-07-01,103.9866436,CONURBACIÓN LA PAZ,Bienes y servicios diversos
2021-08-01,104.4780227606,CONURBACIÓN LA PAZ,Bienes y servicios diversos
2021-09-01,104.2202741197,CONURBACIÓN LA PAZ,Bienes y servicios diversos
2021-10-01,104.4104586203,CONURBACIÓN LA PAZ,Bienes y servicios diversos
2021-11-01,104.6186796432,CONURBACIÓN LA PAZ,Bienes y servicios diversos
2021-12-01,104.625246333,CONURBACIÓN LA PAZ,Bienes y servicios diversos
2022-01-01,104.8757342297,CONURBACIÓN LA PAZ,Bienes y servicios diversos
2022-02-01,104.791076753,CONURBACIÓN LA PAZ,Bienes y servicios diversos
2022-03-01,105.095637983,CONURBACIÓN LA PAZ,Bienes y servicios diversos
2022-04-01,105.7879178334,CONURBACIÓN LA PAZ,Bienes y servicios diversos
2022-05-01,105.9791772986,CONURBACIÓN LA PAZ,Bienes y servicios diversos
2022-06-01,106.1701849271,CONURBACIÓN LA PAZ,Bienes y servicios diversos
2022-07-01,106.6660938662,CONURBACIÓN LA PAZ,Bienes y servicios diversos
2022-08-01,106.7001601088,CONURBACIÓN LA PAZ,Bienes y servicios diversos
2022-09-01,106.6855499684,CONURBACIÓN LA PAZ,Bienes y servicios diversos
2022-10-01,106.810910128,CONURBACIÓN LA PAZ,Bienes y servicios diversos
2022-11-01,107.0337539,CONURBACIÓN LA PAZ,Bienes y servicios diversos
2022-12-01,107.0027185708,CONURBACIÓN LA PAZ,Bienes y servicios diversos
2023-01-01,107.8149672767,CONURBACIÓN LA PAZ,Bienes y servicios diversos
2023-02-01,107.9167682502,CONURBACIÓN LA PAZ,Bienes y servicios diversos
2023-03-01,108.1075794098,CONURBACIÓN LA PAZ,Bienes y servicios diversos
2023-04-01,108.4938245907,CONURBACIÓN LA PAZ,Bienes y servicios diversos
2023-05-01,108.8898071928,CONURBACIÓN LA PAZ,Bienes y servicios diversos
2023-06-01,109.5677407536,CONURBACIÓN LA PAZ,Bienes y servicios diversos
2023-07-01,110.1407999,CONURBACIÓN LA PAZ,Bienes y servicios diversos
2023-08-01,110.5560151158,CONURBACIÓN LA PAZ,Bienes y servicios diversos
2023-09-01,110.389447168,CONURBACIÓN LA PAZ,Bienes y servicios diversos
2023-10-01,110.2497355184,CONURBACIÓN LA PAZ,Bienes y servicios diversos
2023-11-01,110.0838355,CONURBACIÓN LA PAZ,Bienes y servicios diversos
2023-12-01,110.7590427876,CONURBACIÓN LA PAZ,Bienes y servicios diversos
2024-01-01,111.2145132202,CONURBACIÓN LA PAZ,Bienes y servicios diversos
2024-02-01,112.6161213,CONURBACIÓN LA PAZ,Bienes y servicios diversos
2024-03-01,114.2543658672,CONURBACIÓN LA PAZ,Bienes y servicios diversos
2024-04-01,116.2137674636,CONURBACIÓN LA PAZ,Bienes y servicios diversos
2024-05-01,117.4195215527,CONURBACIÓN LA PAZ,Bienes y servicios diversos
2024-06-01,118.0886741471,CONURBACIÓN LA PAZ,Bienes y servicios diversos
2024-07-01,118.0364414104,CONURBACIÓN LA PAZ,Bienes y servicios diversos
2024-08-01,122.8719828592,CONURBACIÓN LA PAZ,Bienes y servicios diversos
2024-09-01,125.8453828981,CONURBACIÓN LA PAZ,Bienes y servicios diversos
2024-10-01,127.8943213135,CONURBACIÓN LA PAZ,Bienes y servicios diversos
2024-11-01,129.1939337655,CONURBACIÓN LA PAZ,Bienes y servicios diversos
2024-12-01,129.7194901369,CONURBACIÓN LA PAZ,Bienes y servicios diversos
2025-01-01,132.8463477411,CONURBACIÓN LA PAZ,Bienes y servicios diversos
2025-02-01,135.5813827949,CONURBACIÓN LA PAZ,Bienes y servicios diversos
2025-03-01,136.7753743063,CONURBACIÓN LA PAZ,Bienes y servicios diversos
2025-04-01,141.0175248455,CONURBACIÓN LA PAZ,Bienes y servicios diversos
2025-05-01,152.3103504428,CONURBACIÓN LA PAZ,Bienes y servicios diversos
2025-06-01,165.6416706,CONURBACIÓN LA PAZ,Bienes y servicios diversos
2025-07-01,172.3351173964,CONURBACIÓN LA PAZ,Bienes y servicios diversos
2025-08-01,172.7108203199,CONURBACIÓN LA PAZ,Bienes y servicios diversos
2025-09-01,171.3025708355,CONURBACIÓN LA PAZ,Bienes y servicios diversos
2025-10-01,168.8258675414,CONURBACIÓN LA PAZ,Bienes y servicios diversos
2025-11-01,167.3751373259,CONURBACIÓN LA PAZ,Bienes y servicios diversos
2025-12-01,164.8712296516,CONURBACIÓN LA PAZ,Bienes y servicios diversos
2026-01-01,163.7326173061,CONURBACIÓN LA PAZ,Bienes y servicios diversos
2026-02-01,160.9116310174,CONURBACIÓN LA PAZ,Bienes y servicios diversos
2026-03-01,158.7294474907,CONURBACIÓN LA PAZ,Bienes y servicios diversos
2026-04-01,157.8374338392,CONURBACIÓN LA PAZ,Bienes y servicios diversos
2026-05-01,158.4439523193,CONURBACIÓN LA PAZ,Bienes y servicios diversos
2026-06-01,157.6653931493,CONURBACIÓN LA PAZ,Bienes y servicios diversos
2026-07-01,158.2445850521,CONURBACIÓN LA PAZ,Bienes y servicios diversos
2018-01-01,98.4196535893,CONURBACIÓN LA PAZ,Comunicaciones
2018-02-01,98.3597436392,CONURBACIÓN LA PAZ,Comunicaciones
2018-03-01,98.2037072027,CONURBACIÓN LA PAZ,Comunicaciones
2018-04-01,98.3864861216,CONURBACIÓN LA PAZ,Comunicaciones
2018-05-01,98.3478431587,CONURBACIÓN LA PAZ,Comunicaciones
2018-06-01,98.1897077653,CONURBACIÓN LA PAZ,Comunicaciones
2018-07-01,98.2427853709,CONURBACIÓN LA PAZ,Comunicaciones
2018-08-01,98.0396655998,CONURBACIÓN LA PAZ,Comunicaciones
2018-09-01,98.3333887009,CONURBACIÓN LA PAZ,Comunicaciones
2018-10-01,98.3620384033,CONURBACIÓN LA PAZ,Comunicaciones
2018-11-01,98.3445680066,CONURBACIÓN LA PAZ,Comunicaciones
2018-12-01,98.2266647473,CONURBACIÓN LA PAZ,Comunicaciones
2019-01-01,97.7681123453,CONURBACIÓN LA PAZ,Comunicaciones
2019-02-01,97.6097880223,CONURBACIÓN LA PAZ,Comunicaciones
2019-03-01,97.7661742115,CONURBACIÓN LA PAZ,Comunicaciones
2019-04-01,97.75738233,CONURBACIÓN LA PAZ,Comunicaciones
2019-05-01,97.7909783458,CONURBACIÓN LA PAZ,Comunicaciones
2019-06-01,97.7107124141,CONURBACIÓN LA PAZ,Comunicaciones
2019-07-01,97.5711369845,CONURBACIÓN LA PAZ,Comunicaciones
2019-08-01,97.5113540728,CONURBACIÓN LA PAZ,Comunicaciones
2019-09-01,97.5206944527,CONURBACIÓN LA PAZ,Comunicaciones
2019-10-01,97.6180655338,CONURBACIÓN LA PAZ,Comunicaciones
2019-11-01,97.6145704451,CONURBACIÓN LA PAZ,Comunicaciones
2019-12-01,97.6062120276,CONURBACIÓN LA PAZ,Comunicaciones
2020-01-01,97.5791485679,CONURBACIÓN LA PAZ,Comunicaciones
2020-02-01,97.5329951506,CONURBACIÓN LA PAZ,Comunicaciones
2020-03-01,97.680598649,CONURBACIÓN LA PAZ,Comunicaciones
2020-04-01,97.680598651,CONURBACIÓN LA PAZ,Comunicaciones
2020-05-01,97.680598651,CONURBACIÓN LA PAZ,Comunicaciones
2020-06-01,100.2505628774,CONURBACIÓN LA PAZ,Comunicaciones
2020-07-01,100.2590638497,CONURBACIÓN LA PAZ,Comunicaciones
2020-08-01,100.1290286139,CONURBACIÓN LA PAZ,Comunicaciones
2020-09-01,100.0925092953,CONURBACIÓN LA PAZ,Comunicaciones
2020-10-01,100.0915410385,CONURBACIÓN LA PAZ,Comunicaciones
2020-11-01,100.0415340258,CONURBACIÓN LA PAZ,Comunicaciones
2020-12-01,100.0274483018,CONURBACIÓN LA PAZ,Comunicaciones
2021-01-01,99.9459887385,CONURBACIÓN LA PAZ,Comunicaciones
2021-02-01,100.1084287609,CONURBACIÓN LA PAZ,Comunicaciones
2021-03-01,99.9521089559,CONURBACIÓN LA PAZ,Comunicaciones
2021-04-01,99.925060435,CONURBACIÓN LA PAZ,Comunicaciones
2021-05-01,99.5470472965,CONURBACIÓN LA PAZ,Comunicaciones
2021-06-01,99.3926352714,CONURBACIÓN LA PAZ,Comunicaciones
2021-07-01,99.71943318,CONURBACIÓN LA PAZ,Comunicaciones
2021-08-01,99.7695004143,CONURBACIÓN LA PAZ,Comunicaciones
2021-09-01,99.9934828295,CONURBACIÓN LA PAZ,Comunicaciones
2021-10-01,100.4218995567,CONURBACIÓN LA PAZ,Comunicaciones
2021-11-01,100.961583949,CONURBACIÓN LA PAZ,Comunicaciones
2021-12-01,100.8769315234,CONURBACIÓN LA PAZ,Comunicaciones
2022-01-01,100.9682532703,CONURBACIÓN LA PAZ,Comunicaciones
2022-02-01,100.9272564795,CONURBACIÓN LA PAZ,Comunicaciones
2022-03-01,101.0171018498,CONURBACIÓN LA PAZ,Comunicaciones
2022-04-01,100.8675118933,CONURBACIÓN LA PAZ,Comunicaciones
2022-05-01,100.292060142,CONURBACIÓN LA PAZ,Comunicaciones
2022-06-01,99.6573277277,CONURBACIÓN LA PAZ,Comunicaciones
2022-07-01,99.1717532253,CONURBACIÓN LA PAZ,Comunicaciones
2022-08-01,99.2857141803,CONURBACIÓN LA PAZ,Comunicaciones
2022-09-01,99.2236401756,CONURBACIÓN LA PAZ,Comunicaciones
2022-10-01,99.5584434454,CONURBACIÓN LA PAZ,Comunicaciones
2022-11-01,99.67590207,CONURBACIÓN LA PAZ,Comunicaciones
2022-12-01,99.6611725512,CONURBACIÓN LA PAZ,Comunicaciones
2023-01-01,99.4263932203,CONURBACIÓN LA PAZ,Comunicaciones
2023-02-01,99.4541384432,CONURBACIÓN LA PAZ,Comunicaciones
2023-03-01,99.7213742644,CONURBACIÓN LA PAZ,Comunicaciones
2023-04-01,100.2270735064,CONURBACIÓN LA PAZ,Comunicaciones
2023-05-01,100.3786479971,CONURBACIÓN LA PAZ,Comunicaciones
2023-06-01,100.1875513549,CONURBACIÓN LA PAZ,Comunicaciones
2023-07-01,99.96032923,CONURBACIÓN LA PAZ,Comunicaciones
2023-08-01,99.9800041812,CONURBACIÓN LA PAZ,Comunicaciones
2023-09-01,99.9527540118,CONURBACIÓN LA PAZ,Comunicaciones
2023-10-01,99.9427795695,CONURBACIÓN LA PAZ,Comunicaciones
2023-11-01,99.72357785,CONURBACIÓN LA PAZ,Comunicaciones
2023-12-01,99.7082358584,CONURBACIÓN LA PAZ,Comunicaciones
2024-01-01,99.8963108713,CONURBACIÓN LA PAZ,Comunicaciones
2024-02-01,100.4339522,CONURBACIÓN LA PAZ,Comunicaciones
2024-03-01,100.2565596084,CONURBACIÓN LA PAZ,Comunicaciones
2024-04-01,100.5206997185,CONURBACIÓN LA PAZ,Comunicaciones
2024-05-01,100.7492264904,CONURBACIÓN LA PAZ,Comunicaciones
2024-06-01,100.6113396684,CONURBACIÓN LA PAZ,Comunicaciones
2024-07-01,101.2628658686,CONURBACIÓN LA PAZ,Comunicaciones
2024-08-01,102.1849741736,CONURBACIÓN LA PAZ,Comunicaciones
2024-09-01,102.0197966408,CONURBACIÓN LA PAZ,Comunicaciones
2024-10-01,101.7601251875,CONURBACIÓN LA PAZ,Comunicaciones
2024-11-01,101.8824720408,CONURBACIÓN LA PAZ,Comunicaciones
2024-12-01,102.1665196482,CONURBACIÓN LA PAZ,Comunicaciones
2025-01-01,102.4027976586,CONURBACIÓN LA PAZ,Comunicaciones
2025-02-01,102.4158603129,CONURBACIÓN LA PAZ,Comunicaciones
2025-03-01,102.7755833329,CONURBACIÓN LA PAZ,Comunicaciones
2025-04-01,103.5305882635,CONURBACIÓN LA PAZ,Comunicaciones
2025-05-01,104.9520564843,CONURBACIÓN LA PAZ,Comunicaciones
2025-06-01,106.175648133,CONURBACIÓN LA PAZ,Comunicaciones
2025-07-01,105.850877857,CONURBACIÓN LA PAZ,Comunicaciones
2025-08-01,104.1035662049,CONURBACIÓN LA PAZ,Comunicaciones
2025-09-01,102.8290694036,CONURBACIÓN LA PAZ,Comunicaciones
2025-10-01,102.6925583366,CONURBACIÓN LA PAZ,Comunicaciones
2025-11-01,100.6580581469,CONURBACIÓN LA PAZ,Comunicaciones
2025-12-01,99.2175621355,CONURBACIÓN LA PAZ,Comunicaciones
2026-01-01,99.0244530633,CONURBACIÓN LA PAZ,Comunicaciones
2026-02-01,98.7128130647,CONURBACIÓN LA PAZ,Comunicaciones
2026-03-01,98.802077097,CONURBACIÓN LA PAZ,Comunicaciones
2026-04-01,98.9910035653,CONURBACIÓN LA PAZ,Comunicaciones
2026-05-01,99.167508637,CONURBACIÓN LA PAZ,Comunicaciones
2026-06-01,99.3494885507,CONURBACIÓN LA PAZ,Comunicaciones
2026-07-01,99.9055385777,CONURBACIÓN LA PAZ,Comunicaciones
2018-01-01,106.8053051477,CONURBACIÓN LA PAZ,Educación
2018-02-01,108.3774582229,CONURBACIÓN LA PAZ,Educación
2018-03-01,108.449403868,CONURBACIÓN LA PAZ,Educación
2018-04-01,108.4848127029,CONURBACIÓN LA PAZ,Educación
2018-05-01,108.8138810519,CONURBACIÓN LA PAZ,Educación
2018-06-01,108.7796734635,CONURBACIÓN LA PAZ,Educación
2018-07-01,108.9981998771,CONURBACIÓN LA PAZ,Educación
2018-08-01,109.335407315,CONURBACIÓN LA PAZ,Educación
2018-09-01,109.3336594746,CONURBACIÓN LA PAZ,Educación
2018-10-01,109.3139563089,CONURBACIÓN LA PAZ,Educación
2018-11-01,109.7809854487,CONURBACIÓN LA PAZ,Educación
2018-12-01,109.9212279445,CONURBACIÓN LA PAZ,Educación
2019-01-01,113.0397766731,CONURBACIÓN LA PAZ,Educación
2019-02-01,112.8569022305,CONURBACIÓN LA PAZ,Educación
2019-03-01,112.8805445747,CONURBACIÓN LA PAZ,Educación
2019-04-01,112.9136861605,CONURBACIÓN LA PAZ,Educación
2019-05-01,112.909860965,CONURBACIÓN LA PAZ,Educación
2019-06-01,113.0625506451,CONURBACIÓN LA PAZ,Educación
2019-07-01,113.1919762343,CONURBACIÓN LA PAZ,Educación
2019-08-01,113.0915534339,CONURBACIÓN LA PAZ,Educación
2019-09-01,113.0490577895,CONURBACIÓN LA PAZ,Educación
2019-10-01,112.9848472959,CONURBACIÓN LA PAZ,Educación
2019-11-01,113.00014111,CONURBACIÓN LA PAZ,Educación
2019-12-01,113.2090266193,CONURBACIÓN LA PAZ,Educación
2020-01-01,116.1538505312,CONURBACIÓN LA PAZ,Educación
2020-02-01,116.5826304056,CONURBACIÓN LA PAZ,Educación
2020-03-01,116.5642157886,CONURBACIÓN LA PAZ,Educación
2020-04-01,116.5642157886,CONURBACIÓN LA PAZ,Educación
2020-05-01,116.5642157886,CONURBACIÓN LA PAZ,Educación
2020-06-01,116.5642157886,CONURBACIÓN LA PAZ,Educación
2020-07-01,116.5642157886,CONURBACIÓN LA PAZ,Educación
2020-08-01,116.5642157886,CONURBACIÓN LA PAZ,Educación
2020-09-01,116.8605887517,CONURBACIÓN LA PAZ,Educación
2020-10-01,117.2109652302,CONURBACIÓN LA PAZ,Educación
2020-11-01,117.0904093062,CONURBACIÓN LA PAZ,Educación
2020-12-01,117.0501450545,CONURBACIÓN LA PAZ,Educación
2021-01-01,123.2190300798,CONURBACIÓN LA PAZ,Educación
2021-02-01,123.8437195317,CONURBACIÓN LA PAZ,Educación
2021-03-01,121.7750650226,CONURBACIÓN LA PAZ,Educación
2021-04-01,121.7231929432,CONURBACIÓN LA PAZ,Educación
2021-05-01,121.6960542582,CONURBACIÓN LA PAZ,Educación
2021-06-01,121.7249646249,CONURBACIÓN LA PAZ,Educación
2021-07-01,121.6831589,CONURBACIÓN LA PAZ,Educación
2021-08-01,121.2525461856,CONURBACIÓN LA PAZ,Educación
2021-09-01,121.1412775047,CONURBACIÓN LA PAZ,Educación
2021-10-01,121.1818256436,CONURBACIÓN LA PAZ,Educación
2021-11-01,120.9592204542,CONURBACIÓN LA PAZ,Educación
2021-12-01,121.3218149059,CONURBACIÓN LA PAZ,Educación
2022-01-01,125.867179846,CONURBACIÓN LA PAZ,Educación
2022-02-01,126.4413624755,CONURBACIÓN LA PAZ,Educación
2022-03-01,126.3041444573,CONURBACIÓN LA PAZ,Educación
2022-04-01,126.483511763,CONURBACIÓN LA PAZ,Educación
2022-05-01,126.3405257391,CONURBACIÓN LA PAZ,Educación
2022-06-01,126.4031404783,CONURBACIÓN LA PAZ,Educación
2022-07-01,126.301812,CONURBACIÓN LA PAZ,Educación
2022-08-01,126.6987736998,CONURBACIÓN LA PAZ,Educación
2022-09-01,126.7687858398,CONURBACIÓN LA PAZ,Educación
2022-10-01,126.7059915832,CONURBACIÓN LA PAZ,Educación
2022-11-01,126.6903231,CONURBACIÓN LA PAZ,Educación
2022-12-01,126.6345553428,CONURBACIÓN LA PAZ,Educación
2023-01-01,126.9644397198,CONURBACIÓN LA PAZ,Educación
2023-02-01,127.1940997346,CONURBACIÓN LA PAZ,Educación
2023-03-01,127.7122891016,CONURBACIÓN LA PAZ,Educación
2023-04-01,127.6594874435,CONURBACIÓN LA PAZ,Educación
2023-05-01,127.6519888358,CONURBACIÓN LA PAZ,Educación
2023-06-01,127.9105322209,CONURBACIÓN LA PAZ,Educación
2023-07-01,127.3083965,CONURBACIÓN LA PAZ,Educación
2023-08-01,127.5176219018,CONURBACIÓN LA PAZ,Educación
2023-09-01,127.633107615,CONURBACIÓN LA PAZ,Educación
2023-10-01,127.5391713557,CONURBACIÓN LA PAZ,Educación
2023-11-01,127.5014055,CONURBACIÓN LA PAZ,Educación
2023-12-01,127.5205129605,CONURBACIÓN LA PAZ,Educación
2024-01-01,128.669016401,CONURBACIÓN LA PAZ,Educación
2024-02-01,128.4119562,CONURBACIÓN LA PAZ,Educación
2024-03-01,127.6874694092,CONURBACIÓN LA PAZ,Educación
2024-04-01,127.5829649342,CONURBACIÓN LA PAZ,Educación
2024-05-01,127.3566944599,CONURBACIÓN LA PAZ,Educación
2024-06-01,127.4759310546,CONURBACIÓN LA PAZ,Educación
2024-07-01,127.308623696,CONURBACIÓN LA PAZ,Educación
2024-08-01,127.4047327867,CONURBACIÓN LA PAZ,Educación
2024-09-01,127.8949623183,CONURBACIÓN LA PAZ,Educación
2024-10-01,128.0731509609,CONURBACIÓN LA PAZ,Educación
2024-11-01,127.6778313753,CONURBACIÓN LA PAZ,Educación
2024-12-01,127.7353723629,CONURBACIÓN LA PAZ,Educación
2025-01-01,129.1299777089,CONURBACIÓN LA PAZ,Educación
2025-02-01,129.1820938796,CONURBACIÓN LA PAZ,Educación
2025-03-01,129.7448349414,CONURBACIÓN LA PAZ,Educación
2025-04-01,129.6130878721,CONURBACIÓN LA PAZ,Educación
2025-05-01,129.4134723287,CONURBACIÓN LA PAZ,Educación
2025-06-01,129.3579538517,CONURBACIÓN LA PAZ,Educación
2025-07-01,129.2176509361,CONURBACIÓN LA PAZ,Educación
2025-08-01,129.3123067428,CONURBACIÓN LA PAZ,Educación
2025-09-01,130.0882237827,CONURBACIÓN LA PAZ,Educación
2025-10-01,130.1372196812,CONURBACIÓN LA PAZ,Educación
2025-11-01,130.1831666784,CONURBACIÓN LA PAZ,Educación
2025-12-01,129.5225534531,CONURBACIÓN LA PAZ,Educación
2026-01-01,136.4805631873,CONURBACIÓN LA PAZ,Educación
2026-02-01,137.2606532835,CONURBACIÓN LA PAZ,Educación
2026-03-01,137.1709152392,CONURBACIÓN LA PAZ,Educación
2026-04-01,137.4981970468,CONURBACIÓN LA PAZ,Educación
2026-05-01,136.8147173911,CONURBACIÓN LA PAZ,Educación
2026-06-01,137.3126643208,CONURBACIÓN LA PAZ,Educación
2026-07-01,138.3198218871,CONURBACIÓN LA PAZ,Educación
2018-01-01,103.1644144623,CONURBACIÓN LA PAZ,"Muebles, bienes y servicios domésticos"
2018-02-01,103.1807578401,CONURBACIÓN LA PAZ,"Muebles, bienes y servicios domésticos"
2018-03-01,102.859452258,CONURBACIÓN LA PAZ,"Muebles, bienes y servicios domésticos"
2018-04-01,102.698760246,CONURBACIÓN LA PAZ,"Muebles, bienes y servicios domésticos"
2018-05-01,103.0874280912,CONURBACIÓN LA PAZ,"Muebles, bienes y servicios domésticos"
2018-06-01,103.2388870981,CONURBACIÓN LA PAZ,"Muebles, bienes y servicios domésticos"
2018-07-01,103.1051210631,CONURBACIÓN LA PAZ,"Muebles, bienes y servicios domésticos"
2018-08-01,103.287399665,CONURBACIÓN LA PAZ,"Muebles, bienes y servicios domésticos"
2018-09-01,103.2966846407,CONURBACIÓN LA PAZ,"Muebles, bienes y servicios domésticos"
2018-10-01,103.2447722005,CONURBACIÓN LA PAZ,"Muebles, bienes y servicios domésticos"
2018-11-01,103.5439734643,CONURBACIÓN LA PAZ,"Muebles, bienes y servicios domésticos"
2018-12-01,103.8678561515,CONURBACIÓN LA PAZ,"Muebles, bienes y servicios domésticos"
2019-01-01,104.3458152868,CONURBACIÓN LA PAZ,"Muebles, bienes y servicios domésticos"
2019-02-01,104.3267674256,CONURBACIÓN LA PAZ,"Muebles, bienes y servicios domésticos"
2019-03-01,104.4420469008,CONURBACIÓN LA PAZ,"Muebles, bienes y servicios domésticos"
2019-04-01,104.7686354522,CONURBACIÓN LA PAZ,"Muebles, bienes y servicios domésticos"
2019-05-01,104.8600810545,CONURBACIÓN LA PAZ,"Muebles, bienes y servicios domésticos"
2019-06-01,104.8911638836,CONURBACIÓN LA PAZ,"Muebles, bienes y servicios domésticos"
2019-07-01,105.0120154462,CONURBACIÓN LA PAZ,"Muebles, bienes y servicios domésticos"
2019-08-01,105.0514183969,CONURBACIÓN LA PAZ,"Muebles, bienes y servicios domésticos"
2019-09-01,104.5997546845,CONURBACIÓN LA PAZ,"Muebles, bienes y servicios domésticos"
2019-10-01,104.6733305185,CONURBACIÓN LA PAZ,"Muebles, bienes y servicios domésticos"
2019-11-01,104.8055721125,CONURBACIÓN LA PAZ,"Muebles, bienes y servicios domésticos"
2019-12-01,105.35434261,CONURBACIÓN LA PAZ,"Muebles, bienes y servicios domésticos"
2020-01-01,104.9650994436,CONURBACIÓN LA PAZ,"Muebles, bienes y servicios domésticos"
2020-02-01,104.6921230374,CONURBACIÓN LA PAZ,"Muebles, bienes y servicios domésticos"
2020-03-01,105.27324289,CONURBACIÓN LA PAZ,"Muebles, bienes y servicios domésticos"
2020-04-01,106.5287748157,CONURBACIÓN LA PAZ,"Muebles, bienes y servicios domésticos"
2020-05-01,107.2623800995,CONURBACIÓN LA PAZ,"Muebles, bienes y servicios domésticos"
2020-06-01,105.6132120004,CONURBACIÓN LA PAZ,"Muebles, bienes y servicios domésticos"
2020-07-01,106.0124033894,CONURBACIÓN LA PAZ,"Muebles, bienes y servicios domésticos"
2020-08-01,105.8687598828,CONURBACIÓN LA PAZ,"Muebles, bienes y servicios domésticos"
2020-09-01,104.9541516392,CONURBACIÓN LA PAZ,"Muebles, bienes y servicios domésticos"
2020-10-01,104.9453907447,CONURBACIÓN LA PAZ,"Muebles, bienes y servicios domésticos"
2020-11-01,105.2302715463,CONURBACIÓN LA PAZ,"Muebles, bienes y servicios domésticos"
2020-12-01,105.9924436169,CONURBACIÓN LA PAZ,"Muebles, bienes y servicios domésticos"
2021-01-01,106.2873143513,CONURBACIÓN LA PAZ,"Muebles, bienes y servicios domésticos"
2021-02-01,106.8208130875,CONURBACIÓN LA PAZ,"Muebles, bienes y servicios domésticos"
2021-03-01,107.0704343752,CONURBACIÓN LA PAZ,"Muebles, bienes y servicios domésticos"
2021-04-01,106.6693185851,CONURBACIÓN LA PAZ,"Muebles, bienes y servicios domésticos"
2021-05-01,105.9432922959,CONURBACIÓN LA PAZ,"Muebles, bienes y servicios domésticos"
2021-06-01,106.1446068982,CONURBACIÓN LA PAZ,"Muebles, bienes y servicios domésticos"
2021-07-01,105.9086425,CONURBACIÓN LA PAZ,"Muebles, bienes y servicios domésticos"
2021-08-01,105.8769308762,CONURBACIÓN LA PAZ,"Muebles, bienes y servicios domésticos"
2021-09-01,106.0306484207,CONURBACIÓN LA PAZ,"Muebles, bienes y servicios domésticos"
2021-10-01,105.893279122,CONURBACIÓN LA PAZ,"Muebles, bienes y servicios domésticos"
2021-11-01,105.9237175442,CONURBACIÓN LA PAZ,"Muebles, bienes y servicios domésticos"
2021-12-01,106.5475787442,CONURBACIÓN LA PAZ,"Muebles, bienes y servicios domésticos"
2022-01-01,107.41845771,CONURBACIÓN LA PAZ,"Muebles, bienes y servicios domésticos"
2022-02-01,108.0362499178,CONURBACIÓN LA PAZ,"Muebles, bienes y servicios domésticos"
2022-03-01,108.8331983482,CONURBACIÓN LA PAZ,"Muebles, bienes y servicios domésticos"
2022-04-01,108.9968801613,CONURBACIÓN LA PAZ,"Muebles, bienes y servicios domésticos"
2022-05-01,109.0657648239,CONURBACIÓN LA PAZ,"Muebles, bienes y servicios domésticos"
2022-06-01,109.2186136316,CONURBACIÓN LA PAZ,"Muebles, bienes y servicios domésticos"
2022-07-01,110.8032874785,CONURBACIÓN LA PAZ,"Muebles, bienes y servicios domésticos"
2022-08-01,111.2946536288,CONURBACIÓN LA PAZ,"Muebles, bienes y servicios domésticos"
2022-09-01,111.9476719902,CONURBACIÓN LA PAZ,"Muebles, bienes y servicios domésticos"
2022-10-01,112.277155138,CONURBACIÓN LA PAZ,"Muebles, bienes y servicios domésticos"
2022-11-01,111.8178269,CONURBACIÓN LA PAZ,"Muebles, bienes y servicios domésticos"
2022-12-01,111.9700361033,CONURBACIÓN LA PAZ,"Muebles, bienes y servicios domésticos"
2023-01-01,112.190546532,CONURBACIÓN LA PAZ,"Muebles, bienes y servicios domésticos"
2023-02-01,112.3668826839,CONURBACIÓN LA PAZ,"Muebles, bienes y servicios domésticos"
2023-03-01,112.5951465455,CONURBACIÓN LA PAZ,"Muebles, bienes y servicios domésticos"
2023-04-01,112.5713580504,CONURBACIÓN LA PAZ,"Muebles, bienes y servicios domésticos"
2023-05-01,112.9119020427,CONURBACIÓN LA PAZ,"Muebles, bienes y servicios domésticos"
2023-06-01,113.8543352923,CONURBACIÓN LA PAZ,"Muebles, bienes y servicios domésticos"
2023-07-01,113.5853821,CONURBACIÓN LA PAZ,"Muebles, bienes y servicios domésticos"
2023-08-01,113.5555677576,CONURBACIÓN LA PAZ,"Muebles, bienes y servicios domésticos"
2023-09-01,113.3984157858,CONURBACIÓN LA PAZ,"Muebles, bienes y servicios domésticos"
2023-10-01,113.3148405249,CONURBACIÓN LA PAZ,"Muebles, bienes y servicios domésticos"
2023-11-01,113.2804849,CONURBACIÓN LA PAZ,"Muebles, bienes y servicios domésticos"
2023-12-01,113.5593510954,CONURBACIÓN LA PAZ,"Muebles, bienes y servicios domésticos"
2024-01-01,113.4624540568,CONURBACIÓN LA PAZ,"Muebles, bienes y servicios domésticos"
2024-02-01,114.4538241,CONURBACIÓN LA PAZ,"Muebles, bienes y servicios domésticos"
2024-03-01,115.7377755008,CONURBACIÓN LA PAZ,"Muebles, bienes y servicios domésticos"
2024-04-01,115.9958684662,CONURBACIÓN LA PAZ,"Muebles, bienes y servicios domésticos"
2024-05-01,116.9041955311,CONURBACIÓN LA PAZ,"Muebles, bienes y servicios domésticos"
2024-06-01,117.4548233735,CONURBACIÓN LA PAZ,"Muebles, bienes y servicios domésticos"
2024-07-01,118.3982585647,CONURBACIÓN LA PAZ,"Muebles, bienes y servicios domésticos"
2024-08-01,123.2093397033,CONURBACIÓN LA PAZ,"Muebles, bienes y servicios domésticos"
2024-09-01,125.9297673125,CONURBACIÓN LA PAZ,"Muebles, bienes y servicios domésticos"
2024-10-01,126.9941190826,CONURBACIÓN LA PAZ,"Muebles, bienes y servicios domésticos"
2024-11-01,128.0375641671,CONURBACIÓN LA PAZ,"Muebles, bienes y servicios domésticos"
2024-12-01,129.3532537422,CONURBACIÓN LA PAZ,"Muebles, bienes y servicios domésticos"
2025-01-01,130.8609401897,CONURBACIÓN LA PAZ,"Muebles, bienes y servicios domésticos"
2025-02-01,131.6160017224,CONURBACIÓN LA PAZ,"Muebles, bienes y servicios domésticos"
2025-03-01,132.6826139985,CONURBACIÓN LA PAZ,"Muebles, bienes y servicios domésticos"
2025-04-01,136.0935461057,CONURBACIÓN LA PAZ,"Muebles, bienes y servicios domésticos"
2025-05-01,146.072766185,CONURBACIÓN LA PAZ,"Muebles, bienes y servicios domésticos"
2025-06-01,156.583106365,CONURBACIÓN LA PAZ,"Muebles, bienes y servicios domésticos"
2025-07-01,161.3796786447,CONURBACIÓN LA PAZ,"Muebles, bienes y servicios domésticos"
2025-08-01,162.132256639,CONURBACIÓN LA PAZ,"Muebles, bienes y servicios domésticos"
2025-09-01,161.7039740227,CONURBACIÓN LA PAZ,"Muebles, bienes y servicios domésticos"
2025-10-01,161.2712677702,CONURBACIÓN LA PAZ,"Muebles, bienes y servicios domésticos"
2025-11-01,159.6388430448,CONURBACIÓN LA PAZ,"Muebles, bienes y servicios domésticos"
2025-12-01,158.2731926971,CONURBACIÓN LA PAZ,"Muebles, bienes y servicios domésticos"
2026-01-01,158.5368005028,CONURBACIÓN LA PAZ,"Muebles, bienes y servicios domésticos"
2026-02-01,156.8868829132,CONURBACIÓN LA PAZ,"Muebles, bienes y servicios domésticos"
2026-03-01,156.3491641407,CONURBACIÓN LA PAZ,"Muebles, bienes y servicios domésticos"
2026-04-01,155.1863447094,CONURBACIÓN LA PAZ,"Muebles, bienes y servicios domésticos"
2026-05-01,155.0385740588,CONURBACIÓN LA PAZ,"Muebles, bienes y servicios domésticos"
2026-06-01,155.6877535787,CONURBACIÓN LA PAZ,"Muebles, bienes y servicios domésticos"
2026-07-01,155.8583449723,CONURBACIÓN LA PAZ,"Muebles, bienes y servicios domésticos"
2018-01-01,98.8418829645,CONURBACIÓN LA PAZ,Prendas de vestir y calzado
2018-02-01,98.9539477964,CONURBACIÓN LA PAZ,Prendas de vestir y calzado
2018-03-01,98.38941301,CONURBACIÓN LA PAZ,Prendas de vestir y calzado
2018-04-01,98.418738554,CONURBACIÓN LA PAZ,Prendas de vestir y calzado
2018-05-01,98.8412500429,CONURBACIÓN LA PAZ,Prendas de vestir y calzado
2018-06-01,98.7495969641,CONURBACIÓN LA PAZ,Prendas de vestir y calzado
2018-07-01,99.2410716484,CONURBACIÓN LA PAZ,Prendas de vestir y calzado
2018-08-01,99.4554783227,CONURBACIÓN LA PAZ,Prendas de vestir y calzado
2018-09-01,99.3737251478,CONURBACIÓN LA PAZ,Prendas de vestir y calzado
2018-10-01,99.7137551412,CONURBACIÓN LA PAZ,Prendas de vestir y calzado
2018-11-01,100.0426571749,CONURBACIÓN LA PAZ,Prendas de vestir y calzado
2018-12-01,100.6417391529,CONURBACIÓN LA PAZ,Prendas de vestir y calzado
2019-01-01,100.4869511275,CONURBACIÓN LA PAZ,Prendas de vestir y calzado
2019-02-01,100.3777014562,CONURBACIÓN LA PAZ,Prendas de vestir y calzado
2019-03-01,100.4909588943,CONURBACIÓN LA PAZ,Prendas de vestir y calzado
2019-04-01,100.4028710593,CONURBACIÓN LA PAZ,Prendas de vestir y calzado
2019-05-01,100.640781462,CONURBACIÓN LA PAZ,Prendas de vestir y calzado
2019-06-01,100.7472819991,CONURBACIÓN LA PAZ,Prendas de vestir y calzado
2019-07-01,100.7139140038,CONURBACIÓN LA PAZ,Prendas de vestir y calzado
2019-08-01,100.5391696302,CONURBACIÓN LA PAZ,Prendas de vestir y calzado
2019-09-01,100.5252213841,CONURBACIÓN LA PAZ,Prendas de vestir y calzado
2019-10-01,100.7730852091,CONURBACIÓN LA PAZ,Prendas de vestir y calzado
2019-11-01,100.6793860496,CONURBACIÓN LA PAZ,Prendas de vestir y calzado
2019-12-01,101.1427191383,CONURBACIÓN LA PAZ,Prendas de vestir y calzado
2020-01-01,101.0736555036,CONURBACIÓN LA PAZ,Prendas de vestir y calzado
2020-02-01,100.9912518575,CONURBACIÓN LA PAZ,Prendas de vestir y calzado
2020-03-01,100.6730688027,CONURBACIÓN LA PAZ,Prendas de vestir y calzado
2020-04-01,100.6868374117,CONURBACIÓN LA PAZ,Prendas de vestir y calzado
2020-05-01,101.1118746585,CONURBACIÓN LA PAZ,Prendas de vestir y calzado
2020-06-01,100.2869775243,CONURBACIÓN LA PAZ,Prendas de vestir y calzado
2020-07-01,100.0102915558,CONURBACIÓN LA PAZ,Prendas de vestir y calzado
2020-08-01,100.5447929849,CONURBACIÓN LA PAZ,Prendas de vestir y calzado
2020-09-01,99.9541425156,CONURBACIÓN LA PAZ,Prendas de vestir y calzado
2020-10-01,99.149395363,CONURBACIÓN LA PAZ,Prendas de vestir y calzado
2020-11-01,98.9891014028,CONURBACIÓN LA PAZ,Prendas de vestir y calzado
2020-12-01,99.3002324137,CONURBACIÓN LA PAZ,Prendas de vestir y calzado
2021-01-01,99.3102053085,CONURBACIÓN LA PAZ,Prendas de vestir y calzado
2021-02-01,98.9955881706,CONURBACIÓN LA PAZ,Prendas de vestir y calzado
2021-03-01,98.8083338073,CONURBACIÓN LA PAZ,Prendas de vestir y calzado
2021-04-01,98.913523359,CONURBACIÓN LA PAZ,Prendas de vestir y calzado
2021-05-01,98.746622128,CONURBACIÓN LA PAZ,Prendas de vestir y calzado
2021-06-01,98.9587781703,CONURBACIÓN LA PAZ,Prendas de vestir y calzado
2021-07-01,98.9009935,CONURBACIÓN LA PAZ,Prendas de vestir y calzado
2021-08-01,98.8672524523,CONURBACIÓN LA PAZ,Prendas de vestir y calzado
2021-09-01,99.3270820929,CONURBACIÓN LA PAZ,Prendas de vestir y calzado
2021-10-01,99.305788573,CONURBACIÓN LA PAZ,Prendas de vestir y calzado
2021-11-01,99.1071301749,CONURBACIÓN LA PAZ,Prendas de vestir y calzado
2021-12-01,100.0870994498,CONURBACIÓN LA PAZ,Prendas de vestir y calzado
2022-01-01,100.2310129131,CONURBACIÓN LA PAZ,Prendas de vestir y calzado
2022-02-01,100.9447949815,CONURBACIÓN LA PAZ,Prendas de vestir y calzado
2022-03-01,101.1347452967,CONURBACIÓN LA PAZ,Prendas de vestir y calzado
2022-04-01,101.2821762478,CONURBACIÓN LA PAZ,Prendas de vestir y calzado
2022-05-01,101.4911207899,CONURBACIÓN LA PAZ,Prendas de vestir y calzado
2022-06-01,101.9571630307,CONURBACIÓN LA PAZ,Prendas de vestir y calzado
2022-07-01,102.2838871381,CONURBACIÓN LA PAZ,Prendas de vestir y calzado
2022-08-01,102.3366555964,CONURBACIÓN LA PAZ,Prendas de vestir y calzado
2022-09-01,102.1593108183,CONURBACIÓN LA PAZ,Prendas de vestir y calzado
2022-10-01,102.1838529925,CONURBACIÓN LA PAZ,Prendas de vestir y calzado
2022-11-01,101.9400859,CONURBACIÓN LA PAZ,Prendas de vestir y calzado
2022-12-01,102.2402508568,CONURBACIÓN LA PAZ,Prendas de vestir y calzado
2023-01-01,102.5222258746,CONURBACIÓN LA PAZ,Prendas de vestir y calzado
2023-02-01,102.6307542629,CONURBACIÓN LA PAZ,Prendas de vestir y calzado
2023-03-01,102.6025720918,CONURBACIÓN LA PAZ,Prendas de vestir y calzado
2023-04-01,102.6912609819,CONURBACIÓN LA PAZ,Prendas de vestir y calzado
2023-05-01,103.1415901544,CONURBACIÓN LA PAZ,Prendas de vestir y calzado
2023-06-01,103.1915143856,CONURBACIÓN LA PAZ,Prendas de vestir y calzado
2023-07-01,103.5376169,CONURBACIÓN LA PAZ,Prendas de vestir y calzado
2023-08-01,103.2736989671,CONURBACIÓN LA PAZ,Prendas de vestir y calzado
2023-09-01,103.2326439736,CONURBACIÓN LA PAZ,Prendas de vestir y calzado
2023-10-01,103.1672566626,CONURBACIÓN LA PAZ,Prendas de vestir y calzado
2023-11-01,102.7169454,CONURBACIÓN LA PAZ,Prendas de vestir y calzado
2023-12-01,103.458671465,CONURBACIÓN LA PAZ,Prendas de vestir y calzado
2024-01-01,103.4839497858,CONURBACIÓN LA PAZ,Prendas de vestir y calzado
2024-02-01,103.5736074,CONURBACIÓN LA PAZ,Prendas de vestir y calzado
2024-03-01,104.03403239,CONURBACIÓN LA PAZ,Prendas de vestir y calzado
2024-04-01,104.1049579436,CONURBACIÓN LA PAZ,Prendas de vestir y calzado
2024-05-01,104.3271580206,CONURBACIÓN LA PAZ,Prendas de vestir y calzado
2024-06-01,104.903746173,CONURBACIÓN LA PAZ,Prendas de vestir y calzado
2024-07-01,105.8334983006,CONURBACIÓN LA PAZ,Prendas de vestir y calzado
2024-08-01,108.6249541071,CONURBACIÓN LA PAZ,Prendas de vestir y calzado
2024-09-01,110.3852715508,CONURBACIÓN LA PAZ,Prendas de vestir y calzado
2024-10-01,111.9850429985,CONURBACIÓN LA PAZ,Prendas de vestir y calzado
2024-11-01,112.5087932738,CONURBACIÓN LA PAZ,Prendas de vestir y calzado
2024-12-01,114.369838885,CONURBACIÓN LA PAZ,Prendas de vestir y calzado
2025-01-01,115.9610405962,CONURBACIÓN LA PAZ,Prendas de vestir y calzado
2025-02-01,117.1740866229,CONURBACIÓN LA PAZ,Prendas de vestir y calzado
2025-03-01,117.9648512829,CONURBACIÓN LA PAZ,Prendas de vestir y calzado
2025-04-01,120.1359700788,CONURBACIÓN LA PAZ,Prendas de vestir y calzado
2025-05-01,128.3831711765,CONURBACIÓN LA PAZ,Prendas de vestir y calzado
2025-06-01,136.283893266,CONURBACIÓN LA PAZ,Prendas de vestir y calzado
2025-07-01,139.127736513,CONURBACIÓN LA PAZ,Prendas de vestir y calzado
2025-08-01,139.9670236555,CONURBACIÓN LA PAZ,Prendas de vestir y calzado
2025-09-01,139.5279877507,CONURBACIÓN LA PAZ,Prendas de vestir y calzado
2025-10-01,140.0224025876,CONURBACIÓN LA PAZ,Prendas de vestir y calzado
2025-11-01,139.4883002728,CONURBACIÓN LA PAZ,Prendas de vestir y calzado
2025-12-01,140.218552243,CONURBACIÓN LA PAZ,Prendas de vestir y calzado
2026-01-01,140.1597490107,CONURBACIÓN LA PAZ,Prendas de vestir y calzado
2026-02-01,138.5248894729,CONURBACIÓN LA PAZ,Prendas de vestir y calzado
2026-03-01,137.3290702059,CONURBACIÓN LA PAZ,Prendas de vestir y calzado
2026-04-01,136.6190310288,CONURBACIÓN LA PAZ,Prendas de vestir y calzado
2026-05-01,136.1002752621,CONURBACIÓN LA PAZ,Prendas de vestir y calzado
2026-06-01,135.7506574584,CONURBACIÓN LA PAZ,Prendas de vestir y calzado
2026-07-01,137.9354890993,CONURBACIÓN LA PAZ,Prendas de vestir y calzado
2018-01-01,100.2744771852,CONURBACIÓN LA PAZ,Recreación y cultura
2018-02-01,100.9687510797,CONURBACIÓN LA PAZ,Recreación y cultura
2018-03-01,101.02205754,CONURBACIÓN LA PAZ,Recreación y cultura
2018-04-01,101.3965520308,CONURBACIÓN LA PAZ,Recreación y cultura
2018-05-01,101.4394567803,CONURBACIÓN LA PAZ,Recreación y cultura
2018-06-01,101.7213403696,CONURBACIÓN LA PAZ,Recreación y cultura
2018-07-01,101.935787865,CONURBACIÓN LA PAZ,Recreación y cultura
2018-08-01,101.1225609277,CONURBACIÓN LA PAZ,Recreación y cultura
2018-09-01,101.3731036412,CONURBACIÓN LA PAZ,Recreación y cultura
2018-10-01,101.0305576973,CONURBACIÓN LA PAZ,Recreación y cultura
2018-11-01,101.2961651086,CONURBACIÓN LA PAZ,Recreación y cultura
2018-12-01,101.2333578226,CONURBACIÓN LA PAZ,Recreación y cultura
2019-01-01,101.3888064338,CONURBACIÓN LA PAZ,Recreación y cultura
2019-02-01,101.6877385687,CONURBACIÓN LA PAZ,Recreación y cultura
2019-03-01,101.6153291576,CONURBACIÓN LA PAZ,Recreación y cultura
2019-04-01,101.302996101,CONURBACIÓN LA PAZ,Recreación y cultura
2019-05-01,101.5466037487,CONURBACIÓN LA PAZ,Recreación y cultura
2019-06-01,101.3805733208,CONURBACIÓN LA PAZ,Recreación y cultura
2019-07-01,101.3992721439,CONURBACIÓN LA PAZ,Recreación y cultura
2019-08-01,101.296357094,CONURBACIÓN LA PAZ,Recreación y cultura
2019-09-01,101.5689531346,CONURBACIÓN LA PAZ,Recreación y cultura
2019-10-01,101.6469942807,CONURBACIÓN LA PAZ,Recreación y cultura
2019-11-01,101.827980314,CONURBACIÓN LA PAZ,Recreación y cultura
2019-12-01,101.8610631268,CONURBACIÓN LA PAZ,Recreación y cultura
2020-01-01,102.4087390359,CONURBACIÓN LA PAZ,Recreación y cultura
2020-02-01,103.0412800348,CONURBACIÓN LA PAZ,Recreación y cultura
2020-03-01,103.3007082666,CONURBACIÓN LA PAZ,Recreación y cultura
2020-04-01,103.3169860856,CONURBACIÓN LA PAZ,Recreación y cultura
2020-05-01,103.0667753968,CONURBACIÓN LA PAZ,Recreación y cultura
2020-06-01,104.177930625,CONURBACIÓN LA PAZ,Recreación y cultura
2020-07-01,104.790054223,CONURBACIÓN LA PAZ,Recreación y cultura
2020-08-01,104.6658861904,CONURBACIÓN LA PAZ,Recreación y cultura
2020-09-01,104.9561271561,CONURBACIÓN LA PAZ,Recreación y cultura
2020-10-01,104.882369608,CONURBACIÓN LA PAZ,Recreación y cultura
2020-11-01,105.1091430719,CONURBACIÓN LA PAZ,Recreación y cultura
2020-12-01,105.4059560061,CONURBACIÓN LA PAZ,Recreación y cultura
2021-01-01,105.5374868234,CONURBACIÓN LA PAZ,Recreación y cultura
2021-02-01,105.865927772,CONURBACIÓN LA PAZ,Recreación y cultura
2021-03-01,105.5045304292,CONURBACIÓN LA PAZ,Recreación y cultura
2021-04-01,105.4938457553,CONURBACIÓN LA PAZ,Recreación y cultura
2021-05-01,105.6389193896,CONURBACIÓN LA PAZ,Recreación y cultura
2021-06-01,106.0854606283,CONURBACIÓN LA PAZ,Recreación y cultura
2021-07-01,106.0611153,CONURBACIÓN LA PAZ,Recreación y cultura
2021-08-01,106.5773607339,CONURBACIÓN LA PAZ,Recreación y cultura
2021-09-01,106.8659859413,CONURBACIÓN LA PAZ,Recreación y cultura
2021-10-01,107.0072945881,CONURBACIÓN LA PAZ,Recreación y cultura
2021-11-01,107.1640435003,CONURBACIÓN LA PAZ,Recreación y cultura
2021-12-01,108.107230491,CONURBACIÓN LA PAZ,Recreación y cultura
2022-01-01,107.7341486773,CONURBACIÓN LA PAZ,Recreación y cultura
2022-02-01,107.6240153477,CONURBACIÓN LA PAZ,Recreación y cultura
2022-03-01,107.4746974405,CONURBACIÓN LA PAZ,Recreación y cultura
2022-04-01,107.1207637286,CONURBACIÓN LA PAZ,Recreación y cultura
2022-05-01,106.8060804824,CONURBACIÓN LA PAZ,Recreación y cultura
2022-06-01,107.1258948817,CONURBACIÓN LA PAZ,Recreación y cultura
2022-07-01,107.0687315863,CONURBACIÓN LA PAZ,Recreación y cultura
2022-08-01,106.8971701441,CONURBACIÓN LA PAZ,Recreación y cultura
2022-09-01,106.5143565298,CONURBACIÓN LA PAZ,Recreación y cultura
2022-10-01,106.5894595285,CONURBACIÓN LA PAZ,Recreación y cultura
2022-11-01,106.8567209,CONURBACIÓN LA PAZ,Recreación y cultura
2022-12-01,106.9233265009,CONURBACIÓN LA PAZ,Recreación y cultura
2023-01-01,106.5517274107,CONURBACIÓN LA PAZ,Recreación y cultura
2023-02-01,107.004905923,CONURBACIÓN LA PAZ,Recreación y cultura
2023-03-01,107.427416081,CONURBACIÓN LA PAZ,Recreación y cultura
2023-04-01,107.200701295,CONURBACIÓN LA PAZ,Recreación y cultura
2023-05-01,107.2915348687,CONURBACIÓN LA PAZ,Recreación y cultura
2023-06-01,106.8277523859,CONURBACIÓN LA PAZ,Recreación y cultura
2023-07-01,107.5366121,CONURBACIÓN LA PAZ,Recreación y cultura
2023-08-01,107.83356977,CONURBACIÓN LA PAZ,Recreación y cultura
2023-09-01,107.5544062248,CONURBACIÓN LA PAZ,Recreación y cultura
2023-10-01,107.804202408,CONURBACIÓN LA PAZ,Recreación y cultura
2023-11-01,107.4816559,CONURBACIÓN LA PAZ,Recreación y cultura
2023-12-01,107.7214048694,CONURBACIÓN LA PAZ,Recreación y cultura
2024-01-01,108.3081298715,CONURBACIÓN LA PAZ,Recreación y cultura
2024-02-01,108.7715338,CONURBACIÓN LA PAZ,Recreación y cultura
2024-03-01,109.6987407553,CONURBACIÓN LA PAZ,Recreación y cultura
2024-04-01,109.9265689041,CONURBACIÓN LA PAZ,Recreación y cultura
2024-05-01,110.3885436841,CONURBACIÓN LA PAZ,Recreación y cultura
2024-06-01,110.612145576,CONURBACIÓN LA PAZ,Recreación y cultura
2024-07-01,111.7907452931,CONURBACIÓN LA PAZ,Recreación y cultura
2024-08-01,116.8945150892,CONURBACIÓN LA PAZ,Recreación y cultura
2024-09-01,117.0029352063,CONURBACIÓN LA PAZ,Recreación y cultura
2024-10-01,117.4527940896,CONURBACIÓN LA PAZ,Recreación y cultura
2024-11-01,117.2627704168,CONURBACIÓN LA PAZ,Recreación y cultura
2024-12-01,117.6361208815,CONURBACIÓN LA PAZ,Recreación y cultura
2025-01-01,122.8305149115,CONURBACIÓN LA PAZ,Recreación y cultura
2025-02-01,124.3852339154,CONURBACIÓN LA PAZ,Recreación y cultura
2025-03-01,122.3293207572,CONURBACIÓN LA PAZ,Recreación y cultura
2025-04-01,123.7924467274,CONURBACIÓN LA PAZ,Recreación y cultura
2025-05-01,126.0536511774,CONURBACIÓN LA PAZ,Recreación y cultura
2025-06-01,128.2759099402,CONURBACIÓN LA PAZ,Recreación y cultura
2025-07-01,128.3014858864,CONURBACIÓN LA PAZ,Recreación y cultura
2025-08-01,133.6528677096,CONURBACIÓN LA PAZ,Recreación y cultura
2025-09-01,132.5171960902,CONURBACIÓN LA PAZ,Recreación y cultura
2025-10-01,132.5498529992,CONURBACIÓN LA PAZ,Recreación y cultura
2025-11-01,130.8970211253,CONURBACIÓN LA PAZ,Recreación y cultura
2025-12-01,129.3053493808,CONURBACIÓN LA PAZ,Recreación y cultura
2026-01-01,128.6135688927,CONURBACIÓN LA PAZ,Recreación y cultura
2026-02-01,130.6544335665,CONURBACIÓN LA PAZ,Recreación y cultura
2026-03-01,129.342843732,CONURBACIÓN LA PAZ,Recreación y cultura
2026-04-01,129.0873221887,CONURBACIÓN LA PAZ,Recreación y cultura
2026-05-01,129.2914472737,CONURBACIÓN LA PAZ,Recreación y cultura
2026-06-01,129.4310491547,CONURBACIÓN LA PAZ,Recreación y cultura
2026-07-01,131.0242341169,CONURBACIÓN LA PAZ,Recreación y cultura
2018-01-01,101.2094919484,CONURBACIÓN LA PAZ,Salud
2018-02-01,101.2074440232,CONURBACIÓN LA PAZ,Salud
2018-03-01,101.4262741754,CONURBACIÓN LA PAZ,Salud
2018-04-01,101.4543103295,CONURBACIÓN LA PAZ,Salud
2018-05-01,102.1946426685,CONURBACIÓN LA PAZ,Salud
2018-06-01,103.09966434,CONURBACIÓN LA PAZ,Salud
2018-07-01,103.0660295478,CONURBACIÓN LA PAZ,Salud
2018-08-01,103.7161420733,CONURBACIÓN LA PAZ,Salud
2018-09-01,103.8089622919,CONURBACIÓN LA PAZ,Salud
2018-10-01,103.5616207765,CONURBACIÓN LA PAZ,Salud
2018-11-01,103.87729527,CONURBACIÓN LA PAZ,Salud
2018-12-01,104.2191133555,CONURBACIÓN LA PAZ,Salud
2019-01-01,105.07793411,CONURBACIÓN LA PAZ,Salud
2019-02-01,105.1869428292,CONURBACIÓN LA PAZ,Salud
2019-03-01,105.7739799384,CONURBACIÓN LA PAZ,Salud
2019-04-01,105.6953853286,CONURBACIÓN LA PAZ,Salud
2019-05-01,105.8474873466,CONURBACIÓN LA PAZ,Salud
2019-06-01,105.783364121,CONURBACIÓN LA PAZ,Salud
2019-07-01,106.5270102915,CONURBACIÓN LA PAZ,Salud
2019-08-01,106.1305918506,CONURBACIÓN LA PAZ,Salud
2019-09-01,106.1963347963,CONURBACIÓN LA PAZ,Salud
2019-10-01,106.1765706303,CONURBACIÓN LA PAZ,Salud
2019-11-01,106.8747455952,CONURBACIÓN LA PAZ,Salud
2019-12-01,106.8425656009,CONURBACIÓN LA PAZ,Salud
2020-01-01,106.9598921649,CONURBACIÓN LA PAZ,Salud
2020-02-01,107.3848082376,CONURBACIÓN LA PAZ,Salud
2020-03-01,107.9368963487,CONURBACIÓN LA PAZ,Salud
2020-04-01,108.168912836,CONURBACIÓN LA PAZ,Salud
2020-05-01,110.6234646066,CONURBACIÓN LA PAZ,Salud
2020-06-01,109.435586469,CONURBACIÓN LA PAZ,Salud
2020-07-01,111.5535812041,CONURBACIÓN LA PAZ,Salud
2020-08-01,113.3902472725,CONURBACIÓN LA PAZ,Salud
2020-09-01,111.7784927156,CONURBACIÓN LA PAZ,Salud
2020-10-01,111.4871844819,CONURBACIÓN LA PAZ,Salud
2020-11-01,111.9962956717,CONURBACIÓN LA PAZ,Salud
2020-12-01,111.8531295216,CONURBACIÓN LA PAZ,Salud
2021-01-01,112.6905920456,CONURBACIÓN LA PAZ,Salud
2021-02-01,113.5630771563,CONURBACIÓN LA PAZ,Salud
2021-03-01,113.0513222798,CONURBACIÓN LA PAZ,Salud
2021-04-01,112.787493602,CONURBACIÓN LA PAZ,Salud
2021-05-01,112.8404553641,CONURBACIÓN LA PAZ,Salud
2021-06-01,113.3168026818,CONURBACIÓN LA PAZ,Salud
2021-07-01,113.8929895,CONURBACIÓN LA PAZ,Salud
2021-08-01,113.3646657143,CONURBACIÓN LA PAZ,Salud
2021-09-01,113.0450199954,CONURBACIÓN LA PAZ,Salud
2021-10-01,113.5127082656,CONURBACIÓN LA PAZ,Salud
2021-11-01,113.5561814483,CONURBACIÓN LA PAZ,Salud
2021-12-01,113.7740977032,CONURBACIÓN LA PAZ,Salud
2022-01-01,114.0487516274,CONURBACIÓN LA PAZ,Salud
2022-02-01,114.2643161776,CONURBACIÓN LA PAZ,Salud
2022-03-01,114.2603841802,CONURBACIÓN LA PAZ,Salud
2022-04-01,114.7058699653,CONURBACIÓN LA PAZ,Salud
2022-05-01,115.4438971323,CONURBACIÓN LA PAZ,Salud
2022-06-01,115.6231763542,CONURBACIÓN LA PAZ,Salud
2022-07-01,115.6038820508,CONURBACIÓN LA PAZ,Salud
2022-08-01,115.2455290689,CONURBACIÓN LA PAZ,Salud
2022-09-01,114.4831280599,CONURBACIÓN LA PAZ,Salud
2022-10-01,114.4125453525,CONURBACIÓN LA PAZ,Salud
2022-11-01,114.3763869,CONURBACIÓN LA PAZ,Salud
2022-12-01,114.6683192262,CONURBACIÓN LA PAZ,Salud
2023-01-01,114.8087951542,CONURBACIÓN LA PAZ,Salud
2023-02-01,115.2156087213,CONURBACIÓN LA PAZ,Salud
2023-03-01,115.9165694597,CONURBACIÓN LA PAZ,Salud
2023-04-01,116.2221886507,CONURBACIÓN LA PAZ,Salud
2023-05-01,116.5284465186,CONURBACIÓN LA PAZ,Salud
2023-06-01,117.2256772764,CONURBACIÓN LA PAZ,Salud
2023-07-01,117.5743248,CONURBACIÓN LA PAZ,Salud
2023-08-01,118.0862067519,CONURBACIÓN LA PAZ,Salud
2023-09-01,117.9257936444,CONURBACIÓN LA PAZ,Salud
2023-10-01,117.9075959025,CONURBACIÓN LA PAZ,Salud
2023-11-01,118.0341077,CONURBACIÓN LA PAZ,Salud
2023-12-01,118.055866487,CONURBACIÓN LA PAZ,Salud
2024-01-01,118.4637693755,CONURBACIÓN LA PAZ,Salud
2024-02-01,119.6062374,CONURBACIÓN LA PAZ,Salud
2024-03-01,120.8011096722,CONURBACIÓN LA PAZ,Salud
2024-04-01,120.7529252395,CONURBACIÓN LA PAZ,Salud
2024-05-01,120.810228805,CONURBACIÓN LA PAZ,Salud
2024-06-01,121.3563790873,CONURBACIÓN LA PAZ,Salud
2024-07-01,122.3441745553,CONURBACIÓN LA PAZ,Salud
2024-08-01,123.5500352091,CONURBACIÓN LA PAZ,Salud
2024-09-01,125.4537762089,CONURBACIÓN LA PAZ,Salud
2024-10-01,127.5883661934,CONURBACIÓN LA PAZ,Salud
2024-11-01,128.1794448873,CONURBACIÓN LA PAZ,Salud
2024-12-01,128.7237158621,CONURBACIÓN LA PAZ,Salud
2025-01-01,131.1519363937,CONURBACIÓN LA PAZ,Salud
2025-02-01,132.270138096,CONURBACIÓN LA PAZ,Salud
2025-03-01,133.1470124586,CONURBACIÓN LA PAZ,Salud
2025-04-01,135.8024555482,CONURBACIÓN LA PAZ,Salud
2025-05-01,139.8077502977,CONURBACIÓN LA PAZ,Salud
2025-06-01,145.7354310613,CONURBACIÓN LA PAZ,Salud
2025-07-01,149.4426999516,CONURBACIÓN LA PAZ,Salud
2025-08-01,150.8715961521,CONURBACIÓN LA PAZ,Salud
2025-09-01,152.3697229566,CONURBACIÓN LA PAZ,Salud
2025-10-01,152.550966549,CONURBACIÓN LA PAZ,Salud
2025-11-01,153.082972528,CONURBACIÓN LA PAZ,Salud
2025-12-01,154.0839198438,CONURBACIÓN LA PAZ,Salud
2026-01-01,155.6213042256,CONURBACIÓN LA PAZ,Salud
2026-02-01,156.8426058514,CONURBACIÓN LA PAZ,Salud
2026-03-01,155.5222433334,CONURBACIÓN LA PAZ,Salud
2026-04-01,155.4202725706,CONURBACIÓN LA PAZ,Salud
2026-05-01,156.4404667359,CONURBACIÓN LA PAZ,Salud
2026-06-01,156.2256523513,CONURBACIÓN LA PAZ,Salud
2026-07-01,155.5721030851,CONURBACIÓN LA PAZ,Salud
2018-01-01,101.8425197105,CONURBACIÓN LA PAZ,Transporte
2018-02-01,101.6657377373,CONURBACIÓN LA PAZ,Transporte
2018-03-01,101.5797073267,CONURBACIÓN LA PAZ,Transporte
2018-04-01,101.5300453513,CONURBACIÓN LA PAZ,Transporte
2018-05-01,101.4847150337,CONURBACIÓN LA PAZ,Transporte
2018-06-01,101.5457993884,CONURBACIÓN LA PAZ,Transporte
2018-07-01,101.8854267496,CONURBACIÓN LA PAZ,Transporte
2018-08-01,101.7157699932,CONURBACIÓN LA PAZ,Transporte
2018-09-01,101.8402094915,CONURBACIÓN LA PAZ,Transporte
2018-10-01,101.7505458586,CONURBACIÓN LA PAZ,Transporte
2018-11-01,101.9285177533,CONURBACIÓN LA PAZ,Transporte
2018-12-01,102.5886573142,CONURBACIÓN LA PAZ,Transporte
2019-01-01,102.6843865101,CONURBACIÓN LA PAZ,Transporte
2019-02-01,102.6153973146,CONURBACIÓN LA PAZ,Transporte
2019-03-01,102.5211341322,CONURBACIÓN LA PAZ,Transporte
2019-04-01,102.5693088317,CONURBACIÓN LA PAZ,Transporte
2019-05-01,102.6092241716,CONURBACIÓN LA PAZ,Transporte
2019-06-01,102.6942002937,CONURBACIÓN LA PAZ,Transporte
2019-07-01,102.9875084422,CONURBACIÓN LA PAZ,Transporte
2019-08-01,102.7459857639,CONURBACIÓN LA PAZ,Transporte
2019-09-01,102.6718578359,CONURBACIÓN LA PAZ,Transporte
2019-10-01,102.7442871005,CONURBACIÓN LA PAZ,Transporte
2019-11-01,104.4365303343,CONURBACIÓN LA PAZ,Transporte
2019-12-01,104.317244137,CONURBACIÓN LA PAZ,Transporte
2020-01-01,104.1941988787,CONURBACIÓN LA PAZ,Transporte
2020-02-01,104.0197772741,CONURBACIÓN LA PAZ,Transporte
2020-03-01,103.9343192884,CONURBACIÓN LA PAZ,Transporte
2020-04-01,103.9343192884,CONURBACIÓN LA PAZ,Transporte
2020-05-01,103.972637137,CONURBACIÓN LA PAZ,Transporte
2020-06-01,110.1813908506,CONURBACIÓN LA PAZ,Transporte
2020-07-01,112.3616877749,CONURBACIÓN LA PAZ,Transporte
2020-08-01,112.7010390785,CONURBACIÓN LA PAZ,Transporte
2020-09-01,112.7638358641,CONURBACIÓN LA PAZ,Transporte
2020-10-01,112.4500518011,CONURBACIÓN LA PAZ,Transporte
2020-11-01,108.5973139937,CONURBACIÓN LA PAZ,Transporte
2020-12-01,108.3382909201,CONURBACIÓN LA PAZ,Transporte
2021-01-01,108.1478553963,CONURBACIÓN LA PAZ,Transporte
2021-02-01,107.8685590107,CONURBACIÓN LA PAZ,Transporte
2021-03-01,107.8461309386,CONURBACIÓN LA PAZ,Transporte
2021-04-01,107.6586842678,CONURBACIÓN LA PAZ,Transporte
2021-05-01,107.5704955243,CONURBACIÓN LA PAZ,Transporte
2021-06-01,107.9008390331,CONURBACIÓN LA PAZ,Transporte
2021-07-01,107.9988342,CONURBACIÓN LA PAZ,Transporte
2021-08-01,108.2692771301,CONURBACIÓN LA PAZ,Transporte
2021-09-01,108.3651779083,CONURBACIÓN LA PAZ,Transporte
2021-10-01,108.5296293109,CONURBACIÓN LA PAZ,Transporte
2021-11-01,108.8264359406,CONURBACIÓN LA PAZ,Transporte
2021-12-01,109.6902957628,CONURBACIÓN LA PAZ,Transporte
2022-01-01,109.2124243539,CONURBACIÓN LA PAZ,Transporte
2022-02-01,109.5301144791,CONURBACIÓN LA PAZ,Transporte
2022-03-01,109.2617478665,CONURBACIÓN LA PAZ,Transporte
2022-04-01,109.485607982,CONURBACIÓN LA PAZ,Transporte
2022-05-01,109.3105506554,CONURBACIÓN LA PAZ,Transporte
2022-06-01,109.2407365202,CONURBACIÓN LA PAZ,Transporte
2022-07-01,110.0340680465,CONURBACIÓN LA PAZ,Transporte
2022-08-01,109.6484803715,CONURBACIÓN LA PAZ,Transporte
2022-09-01,109.4395980865,CONURBACIÓN LA PAZ,Transporte
2022-10-01,109.2008412503,CONURBACIÓN LA PAZ,Transporte
2022-11-01,109.1461524,CONURBACIÓN LA PAZ,Transporte
2022-12-01,110.2732971805,CONURBACIÓN LA PAZ,Transporte
2023-01-01,110.4705044206,CONURBACIÓN LA PAZ,Transporte
2023-02-01,110.5388678871,CONURBACIÓN LA PAZ,Transporte
2023-03-01,109.8917291794,CONURBACIÓN LA PAZ,Transporte
2023-04-01,110.0581223374,CONURBACIÓN LA PAZ,Transporte
2023-05-01,109.5328023127,CONURBACIÓN LA PAZ,Transporte
2023-06-01,109.679754671,CONURBACIÓN LA PAZ,Transporte
2023-07-01,110.5622177,CONURBACIÓN LA PAZ,Transporte
2023-08-01,114.1540782365,CONURBACIÓN LA PAZ,Transporte
2023-09-01,116.3182325524,CONURBACIÓN LA PAZ,Transporte
2023-10-01,116.2187292415,CONURBACIÓN LA PAZ,Transporte
2023-11-01,116.2738534,CONURBACIÓN LA PAZ,Transporte
2023-12-01,117.645715778,CONURBACIÓN LA PAZ,Transporte
2024-01-01,117.8067389113,CONURBACIÓN LA PAZ,Transporte
2024-02-01,117.6382844,CONURBACIÓN LA PAZ,Transporte
2024-03-01,116.8347897034,CONURBACIÓN LA PAZ,Transporte
2024-04-01,116.6530924999,CONURBACIÓN LA PAZ,Transporte
2024-05-01,116.5272358488,CONURBACIÓN LA PAZ,Transporte
2024-06-01,116.7905281861,CONURBACIÓN LA PAZ,Transporte
2024-07-01,118.0853875778,CONURBACIÓN LA PAZ,Transporte
2024-08-01,117.9102904317,CONURBACIÓN LA PAZ,Transporte
2024-09-01,117.7774097503,CONURBACIÓN LA PAZ,Transporte
2024-10-01,118.2339637656,CONURBACIÓN LA PAZ,Transporte
2024-11-01,118.8043526119,CONURBACIÓN LA PAZ,Transporte
2024-12-01,119.7405432265,CONURBACIÓN LA PAZ,Transporte
2025-01-01,119.968680197,CONURBACIÓN LA PAZ,Transporte
2025-02-01,121.5000485767,CONURBACIÓN LA PAZ,Transporte
2025-03-01,126.5804889322,CONURBACIÓN LA PAZ,Transporte
2025-04-01,126.3677441282,CONURBACIÓN LA PAZ,Transporte
2025-05-01,127.5221425765,CONURBACIÓN LA PAZ,Transporte
2025-06-01,129.0878727361,CONURBACIÓN LA PAZ,Transporte
2025-07-01,130.7364237219,CONURBACIÓN LA PAZ,Transporte
2025-08-01,130.7077689032,CONURBACIÓN LA PAZ,Transporte
2025-09-01,130.4657896968,CONURBACIÓN LA PAZ,Transporte
2025-10-01,131.1702236065,CONURBACIÓN LA PAZ,Transporte
2025-11-01,131.3986685966,CONURBACIÓN LA PAZ,Transporte
2025-12-01,155.015980673,CONURBACIÓN LA PAZ,Transporte
2026-01-01,172.2772220551,CONURBACIÓN LA PAZ,Transporte
2026-02-01,171.9426181153,CONURBACIÓN LA PAZ,Transporte
2026-03-01,170.6723099478,CONURBACIÓN LA PAZ,Transporte
2026-04-01,170.8351333513,CONURBACIÓN LA PAZ,Transporte
2026-05-01,172.3325189632,CONURBACIÓN LA PAZ,Transporte
2026-06-01,173.8024833851,CONURBACIÓN LA PAZ,Transporte
2026-07-01,173.7223334561,CONURBACIÓN LA PAZ,Transporte
2018-01-01,105.0019483446,CONURBACIÓN LA PAZ,Vivienda y servicios básicos
2018-02-01,105.3049475624,CONURBACIÓN LA PAZ,Vivienda y servicios básicos
2018-03-01,105.5656286396,CONURBACIÓN LA PAZ,Vivienda y servicios básicos
2018-04-01,105.5329094946,CONURBACIÓN LA PAZ,Vivienda y servicios básicos
2018-05-01,105.682336491,CONURBACIÓN LA PAZ,Vivienda y servicios básicos
2018-06-01,105.5351106315,CONURBACIÓN LA PAZ,Vivienda y servicios básicos
2018-07-01,105.3783287883,CONURBACIÓN LA PAZ,Vivienda y servicios básicos
2018-08-01,105.5824898521,CONURBACIÓN LA PAZ,Vivienda y servicios básicos
2018-09-01,105.554118789,CONURBACIÓN LA PAZ,Vivienda y servicios básicos
2018-10-01,105.5693692211,CONURBACIÓN LA PAZ,Vivienda y servicios básicos
2018-11-01,105.7548874196,CONURBACIÓN LA PAZ,Vivienda y servicios básicos
2018-12-01,105.7505194571,CONURBACIÓN LA PAZ,Vivienda y servicios básicos
2019-01-01,105.8343803107,CONURBACIÓN LA PAZ,Vivienda y servicios básicos
2019-02-01,105.9671230417,CONURBACIÓN LA PAZ,Vivienda y servicios básicos
2019-03-01,106.1190899341,CONURBACIÓN LA PAZ,Vivienda y servicios básicos
2019-04-01,106.163441392,CONURBACIÓN LA PAZ,Vivienda y servicios básicos
2019-05-01,106.3404727136,CONURBACIÓN LA PAZ,Vivienda y servicios básicos
2019-06-01,106.4613447666,CONURBACIÓN LA PAZ,Vivienda y servicios básicos
2019-07-01,106.5479751199,CONURBACIÓN LA PAZ,Vivienda y servicios básicos
2019-08-01,106.3611692006,CONURBACIÓN LA PAZ,Vivienda y servicios básicos
2019-09-01,106.2017802758,CONURBACIÓN LA PAZ,Vivienda y servicios básicos
2019-10-01,106.0979579862,CONURBACIÓN LA PAZ,Vivienda y servicios básicos
2019-11-01,106.1639981759,CONURBACIÓN LA PAZ,Vivienda y servicios básicos
2019-12-01,105.6981437008,CONURBACIÓN LA PAZ,Vivienda y servicios básicos
2020-01-01,105.9075238883,CONURBACIÓN LA PAZ,Vivienda y servicios básicos
2020-02-01,105.6407534591,CONURBACIÓN LA PAZ,Vivienda y servicios básicos
2020-03-01,105.7461415364,CONURBACIÓN LA PAZ,Vivienda y servicios básicos
2020-04-01,106.1210795258,CONURBACIÓN LA PAZ,Vivienda y servicios básicos
2020-05-01,106.7937362239,CONURBACIÓN LA PAZ,Vivienda y servicios básicos
2020-06-01,105.8787540304,CONURBACIÓN LA PAZ,Vivienda y servicios básicos
2020-07-01,105.9420515763,CONURBACIÓN LA PAZ,Vivienda y servicios básicos
2020-08-01,105.8938232376,CONURBACIÓN LA PAZ,Vivienda y servicios básicos
2020-09-01,105.8277237772,CONURBACIÓN LA PAZ,Vivienda y servicios básicos
2020-10-01,105.8885104883,CONURBACIÓN LA PAZ,Vivienda y servicios básicos
2020-11-01,105.9706912267,CONURBACIÓN LA PAZ,Vivienda y servicios básicos
2020-12-01,106.0823847656,CONURBACIÓN LA PAZ,Vivienda y servicios básicos
2021-01-01,106.234827031,CONURBACIÓN LA PAZ,Vivienda y servicios básicos
2021-02-01,106.4190391119,CONURBACIÓN LA PAZ,Vivienda y servicios básicos
2021-03-01,106.4008323122,CONURBACIÓN LA PAZ,Vivienda y servicios básicos
2021-04-01,106.45888959,CONURBACIÓN LA PAZ,Vivienda y servicios básicos
2021-05-01,106.5211763961,CONURBACIÓN LA PAZ,Vivienda y servicios básicos
2021-06-01,106.5131449587,CONURBACIÓN LA PAZ,Vivienda y servicios básicos
2021-07-01,106.5992473,CONURBACIÓN LA PAZ,Vivienda y servicios básicos
2021-08-01,106.5421621285,CONURBACIÓN LA PAZ,Vivienda y servicios básicos
2021-09-01,106.5366377437,CONURBACIÓN LA PAZ,Vivienda y servicios básicos
2021-10-01,106.6731132564,CONURBACIÓN LA PAZ,Vivienda y servicios básicos
2021-11-01,106.8292157474,CONURBACIÓN LA PAZ,Vivienda y servicios básicos
2021-12-01,106.7381524759,CONURBACIÓN LA PAZ,Vivienda y servicios básicos
2022-01-01,106.6025410092,CONURBACIÓN LA PAZ,Vivienda y servicios básicos
2022-02-01,106.6955689521,CONURBACIÓN LA PAZ,Vivienda y servicios básicos
2022-03-01,106.7775135881,CONURBACIÓN LA PAZ,Vivienda y servicios básicos
2022-04-01,106.7550278012,CONURBACIÓN LA PAZ,Vivienda y servicios básicos
2022-05-01,107.0633914932,CONURBACIÓN LA PAZ,Vivienda y servicios básicos
2022-06-01,106.9911975086,CONURBACIÓN LA PAZ,Vivienda y servicios básicos
2022-07-01,106.9906812306,CONURBACIÓN LA PAZ,Vivienda y servicios básicos
2022-08-01,107.1973110072,CONURBACIÓN LA PAZ,Vivienda y servicios básicos
2022-09-01,107.3247614476,CONURBACIÓN LA PAZ,Vivienda y servicios básicos
2022-10-01,107.3650484681,CONURBACIÓN LA PAZ,Vivienda y servicios básicos
2022-11-01,107.4472362,CONURBACIÓN LA PAZ,Vivienda y servicios básicos
2022-12-01,107.4267304588,CONURBACIÓN LA PAZ,Vivienda y servicios básicos
2023-01-01,107.5271347761,CONURBACIÓN LA PAZ,Vivienda y servicios básicos
2023-02-01,107.4983210618,CONURBACIÓN LA PAZ,Vivienda y servicios básicos
2023-03-01,107.5210262013,CONURBACIÓN LA PAZ,Vivienda y servicios básicos
2023-04-01,107.3844505972,CONURBACIÓN LA PAZ,Vivienda y servicios básicos
2023-05-01,108.1627474378,CONURBACIÓN LA PAZ,Vivienda y servicios básicos
2023-06-01,108.0788146578,CONURBACIÓN LA PAZ,Vivienda y servicios básicos
2023-07-01,108.1070296,CONURBACIÓN LA PAZ,Vivienda y servicios básicos
2023-08-01,108.1486934446,CONURBACIÓN LA PAZ,Vivienda y servicios básicos
2023-09-01,108.2154621245,CONURBACIÓN LA PAZ,Vivienda y servicios básicos
2023-10-01,108.4740399371,CONURBACIÓN LA PAZ,Vivienda y servicios básicos
2023-11-01,108.4122156,CONURBACIÓN LA PAZ,Vivienda y servicios básicos
2023-12-01,108.452395707,CONURBACIÓN LA PAZ,Vivienda y servicios básicos
2024-01-01,108.6245627559,CONURBACIÓN LA PAZ,Vivienda y servicios básicos
2024-02-01,108.6798703,CONURBACIÓN LA PAZ,Vivienda y servicios básicos
2024-03-01,108.7916833597,CONURBACIÓN LA PAZ,Vivienda y servicios básicos
2024-04-01,108.801649036,CONURBACIÓN LA PAZ,Vivienda y servicios básicos
2024-05-01,109.4855146825,CONURBACIÓN LA PAZ,Vivienda y servicios básicos
2024-06-01,109.5727008628,CONURBACIÓN LA PAZ,Vivienda y servicios básicos
2024-07-01,109.9013070345,CONURBACIÓN LA PAZ,Vivienda y servicios básicos
2024-08-01,110.020127155,CONURBACIÓN LA PAZ,Vivienda y servicios básicos
2024-09-01,110.0606516945,CONURBACIÓN LA PAZ,Vivienda y servicios básicos
2024-10-01,110.4847714009,CONURBACIÓN LA PAZ,Vivienda y servicios básicos
2024-11-01,111.0907637245,CONURBACIÓN LA PAZ,Vivienda y servicios básicos
2024-12-01,111.7934184999,CONURBACIÓN LA PAZ,Vivienda y servicios básicos
2025-01-01,112.3978283468,CONURBACIÓN LA PAZ,Vivienda y servicios básicos
2025-02-01,113.1370168275,CONURBACIÓN LA PAZ,Vivienda y servicios básicos
2025-03-01,113.470462138,CONURBACIÓN LA PAZ,Vivienda y servicios básicos
2025-04-01,114.1540299849,CONURBACIÓN LA PAZ,Vivienda y servicios básicos
2025-05-01,116.0645730961,CONURBACIÓN LA PAZ,Vivienda y servicios básicos
2025-06-01,117.0282880329,CONURBACIÓN LA PAZ,Vivienda y servicios básicos
2025-07-01,118.6439704336,CONURBACIÓN LA PAZ,Vivienda y servicios básicos
2025-08-01,119.9185584494,CONURBACIÓN LA PAZ,Vivienda y servicios básicos
2025-09-01,121.0598916328,CONURBACIÓN LA PAZ,Vivienda y servicios básicos
2025-10-01,121.3300144473,CONURBACIÓN LA PAZ,Vivienda y servicios básicos
2025-11-01,122.2530682756,CONURBACIÓN LA PAZ,Vivienda y servicios básicos
2025-12-01,122.9358892698,CONURBACIÓN LA PAZ,Vivienda y servicios básicos
2026-01-01,123.976723971,CONURBACIÓN LA PAZ,Vivienda y servicios básicos
2026-02-01,124.3034233222,CONURBACIÓN LA PAZ,Vivienda y servicios básicos
2026-03-01,124.6288421743,CONURBACIÓN LA PAZ,Vivienda y servicios básicos
2026-04-01,124.8594927658,CONURBACIÓN LA PAZ,Vivienda y servicios básicos
2026-05-01,124.9947442278,CONURBACIÓN LA PAZ,Vivienda y servicios básicos
2026-06-01,125.865624747,CONURBACIÓN LA PAZ,Vivienda y servicios básicos
2026-07-01,126.2258814277,CONURBACIÓN LA PAZ,Vivienda y servicios básicos
2018-01-01,102.1480013764,CONURBACIÓN LA PAZ,ÍNDICE GENERAL
2018-02-01,102.5608327051,CONURBACIÓN LA PAZ,ÍNDICE GENERAL
2018-03-01,102.3388251652,CONURBACIÓN LA PAZ,ÍNDICE GENERAL
2018-04-01,102.2357493402,CONURBACIÓN LA PAZ,ÍNDICE GENERAL
2018-05-01,102.4450319211,CONURBACIÓN LA PAZ,ÍNDICE GENERAL
2018-06-01,102.6236278764,CONURBACIÓN LA PAZ,ÍNDICE GENERAL
2018-07-01,102.7027025383,CONURBACIÓN LA PAZ,ÍNDICE GENERAL
2018-08-01,102.9404968979,CONURBACIÓN LA PAZ,ÍNDICE GENERAL
2018-09-01,102.9615341276,CONURBACIÓN LA PAZ,ÍNDICE GENERAL
2018-10-01,103.0880435192,CONURBACIÓN LA PAZ,ÍNDICE GENERAL
2018-11-01,103.4170193159,CONURBACIÓN LA PAZ,ÍNDICE GENERAL
2018-12-01,103.7301368468,CONURBACIÓN LA PAZ,ÍNDICE GENERAL
2019-01-01,103.9552504593,CONURBACIÓN LA PAZ,ÍNDICE GENERAL
2019-02-01,103.8609285074,CONURBACIÓN LA PAZ,ÍNDICE GENERAL
2019-03-01,103.8078468432,CONURBACIÓN LA PAZ,ÍNDICE GENERAL
2019-04-01,103.8180240651,CONURBACIÓN LA PAZ,ÍNDICE GENERAL
2019-05-01,104.2775180073,CONURBACIÓN LA PAZ,ÍNDICE GENERAL
2019-06-01,104.4473153935,CONURBACIÓN LA PAZ,ÍNDICE GENERAL
2019-07-01,104.6373806681,CONURBACIÓN LA PAZ,ÍNDICE GENERAL
2019-08-01,104.9354343528,CONURBACIÓN LA PAZ,ÍNDICE GENERAL
2019-09-01,105.0659737688,CONURBACIÓN LA PAZ,ÍNDICE GENERAL
2019-10-01,105.3428279596,CONURBACIÓN LA PAZ,ÍNDICE GENERAL
2019-11-01,107.9631974245,CONURBACIÓN LA PAZ,ÍNDICE GENERAL
2019-12-01,105.9826806574,CONURBACIÓN LA PAZ,ÍNDICE GENERAL
2020-01-01,105.8952789022,CONURBACIÓN LA PAZ,ÍNDICE GENERAL
2020-02-01,105.6197291556,CONURBACIÓN LA PAZ,ÍNDICE GENERAL
2020-03-01,105.8183224968,CONURBACIÓN LA PAZ,ÍNDICE GENERAL
2020-04-01,106.2013590909,CONURBACIÓN LA PAZ,ÍNDICE GENERAL
2020-05-01,105.9390796162,CONURBACIÓN LA PAZ,ÍNDICE GENERAL
2020-06-01,106.6092607507,CONURBACIÓN LA PAZ,ÍNDICE GENERAL
2020-07-01,106.9883719475,CONURBACIÓN LA PAZ,ÍNDICE GENERAL
2020-08-01,108.5328539919,CONURBACIÓN LA PAZ,ÍNDICE GENERAL
2020-09-01,106.971443282,CONURBACIÓN LA PAZ,ÍNDICE GENERAL
2020-10-01,106.9915977299,CONURBACIÓN LA PAZ,ÍNDICE GENERAL
2020-11-01,106.6030120331,CONURBACIÓN LA PAZ,ÍNDICE GENERAL
2020-12-01,106.8146713069,CONURBACIÓN LA PAZ,ÍNDICE GENERAL
2021-01-01,107.1397927615,CONURBACIÓN LA PAZ,ÍNDICE GENERAL
2021-02-01,107.3171347838,CONURBACIÓN LA PAZ,ÍNDICE GENERAL
2021-03-01,107.1939494268,CONURBACIÓN LA PAZ,ÍNDICE GENERAL
2021-04-01,107.1507561166,CONURBACIÓN LA PAZ,ÍNDICE GENERAL
2021-05-01,106.8693104298,CONURBACIÓN LA PAZ,ÍNDICE GENERAL
2021-06-01,106.9095372739,CONURBACIÓN LA PAZ,ÍNDICE GENERAL
2021-07-01,107.0199302,CONURBACIÓN LA PAZ,ÍNDICE GENERAL
2021-08-01,107.5188336672,CONURBACIÓN LA PAZ,ÍNDICE GENERAL
2021-09-01,107.4714257925,CONURBACIÓN LA PAZ,ÍNDICE GENERAL
2021-10-01,107.4271970204,CONURBACIÓN LA PAZ,ÍNDICE GENERAL
2021-11-01,107.5247209781,CONURBACIÓN LA PAZ,ÍNDICE GENERAL
2021-12-01,107.8155968897,CONURBACIÓN LA PAZ,ÍNDICE GENERAL
2022-01-01,107.9115448652,CONURBACIÓN LA PAZ,ÍNDICE GENERAL
2022-02-01,108.042197693,CONURBACIÓN LA PAZ,ÍNDICE GENERAL
2022-03-01,108.1107431268,CONURBACIÓN LA PAZ,ÍNDICE GENERAL
2022-04-01,108.218895618,CONURBACIÓN LA PAZ,ÍNDICE GENERAL
2022-05-01,108.4411258216,CONURBACIÓN LA PAZ,ÍNDICE GENERAL
2022-06-01,108.8157244745,CONURBACIÓN LA PAZ,ÍNDICE GENERAL
2022-07-01,109.3101600134,CONURBACIÓN LA PAZ,ÍNDICE GENERAL
2022-08-01,109.4181035756,CONURBACIÓN LA PAZ,ÍNDICE GENERAL
2022-09-01,109.4737881076,CONURBACIÓN LA PAZ,ÍNDICE GENERAL
2022-10-01,110.015993795,CONURBACIÓN LA PAZ,ÍNDICE GENERAL
2022-11-01,110.5776181,CONURBACIÓN LA PAZ,ÍNDICE GENERAL
2022-12-01,110.74633217,CONURBACIÓN LA PAZ,ÍNDICE GENERAL
2023-01-01,111.4043369617,CONURBACIÓN LA PAZ,ÍNDICE GENERAL
2023-02-01,110.8779650633,CONURBACIÓN LA PAZ,ÍNDICE GENERAL
2023-03-01,110.9411444424,CONURBACIÓN LA PAZ,ÍNDICE GENERAL
2023-04-01,111.2044518833,CONURBACIÓN LA PAZ,ÍNDICE GENERAL
2023-05-01,111.7285137528,CONURBACIÓN LA PAZ,ÍNDICE GENERAL
2023-06-01,111.9325131039,CONURBACIÓN LA PAZ,ÍNDICE GENERAL
2023-07-01,112.380421,CONURBACIÓN LA PAZ,ÍNDICE GENERAL
2023-08-01,113.2808289757,CONURBACIÓN LA PAZ,ÍNDICE GENERAL
2023-09-01,113.3369131575,CONURBACIÓN LA PAZ,ÍNDICE GENERAL
2023-10-01,113.3923229749,CONURBACIÓN LA PAZ,ÍNDICE GENERAL
2023-11-01,113.2368201,CONURBACIÓN LA PAZ,ÍNDICE GENERAL
2023-12-01,113.7330980433,CONURBACIÓN LA PAZ,ÍNDICE GENERAL
2024-01-01,113.909133465,CONURBACIÓN LA PAZ,ÍNDICE GENERAL
2024-02-01,114.2558147,CONURBACIÓN LA PAZ,ÍNDICE GENERAL
2024-03-01,114.6062895843,CONURBACIÓN LA PAZ,ÍNDICE GENERAL
2024-04-01,115.1301781967,CONURBACIÓN LA PAZ,ÍNDICE GENERAL
2024-05-01,115.5379058681,CONURBACIÓN LA PAZ,ÍNDICE GENERAL
2024-06-01,116.2708799949,CONURBACIÓN LA PAZ,ÍNDICE GENERAL
2024-07-01,116.8537761879,CONURBACIÓN LA PAZ,ÍNDICE GENERAL
2024-08-01,119.2185583137,CONURBACIÓN LA PAZ,ÍNDICE GENERAL
2024-09-01,120.107716925,CONURBACIÓN LA PAZ,ÍNDICE GENERAL
2024-10-01,122.2213709427,CONURBACIÓN LA PAZ,ÍNDICE GENERAL
2024-11-01,124.2849446556,CONURBACIÓN LA PAZ,ÍNDICE GENERAL
2024-12-01,125.2258466271,CONURBACIÓN LA PAZ,ÍNDICE GENERAL
2025-01-01,127.222419341,CONURBACIÓN LA PAZ,ÍNDICE GENERAL
2025-02-01,128.506905362,CONURBACIÓN LA PAZ,ÍNDICE GENERAL
2025-03-01,131.2118979255,CONURBACIÓN LA PAZ,ÍNDICE GENERAL
2025-04-01,132.1870631616,CONURBACIÓN LA PAZ,ÍNDICE GENERAL
2025-05-01,137.3832987309,CONURBACIÓN LA PAZ,ÍNDICE GENERAL
2025-06-01,146.2032783524,CONURBACIÓN LA PAZ,ÍNDICE GENERAL
2025-07-01,146.8209328507,CONURBACIÓN LA PAZ,ÍNDICE GENERAL
2025-08-01,148.4309747833,CONURBACIÓN LA PAZ,ÍNDICE GENERAL
2025-09-01,148.533013683,CONURBACIÓN LA PAZ,ÍNDICE GENERAL
2025-10-01,149.1057985659,CONURBACIÓN LA PAZ,ÍNDICE GENERAL
2025-11-01,149.6423697357,CONURBACIÓN LA PAZ,ÍNDICE GENERAL
2025-12-01,151.8543889965,CONURBACIÓN LA PAZ,ÍNDICE GENERAL
2026-01-01,154.5839116576,CONURBACIÓN LA PAZ,ÍNDICE GENERAL
2026-02-01,153.0983175665,CONURBACIÓN LA PAZ,ÍNDICE GENERAL
2026-03-01,152.2436773485,CONURBACIÓN LA PAZ,ÍNDICE GENERAL
2026-04-01,152.4082574163,CONURBACIÓN LA PAZ,ÍNDICE GENERAL
2026-05-01,160.6494086175,CONURBACIÓN LA PAZ,ÍNDICE GENERAL
2026-06-01,166.1112043082,CONURBACIÓN LA PAZ,ÍNDICE GENERAL
2026-07-01,155.6396914724,CONURBACIÓN LA PAZ,ÍNDICE GENERAL
2018-01-01,101.1650330912,CONURBACIÓN SANTA CRUZ,Alimentos y bebidas consumidos fuera del hogar
2018-02-01,101.6586012535,CONURBACIÓN SANTA CRUZ,Alimentos y bebidas consumidos fuera del hogar
2018-03-01,101.9147330022,CONURBACIÓN SANTA CRUZ,Alimentos y bebidas consumidos fuera del hogar
2018-04-01,102.1831982003,CONURBACIÓN SANTA CRUZ,Alimentos y bebidas consumidos fuera del hogar
2018-05-01,102.1103051188,CONURBACIÓN SANTA CRUZ,Alimentos y bebidas consumidos fuera del hogar
2018-06-01,102.0472400328,CONURBACIÓN SANTA CRUZ,Alimentos y bebidas consumidos fuera del hogar
2018-07-01,102.1211689822,CONURBACIÓN SANTA CRUZ,Alimentos y bebidas consumidos fuera del hogar
2018-08-01,102.1911141923,CONURBACIÓN SANTA CRUZ,Alimentos y bebidas consumidos fuera del hogar
2018-09-01,102.1154974002,CONURBACIÓN SANTA CRUZ,Alimentos y bebidas consumidos fuera del hogar
2018-10-01,102.21127991,CONURBACIÓN SANTA CRUZ,Alimentos y bebidas consumidos fuera del hogar
2018-11-01,102.3728987633,CONURBACIÓN SANTA CRUZ,Alimentos y bebidas consumidos fuera del hogar
2018-12-01,102.6804382327,CONURBACIÓN SANTA CRUZ,Alimentos y bebidas consumidos fuera del hogar
2019-01-01,102.7622786271,CONURBACIÓN SANTA CRUZ,Alimentos y bebidas consumidos fuera del hogar
2019-02-01,102.5722842556,CONURBACIÓN SANTA CRUZ,Alimentos y bebidas consumidos fuera del hogar
2019-03-01,102.5388860176,CONURBACIÓN SANTA CRUZ,Alimentos y bebidas consumidos fuera del hogar
2019-04-01,102.5233102678,CONURBACIÓN SANTA CRUZ,Alimentos y bebidas consumidos fuera del hogar
2019-05-01,102.6203181375,CONURBACIÓN SANTA CRUZ,Alimentos y bebidas consumidos fuera del hogar
2019-06-01,102.598990349,CONURBACIÓN SANTA CRUZ,Alimentos y bebidas consumidos fuera del hogar
2019-07-01,102.563485662,CONURBACIÓN SANTA CRUZ,Alimentos y bebidas consumidos fuera del hogar
2019-08-01,102.654804973,CONURBACIÓN SANTA CRUZ,Alimentos y bebidas consumidos fuera del hogar
2019-09-01,102.6753215399,CONURBACIÓN SANTA CRUZ,Alimentos y bebidas consumidos fuera del hogar
2019-10-01,103.1131800208,CONURBACIÓN SANTA CRUZ,Alimentos y bebidas consumidos fuera del hogar
2019-11-01,104.2672613289,CONURBACIÓN SANTA CRUZ,Alimentos y bebidas consumidos fuera del hogar
2019-12-01,104.4063072631,CONURBACIÓN SANTA CRUZ,Alimentos y bebidas consumidos fuera del hogar
2020-01-01,104.4647773511,CONURBACIÓN SANTA CRUZ,Alimentos y bebidas consumidos fuera del hogar
2020-02-01,104.5148908997,CONURBACIÓN SANTA CRUZ,Alimentos y bebidas consumidos fuera del hogar
2020-03-01,104.3806963131,CONURBACIÓN SANTA CRUZ,Alimentos y bebidas consumidos fuera del hogar
2020-04-01,104.3806963137,CONURBACIÓN SANTA CRUZ,Alimentos y bebidas consumidos fuera del hogar
2020-05-01,104.3806963137,CONURBACIÓN SANTA CRUZ,Alimentos y bebidas consumidos fuera del hogar
2020-06-01,104.5051265812,CONURBACIÓN SANTA CRUZ,Alimentos y bebidas consumidos fuera del hogar
2020-07-01,104.5852440453,CONURBACIÓN SANTA CRUZ,Alimentos y bebidas consumidos fuera del hogar
2020-08-01,104.4803239024,CONURBACIÓN SANTA CRUZ,Alimentos y bebidas consumidos fuera del hogar
2020-09-01,104.6897421366,CONURBACIÓN SANTA CRUZ,Alimentos y bebidas consumidos fuera del hogar
2020-10-01,104.9738646902,CONURBACIÓN SANTA CRUZ,Alimentos y bebidas consumidos fuera del hogar
2020-11-01,105.5133371771,CONURBACIÓN SANTA CRUZ,Alimentos y bebidas consumidos fuera del hogar
2020-12-01,105.5543061268,CONURBACIÓN SANTA CRUZ,Alimentos y bebidas consumidos fuera del hogar
2021-01-01,105.3185555752,CONURBACIÓN SANTA CRUZ,Alimentos y bebidas consumidos fuera del hogar
2021-02-01,105.29067339,CONURBACIÓN SANTA CRUZ,Alimentos y bebidas consumidos fuera del hogar
2021-03-01,105.2601511396,CONURBACIÓN SANTA CRUZ,Alimentos y bebidas consumidos fuera del hogar
2021-04-01,105.6093089054,CONURBACIÓN SANTA CRUZ,Alimentos y bebidas consumidos fuera del hogar
2021-05-01,105.4954387284,CONURBACIÓN SANTA CRUZ,Alimentos y bebidas consumidos fuera del hogar
2021-06-01,105.5037695998,CONURBACIÓN SANTA CRUZ,Alimentos y bebidas consumidos fuera del hogar
2021-07-01,105.6999912,CONURBACIÓN SANTA CRUZ,Alimentos y bebidas consumidos fuera del hogar
2021-08-01,105.7228316311,CONURBACIÓN SANTA CRUZ,Alimentos y bebidas consumidos fuera del hogar
2021-09-01,105.9353862032,CONURBACIÓN SANTA CRUZ,Alimentos y bebidas consumidos fuera del hogar
2021-10-01,106.0071404576,CONURBACIÓN SANTA CRUZ,Alimentos y bebidas consumidos fuera del hogar
2021-11-01,106.1771794501,CONURBACIÓN SANTA CRUZ,Alimentos y bebidas consumidos fuera del hogar
2021-12-01,106.2207993796,CONURBACIÓN SANTA CRUZ,Alimentos y bebidas consumidos fuera del hogar
2022-01-01,106.2244461848,CONURBACIÓN SANTA CRUZ,Alimentos y bebidas consumidos fuera del hogar
2022-02-01,106.2617496568,CONURBACIÓN SANTA CRUZ,Alimentos y bebidas consumidos fuera del hogar
2022-03-01,106.7026112989,CONURBACIÓN SANTA CRUZ,Alimentos y bebidas consumidos fuera del hogar
2022-04-01,106.7642427515,CONURBACIÓN SANTA CRUZ,Alimentos y bebidas consumidos fuera del hogar
2022-05-01,106.8703668619,CONURBACIÓN SANTA CRUZ,Alimentos y bebidas consumidos fuera del hogar
2022-06-01,107.2367510368,CONURBACIÓN SANTA CRUZ,Alimentos y bebidas consumidos fuera del hogar
2022-07-01,107.5258940085,CONURBACIÓN SANTA CRUZ,Alimentos y bebidas consumidos fuera del hogar
2022-08-01,107.593780203,CONURBACIÓN SANTA CRUZ,Alimentos y bebidas consumidos fuera del hogar
2022-09-01,107.5585199125,CONURBACIÓN SANTA CRUZ,Alimentos y bebidas consumidos fuera del hogar
2022-10-01,107.945929439,CONURBACIÓN SANTA CRUZ,Alimentos y bebidas consumidos fuera del hogar
2022-11-01,108.412052,CONURBACIÓN SANTA CRUZ,Alimentos y bebidas consumidos fuera del hogar
2022-12-01,108.3309672866,CONURBACIÓN SANTA CRUZ,Alimentos y bebidas consumidos fuera del hogar
2023-01-01,108.2362646656,CONURBACIÓN SANTA CRUZ,Alimentos y bebidas consumidos fuera del hogar
2023-02-01,108.3069047657,CONURBACIÓN SANTA CRUZ,Alimentos y bebidas consumidos fuera del hogar
2023-03-01,108.3075388566,CONURBACIÓN SANTA CRUZ,Alimentos y bebidas consumidos fuera del hogar
2023-04-01,108.3804328252,CONURBACIÓN SANTA CRUZ,Alimentos y bebidas consumidos fuera del hogar
2023-05-01,108.4969194607,CONURBACIÓN SANTA CRUZ,Alimentos y bebidas consumidos fuera del hogar
2023-06-01,108.7534235722,CONURBACIÓN SANTA CRUZ,Alimentos y bebidas consumidos fuera del hogar
2023-07-01,109.0176458,CONURBACIÓN SANTA CRUZ,Alimentos y bebidas consumidos fuera del hogar
2023-08-01,109.279624597,CONURBACIÓN SANTA CRUZ,Alimentos y bebidas consumidos fuera del hogar
2023-09-01,109.4021705781,CONURBACIÓN SANTA CRUZ,Alimentos y bebidas consumidos fuera del hogar
2023-10-01,109.5668313957,CONURBACIÓN SANTA CRUZ,Alimentos y bebidas consumidos fuera del hogar
2023-11-01,109.365163,CONURBACIÓN SANTA CRUZ,Alimentos y bebidas consumidos fuera del hogar
2023-12-01,109.620136546,CONURBACIÓN SANTA CRUZ,Alimentos y bebidas consumidos fuera del hogar
2024-01-01,109.7655553334,CONURBACIÓN SANTA CRUZ,Alimentos y bebidas consumidos fuera del hogar
2024-02-01,109.8897048,CONURBACIÓN SANTA CRUZ,Alimentos y bebidas consumidos fuera del hogar
2024-03-01,110.2383776783,CONURBACIÓN SANTA CRUZ,Alimentos y bebidas consumidos fuera del hogar
2024-04-01,110.3605040126,CONURBACIÓN SANTA CRUZ,Alimentos y bebidas consumidos fuera del hogar
2024-05-01,110.4710811357,CONURBACIÓN SANTA CRUZ,Alimentos y bebidas consumidos fuera del hogar
2024-06-01,111.0990072207,CONURBACIÓN SANTA CRUZ,Alimentos y bebidas consumidos fuera del hogar
2024-07-01,111.6671840698,CONURBACIÓN SANTA CRUZ,Alimentos y bebidas consumidos fuera del hogar
2024-08-01,112.6742077726,CONURBACIÓN SANTA CRUZ,Alimentos y bebidas consumidos fuera del hogar
2024-09-01,114.0816444916,CONURBACIÓN SANTA CRUZ,Alimentos y bebidas consumidos fuera del hogar
2024-10-01,115.6252765512,CONURBACIÓN SANTA CRUZ,Alimentos y bebidas consumidos fuera del hogar
2024-11-01,116.54090673,CONURBACIÓN SANTA CRUZ,Alimentos y bebidas consumidos fuera del hogar
2024-12-01,117.710659367,CONURBACIÓN SANTA CRUZ,Alimentos y bebidas consumidos fuera del hogar
2025-01-01,119.8991551631,CONURBACIÓN SANTA CRUZ,Alimentos y bebidas consumidos fuera del hogar
2025-02-01,121.2625319138,CONURBACIÓN SANTA CRUZ,Alimentos y bebidas consumidos fuera del hogar
2025-03-01,122.3337577453,CONURBACIÓN SANTA CRUZ,Alimentos y bebidas consumidos fuera del hogar
2025-04-01,124.4950644786,CONURBACIÓN SANTA CRUZ,Alimentos y bebidas consumidos fuera del hogar
2025-05-01,127.5289310424,CONURBACIÓN SANTA CRUZ,Alimentos y bebidas consumidos fuera del hogar
2025-06-01,130.5090206094,CONURBACIÓN SANTA CRUZ,Alimentos y bebidas consumidos fuera del hogar
2025-07-01,132.237522423,CONURBACIÓN SANTA CRUZ,Alimentos y bebidas consumidos fuera del hogar
2025-08-01,133.4505865531,CONURBACIÓN SANTA CRUZ,Alimentos y bebidas consumidos fuera del hogar
2025-09-01,135.5836873806,CONURBACIÓN SANTA CRUZ,Alimentos y bebidas consumidos fuera del hogar
2025-10-01,137.676035152,CONURBACIÓN SANTA CRUZ,Alimentos y bebidas consumidos fuera del hogar
2025-11-01,140.7912840456,CONURBACIÓN SANTA CRUZ,Alimentos y bebidas consumidos fuera del hogar
2025-12-01,142.1356465671,CONURBACIÓN SANTA CRUZ,Alimentos y bebidas consumidos fuera del hogar
2026-01-01,142.8832347451,CONURBACIÓN SANTA CRUZ,Alimentos y bebidas consumidos fuera del hogar
2026-02-01,142.7563633613,CONURBACIÓN SANTA CRUZ,Alimentos y bebidas consumidos fuera del hogar
2026-03-01,143.3209436347,CONURBACIÓN SANTA CRUZ,Alimentos y bebidas consumidos fuera del hogar
2026-04-01,144.1220653906,CONURBACIÓN SANTA CRUZ,Alimentos y bebidas consumidos fuera del hogar
2026-05-01,144.5951597223,CONURBACIÓN SANTA CRUZ,Alimentos y bebidas consumidos fuera del hogar
2026-06-01,144.9206282467,CONURBACIÓN SANTA CRUZ,Alimentos y bebidas consumidos fuera del hogar
2026-07-01,144.7627280416,CONURBACIÓN SANTA CRUZ,Alimentos y bebidas consumidos fuera del hogar
2018-01-01,100.1639287707,CONURBACIÓN SANTA CRUZ,Alimentos y bebidas no alcohólicas
2018-02-01,100.6609237873,CONURBACIÓN SANTA CRUZ,Alimentos y bebidas no alcohólicas
2018-03-01,100.5785071598,CONURBACIÓN SANTA CRUZ,Alimentos y bebidas no alcohólicas
2018-04-01,99.9358756219,CONURBACIÓN SANTA CRUZ,Alimentos y bebidas no alcohólicas
2018-05-01,100.193935953,CONURBACIÓN SANTA CRUZ,Alimentos y bebidas no alcohólicas
2018-06-01,100.6821519483,CONURBACIÓN SANTA CRUZ,Alimentos y bebidas no alcohólicas
2018-07-01,100.0092070802,CONURBACIÓN SANTA CRUZ,Alimentos y bebidas no alcohólicas
2018-08-01,100.3474956845,CONURBACIÓN SANTA CRUZ,Alimentos y bebidas no alcohólicas
2018-09-01,99.8122535522,CONURBACIÓN SANTA CRUZ,Alimentos y bebidas no alcohólicas
2018-10-01,100.8837852257,CONURBACIÓN SANTA CRUZ,Alimentos y bebidas no alcohólicas
2018-11-01,101.1098643691,CONURBACIÓN SANTA CRUZ,Alimentos y bebidas no alcohólicas
2018-12-01,101.3098394847,CONURBACIÓN SANTA CRUZ,Alimentos y bebidas no alcohólicas
2019-01-01,100.8665724244,CONURBACIÓN SANTA CRUZ,Alimentos y bebidas no alcohólicas
2019-02-01,100.3301077845,CONURBACIÓN SANTA CRUZ,Alimentos y bebidas no alcohólicas
2019-03-01,100.057251679,CONURBACIÓN SANTA CRUZ,Alimentos y bebidas no alcohólicas
2019-04-01,101.0726546137,CONURBACIÓN SANTA CRUZ,Alimentos y bebidas no alcohólicas
2019-05-01,102.6975013832,CONURBACIÓN SANTA CRUZ,Alimentos y bebidas no alcohólicas
2019-06-01,102.6540595029,CONURBACIÓN SANTA CRUZ,Alimentos y bebidas no alcohólicas
2019-07-01,103.0691220461,CONURBACIÓN SANTA CRUZ,Alimentos y bebidas no alcohólicas
2019-08-01,105.3900888658,CONURBACIÓN SANTA CRUZ,Alimentos y bebidas no alcohólicas
2019-09-01,104.3207394543,CONURBACIÓN SANTA CRUZ,Alimentos y bebidas no alcohólicas
2019-10-01,107.5281654648,CONURBACIÓN SANTA CRUZ,Alimentos y bebidas no alcohólicas
2019-11-01,106.0222115707,CONURBACIÓN SANTA CRUZ,Alimentos y bebidas no alcohólicas
2019-12-01,101.4096074833,CONURBACIÓN SANTA CRUZ,Alimentos y bebidas no alcohólicas
2020-01-01,101.5021912128,CONURBACIÓN SANTA CRUZ,Alimentos y bebidas no alcohólicas
2020-02-01,102.8986396195,CONURBACIÓN SANTA CRUZ,Alimentos y bebidas no alcohólicas
2020-03-01,102.8542192571,CONURBACIÓN SANTA CRUZ,Alimentos y bebidas no alcohólicas
2020-04-01,104.0194089615,CONURBACIÓN SANTA CRUZ,Alimentos y bebidas no alcohólicas
2020-05-01,103.8459866785,CONURBACIÓN SANTA CRUZ,Alimentos y bebidas no alcohólicas
2020-06-01,103.9100979753,CONURBACIÓN SANTA CRUZ,Alimentos y bebidas no alcohólicas
2020-07-01,102.3892547032,CONURBACIÓN SANTA CRUZ,Alimentos y bebidas no alcohólicas
2020-08-01,101.8592102264,CONURBACIÓN SANTA CRUZ,Alimentos y bebidas no alcohólicas
2020-09-01,100.2105107288,CONURBACIÓN SANTA CRUZ,Alimentos y bebidas no alcohólicas
2020-10-01,102.3794205648,CONURBACIÓN SANTA CRUZ,Alimentos y bebidas no alcohólicas
2020-11-01,101.9664023972,CONURBACIÓN SANTA CRUZ,Alimentos y bebidas no alcohólicas
2020-12-01,102.1308363002,CONURBACIÓN SANTA CRUZ,Alimentos y bebidas no alcohólicas
2021-01-01,103.0437904787,CONURBACIÓN SANTA CRUZ,Alimentos y bebidas no alcohólicas
2021-02-01,103.1264725566,CONURBACIÓN SANTA CRUZ,Alimentos y bebidas no alcohólicas
2021-03-01,103.3181814232,CONURBACIÓN SANTA CRUZ,Alimentos y bebidas no alcohólicas
2021-04-01,103.5617358471,CONURBACIÓN SANTA CRUZ,Alimentos y bebidas no alcohólicas
2021-05-01,103.7120914697,CONURBACIÓN SANTA CRUZ,Alimentos y bebidas no alcohólicas
2021-06-01,103.0983980821,CONURBACIÓN SANTA CRUZ,Alimentos y bebidas no alcohólicas
2021-07-01,103.262481,CONURBACIÓN SANTA CRUZ,Alimentos y bebidas no alcohólicas
2021-08-01,105.8317583728,CONURBACIÓN SANTA CRUZ,Alimentos y bebidas no alcohólicas
2021-09-01,104.5788687133,CONURBACIÓN SANTA CRUZ,Alimentos y bebidas no alcohólicas
2021-10-01,103.3513647755,CONURBACIÓN SANTA CRUZ,Alimentos y bebidas no alcohólicas
2021-11-01,104.0726036891,CONURBACIÓN SANTA CRUZ,Alimentos y bebidas no alcohólicas
2021-12-01,102.4331728952,CONURBACIÓN SANTA CRUZ,Alimentos y bebidas no alcohólicas
2022-01-01,103.1650150424,CONURBACIÓN SANTA CRUZ,Alimentos y bebidas no alcohólicas
2022-02-01,103.1534728807,CONURBACIÓN SANTA CRUZ,Alimentos y bebidas no alcohólicas
2022-03-01,103.1859334593,CONURBACIÓN SANTA CRUZ,Alimentos y bebidas no alcohólicas
2022-04-01,102.8744123335,CONURBACIÓN SANTA CRUZ,Alimentos y bebidas no alcohólicas
2022-05-01,104.7363703127,CONURBACIÓN SANTA CRUZ,Alimentos y bebidas no alcohólicas
2022-06-01,105.8482275948,CONURBACIÓN SANTA CRUZ,Alimentos y bebidas no alcohólicas
2022-07-01,105.8427388412,CONURBACIÓN SANTA CRUZ,Alimentos y bebidas no alcohólicas
2022-08-01,105.7572672224,CONURBACIÓN SANTA CRUZ,Alimentos y bebidas no alcohólicas
2022-09-01,105.6517892225,CONURBACIÓN SANTA CRUZ,Alimentos y bebidas no alcohólicas
2022-10-01,109.503308372,CONURBACIÓN SANTA CRUZ,Alimentos y bebidas no alcohólicas
2022-11-01,109.5053008,CONURBACIÓN SANTA CRUZ,Alimentos y bebidas no alcohólicas
2022-12-01,108.3518014323,CONURBACIÓN SANTA CRUZ,Alimentos y bebidas no alcohólicas
2023-01-01,108.4790607568,CONURBACIÓN SANTA CRUZ,Alimentos y bebidas no alcohólicas
2023-02-01,107.4686923649,CONURBACIÓN SANTA CRUZ,Alimentos y bebidas no alcohólicas
2023-03-01,107.5934678932,CONURBACIÓN SANTA CRUZ,Alimentos y bebidas no alcohólicas
2023-04-01,108.4150201474,CONURBACIÓN SANTA CRUZ,Alimentos y bebidas no alcohólicas
2023-05-01,110.5532716986,CONURBACIÓN SANTA CRUZ,Alimentos y bebidas no alcohólicas
2023-06-01,111.2482469622,CONURBACIÓN SANTA CRUZ,Alimentos y bebidas no alcohólicas
2023-07-01,110.5994485,CONURBACIÓN SANTA CRUZ,Alimentos y bebidas no alcohólicas
2023-08-01,111.5015428869,CONURBACIÓN SANTA CRUZ,Alimentos y bebidas no alcohólicas
2023-09-01,111.0346346683,CONURBACIÓN SANTA CRUZ,Alimentos y bebidas no alcohólicas
2023-10-01,110.1361596152,CONURBACIÓN SANTA CRUZ,Alimentos y bebidas no alcohólicas
2023-11-01,110.042612,CONURBACIÓN SANTA CRUZ,Alimentos y bebidas no alcohólicas
2023-12-01,112.1537464612,CONURBACIÓN SANTA CRUZ,Alimentos y bebidas no alcohólicas
2024-01-01,111.4905637202,CONURBACIÓN SANTA CRUZ,Alimentos y bebidas no alcohólicas
2024-02-01,111.0443884,CONURBACIÓN SANTA CRUZ,Alimentos y bebidas no alcohólicas
2024-03-01,113.4271591437,CONURBACIÓN SANTA CRUZ,Alimentos y bebidas no alcohólicas
2024-04-01,115.6597836223,CONURBACIÓN SANTA CRUZ,Alimentos y bebidas no alcohólicas
2024-05-01,118.0152529491,CONURBACIÓN SANTA CRUZ,Alimentos y bebidas no alcohólicas
2024-06-01,119.1615043997,CONURBACIÓN SANTA CRUZ,Alimentos y bebidas no alcohólicas
2024-07-01,118.3109056382,CONURBACIÓN SANTA CRUZ,Alimentos y bebidas no alcohólicas
2024-08-01,120.3105501157,CONURBACIÓN SANTA CRUZ,Alimentos y bebidas no alcohólicas
2024-09-01,122.8241764639,CONURBACIÓN SANTA CRUZ,Alimentos y bebidas no alcohólicas
2024-10-01,126.08368277,CONURBACIÓN SANTA CRUZ,Alimentos y bebidas no alcohólicas
2024-11-01,126.3954867757,CONURBACIÓN SANTA CRUZ,Alimentos y bebidas no alcohólicas
2024-12-01,131.1523619732,CONURBACIÓN SANTA CRUZ,Alimentos y bebidas no alcohólicas
2025-01-01,136.749186228,CONURBACIÓN SANTA CRUZ,Alimentos y bebidas no alcohólicas
2025-02-01,139.5248771398,CONURBACIÓN SANTA CRUZ,Alimentos y bebidas no alcohólicas
2025-03-01,144.5569590628,CONURBACIÓN SANTA CRUZ,Alimentos y bebidas no alcohólicas
2025-04-01,146.1285868365,CONURBACIÓN SANTA CRUZ,Alimentos y bebidas no alcohólicas
2025-05-01,153.0184431064,CONURBACIÓN SANTA CRUZ,Alimentos y bebidas no alcohólicas
2025-06-01,158.236722278,CONURBACIÓN SANTA CRUZ,Alimentos y bebidas no alcohólicas
2025-07-01,160.8555276601,CONURBACIÓN SANTA CRUZ,Alimentos y bebidas no alcohólicas
2025-08-01,163.6210268045,CONURBACIÓN SANTA CRUZ,Alimentos y bebidas no alcohólicas
2025-09-01,164.5243435172,CONURBACIÓN SANTA CRUZ,Alimentos y bebidas no alcohólicas
2025-10-01,168.863240274,CONURBACIÓN SANTA CRUZ,Alimentos y bebidas no alcohólicas
2025-11-01,172.1960244468,CONURBACIÓN SANTA CRUZ,Alimentos y bebidas no alcohólicas
2025-12-01,164.2262774542,CONURBACIÓN SANTA CRUZ,Alimentos y bebidas no alcohólicas
2026-01-01,162.1871240542,CONURBACIÓN SANTA CRUZ,Alimentos y bebidas no alcohólicas
2026-02-01,160.6501767005,CONURBACIÓN SANTA CRUZ,Alimentos y bebidas no alcohólicas
2026-03-01,160.0319884377,CONURBACIÓN SANTA CRUZ,Alimentos y bebidas no alcohólicas
2026-04-01,161.826445859,CONURBACIÓN SANTA CRUZ,Alimentos y bebidas no alcohólicas
2026-05-01,160.9911847666,CONURBACIÓN SANTA CRUZ,Alimentos y bebidas no alcohólicas
2026-06-01,160.5965645775,CONURBACIÓN SANTA CRUZ,Alimentos y bebidas no alcohólicas
2026-07-01,160.5984117213,CONURBACIÓN SANTA CRUZ,Alimentos y bebidas no alcohólicas
2018-01-01,93.5041812638,CONURBACIÓN SANTA CRUZ,Bebidas alcohólicas y tabaco
2018-02-01,94.6012055373,CONURBACIÓN SANTA CRUZ,Bebidas alcohólicas y tabaco
2018-03-01,94.4053141876,CONURBACIÓN SANTA CRUZ,Bebidas alcohólicas y tabaco
2018-04-01,93.829375476,CONURBACIÓN SANTA CRUZ,Bebidas alcohólicas y tabaco
2018-05-01,93.2886566538,CONURBACIÓN SANTA CRUZ,Bebidas alcohólicas y tabaco
2018-06-01,92.6155831434,CONURBACIÓN SANTA CRUZ,Bebidas alcohólicas y tabaco
2018-07-01,93.071357013,CONURBACIÓN SANTA CRUZ,Bebidas alcohólicas y tabaco
2018-08-01,93.2515886414,CONURBACIÓN SANTA CRUZ,Bebidas alcohólicas y tabaco
2018-09-01,93.842053782,CONURBACIÓN SANTA CRUZ,Bebidas alcohólicas y tabaco
2018-10-01,92.8155018651,CONURBACIÓN SANTA CRUZ,Bebidas alcohólicas y tabaco
2018-11-01,93.5087508737,CONURBACIÓN SANTA CRUZ,Bebidas alcohólicas y tabaco
2018-12-01,93.9149416446,CONURBACIÓN SANTA CRUZ,Bebidas alcohólicas y tabaco
2019-01-01,94.6666479261,CONURBACIÓN SANTA CRUZ,Bebidas alcohólicas y tabaco
2019-02-01,94.7297918573,CONURBACIÓN SANTA CRUZ,Bebidas alcohólicas y tabaco
2019-03-01,94.4642695683,CONURBACIÓN SANTA CRUZ,Bebidas alcohólicas y tabaco
2019-04-01,94.4146324903,CONURBACIÓN SANTA CRUZ,Bebidas alcohólicas y tabaco
2019-05-01,94.7004856981,CONURBACIÓN SANTA CRUZ,Bebidas alcohólicas y tabaco
2019-06-01,94.7489426261,CONURBACIÓN SANTA CRUZ,Bebidas alcohólicas y tabaco
2019-07-01,94.5788415265,CONURBACIÓN SANTA CRUZ,Bebidas alcohólicas y tabaco
2019-08-01,94.6275936431,CONURBACIÓN SANTA CRUZ,Bebidas alcohólicas y tabaco
2019-09-01,94.7290103235,CONURBACIÓN SANTA CRUZ,Bebidas alcohólicas y tabaco
2019-10-01,94.7212581091,CONURBACIÓN SANTA CRUZ,Bebidas alcohólicas y tabaco
2019-11-01,95.5566602659,CONURBACIÓN SANTA CRUZ,Bebidas alcohólicas y tabaco
2019-12-01,95.0394959114,CONURBACIÓN SANTA CRUZ,Bebidas alcohólicas y tabaco
2020-01-01,95.4151169464,CONURBACIÓN SANTA CRUZ,Bebidas alcohólicas y tabaco
2020-02-01,93.973509833,CONURBACIÓN SANTA CRUZ,Bebidas alcohólicas y tabaco
2020-03-01,94.1130523915,CONURBACIÓN SANTA CRUZ,Bebidas alcohólicas y tabaco
2020-04-01,94.1134413963,CONURBACIÓN SANTA CRUZ,Bebidas alcohólicas y tabaco
2020-05-01,96.029784472,CONURBACIÓN SANTA CRUZ,Bebidas alcohólicas y tabaco
2020-06-01,95.0927539006,CONURBACIÓN SANTA CRUZ,Bebidas alcohólicas y tabaco
2020-07-01,94.7263921362,CONURBACIÓN SANTA CRUZ,Bebidas alcohólicas y tabaco
2020-08-01,95.3025875633,CONURBACIÓN SANTA CRUZ,Bebidas alcohólicas y tabaco
2020-09-01,94.3414750054,CONURBACIÓN SANTA CRUZ,Bebidas alcohólicas y tabaco
2020-10-01,94.478454903,CONURBACIÓN SANTA CRUZ,Bebidas alcohólicas y tabaco
2020-11-01,94.5169624904,CONURBACIÓN SANTA CRUZ,Bebidas alcohólicas y tabaco
2020-12-01,94.5522540806,CONURBACIÓN SANTA CRUZ,Bebidas alcohólicas y tabaco
2021-01-01,94.816588979,CONURBACIÓN SANTA CRUZ,Bebidas alcohólicas y tabaco
2021-02-01,94.9276134662,CONURBACIÓN SANTA CRUZ,Bebidas alcohólicas y tabaco
2021-03-01,94.6799417727,CONURBACIÓN SANTA CRUZ,Bebidas alcohólicas y tabaco
2021-04-01,94.5130796003,CONURBACIÓN SANTA CRUZ,Bebidas alcohólicas y tabaco
2021-05-01,94.1081357648,CONURBACIÓN SANTA CRUZ,Bebidas alcohólicas y tabaco
2021-06-01,92.5470847183,CONURBACIÓN SANTA CRUZ,Bebidas alcohólicas y tabaco
2021-07-01,92.48158083,CONURBACIÓN SANTA CRUZ,Bebidas alcohólicas y tabaco
2021-08-01,92.3864177341,CONURBACIÓN SANTA CRUZ,Bebidas alcohólicas y tabaco
2021-09-01,92.1550018142,CONURBACIÓN SANTA CRUZ,Bebidas alcohólicas y tabaco
2021-10-01,91.9936722393,CONURBACIÓN SANTA CRUZ,Bebidas alcohólicas y tabaco
2021-11-01,93.3686285198,CONURBACIÓN SANTA CRUZ,Bebidas alcohólicas y tabaco
2021-12-01,93.3643931573,CONURBACIÓN SANTA CRUZ,Bebidas alcohólicas y tabaco
2022-01-01,93.17374091,CONURBACIÓN SANTA CRUZ,Bebidas alcohólicas y tabaco
2022-02-01,91.5373395271,CONURBACIÓN SANTA CRUZ,Bebidas alcohólicas y tabaco
2022-03-01,93.2874593131,CONURBACIÓN SANTA CRUZ,Bebidas alcohólicas y tabaco
2022-04-01,92.0236047039,CONURBACIÓN SANTA CRUZ,Bebidas alcohólicas y tabaco
2022-05-01,92.0058634402,CONURBACIÓN SANTA CRUZ,Bebidas alcohólicas y tabaco
2022-06-01,92.0691490981,CONURBACIÓN SANTA CRUZ,Bebidas alcohólicas y tabaco
2022-07-01,91.3416963618,CONURBACIÓN SANTA CRUZ,Bebidas alcohólicas y tabaco
2022-08-01,92.3992957646,CONURBACIÓN SANTA CRUZ,Bebidas alcohólicas y tabaco
2022-09-01,92.1870040861,CONURBACIÓN SANTA CRUZ,Bebidas alcohólicas y tabaco
2022-10-01,91.8874647041,CONURBACIÓN SANTA CRUZ,Bebidas alcohólicas y tabaco
2022-11-01,91.96622112,CONURBACIÓN SANTA CRUZ,Bebidas alcohólicas y tabaco
2022-12-01,92.9884844856,CONURBACIÓN SANTA CRUZ,Bebidas alcohólicas y tabaco
2023-01-01,91.8342032732,CONURBACIÓN SANTA CRUZ,Bebidas alcohólicas y tabaco
2023-02-01,92.192584475,CONURBACIÓN SANTA CRUZ,Bebidas alcohólicas y tabaco
2023-03-01,91.4533197299,CONURBACIÓN SANTA CRUZ,Bebidas alcohólicas y tabaco
2023-04-01,90.7676605307,CONURBACIÓN SANTA CRUZ,Bebidas alcohólicas y tabaco
2023-05-01,92.2160716083,CONURBACIÓN SANTA CRUZ,Bebidas alcohólicas y tabaco
2023-06-01,91.503129822,CONURBACIÓN SANTA CRUZ,Bebidas alcohólicas y tabaco
2023-07-01,91.95865196,CONURBACIÓN SANTA CRUZ,Bebidas alcohólicas y tabaco
2023-08-01,91.2860441123,CONURBACIÓN SANTA CRUZ,Bebidas alcohólicas y tabaco
2023-09-01,91.8736638707,CONURBACIÓN SANTA CRUZ,Bebidas alcohólicas y tabaco
2023-10-01,91.3864021855,CONURBACIÓN SANTA CRUZ,Bebidas alcohólicas y tabaco
2023-11-01,90.87621531,CONURBACIÓN SANTA CRUZ,Bebidas alcohólicas y tabaco
2023-12-01,92.516859555,CONURBACIÓN SANTA CRUZ,Bebidas alcohólicas y tabaco
2024-01-01,90.988032895,CONURBACIÓN SANTA CRUZ,Bebidas alcohólicas y tabaco
2024-02-01,90.21684282,CONURBACIÓN SANTA CRUZ,Bebidas alcohólicas y tabaco
2024-03-01,91.5166106695,CONURBACIÓN SANTA CRUZ,Bebidas alcohólicas y tabaco
2024-04-01,91.4355928192,CONURBACIÓN SANTA CRUZ,Bebidas alcohólicas y tabaco
2024-05-01,92.1321823977,CONURBACIÓN SANTA CRUZ,Bebidas alcohólicas y tabaco
2024-06-01,92.5504317965,CONURBACIÓN SANTA CRUZ,Bebidas alcohólicas y tabaco
2024-07-01,92.330982766,CONURBACIÓN SANTA CRUZ,Bebidas alcohólicas y tabaco
2024-08-01,93.9313852613,CONURBACIÓN SANTA CRUZ,Bebidas alcohólicas y tabaco
2024-09-01,93.7010150694,CONURBACIÓN SANTA CRUZ,Bebidas alcohólicas y tabaco
2024-10-01,95.5589196281,CONURBACIÓN SANTA CRUZ,Bebidas alcohólicas y tabaco
2024-11-01,95.8008974725,CONURBACIÓN SANTA CRUZ,Bebidas alcohólicas y tabaco
2024-12-01,96.6500441033,CONURBACIÓN SANTA CRUZ,Bebidas alcohólicas y tabaco
2025-01-01,98.0968070754,CONURBACIÓN SANTA CRUZ,Bebidas alcohólicas y tabaco
2025-02-01,98.9247200036,CONURBACIÓN SANTA CRUZ,Bebidas alcohólicas y tabaco
2025-03-01,98.8961823434,CONURBACIÓN SANTA CRUZ,Bebidas alcohólicas y tabaco
2025-04-01,100.5438660562,CONURBACIÓN SANTA CRUZ,Bebidas alcohólicas y tabaco
2025-05-01,102.8909490851,CONURBACIÓN SANTA CRUZ,Bebidas alcohólicas y tabaco
2025-06-01,104.2716148675,CONURBACIÓN SANTA CRUZ,Bebidas alcohólicas y tabaco
2025-07-01,105.207874743,CONURBACIÓN SANTA CRUZ,Bebidas alcohólicas y tabaco
2025-08-01,105.5120444696,CONURBACIÓN SANTA CRUZ,Bebidas alcohólicas y tabaco
2025-09-01,108.3305757719,CONURBACIÓN SANTA CRUZ,Bebidas alcohólicas y tabaco
2025-10-01,111.1946446946,CONURBACIÓN SANTA CRUZ,Bebidas alcohólicas y tabaco
2025-11-01,112.6422026564,CONURBACIÓN SANTA CRUZ,Bebidas alcohólicas y tabaco
2025-12-01,113.2603293931,CONURBACIÓN SANTA CRUZ,Bebidas alcohólicas y tabaco
2026-01-01,115.6902479592,CONURBACIÓN SANTA CRUZ,Bebidas alcohólicas y tabaco
2026-02-01,116.1974148521,CONURBACIÓN SANTA CRUZ,Bebidas alcohólicas y tabaco
2026-03-01,116.7946039901,CONURBACIÓN SANTA CRUZ,Bebidas alcohólicas y tabaco
2026-04-01,117.2227065332,CONURBACIÓN SANTA CRUZ,Bebidas alcohólicas y tabaco
2026-05-01,117.3196281789,CONURBACIÓN SANTA CRUZ,Bebidas alcohólicas y tabaco
2026-06-01,116.9227893414,CONURBACIÓN SANTA CRUZ,Bebidas alcohólicas y tabaco
2026-07-01,118.8665154478,CONURBACIÓN SANTA CRUZ,Bebidas alcohólicas y tabaco
2018-01-01,97.6222850855,CONURBACIÓN SANTA CRUZ,Bienes y servicios diversos
2018-02-01,98.7497775028,CONURBACIÓN SANTA CRUZ,Bienes y servicios diversos
2018-03-01,99.0904269481,CONURBACIÓN SANTA CRUZ,Bienes y servicios diversos
2018-04-01,98.9550451161,CONURBACIÓN SANTA CRUZ,Bienes y servicios diversos
2018-05-01,98.6206309405,CONURBACIÓN SANTA CRUZ,Bienes y servicios diversos
2018-06-01,98.5973093939,CONURBACIÓN SANTA CRUZ,Bienes y servicios diversos
2018-07-01,98.7802583871,CONURBACIÓN SANTA CRUZ,Bienes y servicios diversos
2018-08-01,98.6587513785,CONURBACIÓN SANTA CRUZ,Bienes y servicios diversos
2018-09-01,98.7627083986,CONURBACIÓN SANTA CRUZ,Bienes y servicios diversos
2018-10-01,99.1603413793,CONURBACIÓN SANTA CRUZ,Bienes y servicios diversos
2018-11-01,99.2820793221,CONURBACIÓN SANTA CRUZ,Bienes y servicios diversos
2018-12-01,99.2772188535,CONURBACIÓN SANTA CRUZ,Bienes y servicios diversos
2019-01-01,99.1037441062,CONURBACIÓN SANTA CRUZ,Bienes y servicios diversos
2019-02-01,99.4142005497,CONURBACIÓN SANTA CRUZ,Bienes y servicios diversos
2019-03-01,99.4672883065,CONURBACIÓN SANTA CRUZ,Bienes y servicios diversos
2019-04-01,99.6421159078,CONURBACIÓN SANTA CRUZ,Bienes y servicios diversos
2019-05-01,99.5844651882,CONURBACIÓN SANTA CRUZ,Bienes y servicios diversos
2019-06-01,99.1602982828,CONURBACIÓN SANTA CRUZ,Bienes y servicios diversos
2019-07-01,99.4441522477,CONURBACIÓN SANTA CRUZ,Bienes y servicios diversos
2019-08-01,99.4566474626,CONURBACIÓN SANTA CRUZ,Bienes y servicios diversos
2019-09-01,99.561701523,CONURBACIÓN SANTA CRUZ,Bienes y servicios diversos
2019-10-01,99.4748745847,CONURBACIÓN SANTA CRUZ,Bienes y servicios diversos
2019-11-01,99.4429602534,CONURBACIÓN SANTA CRUZ,Bienes y servicios diversos
2019-12-01,99.6257409742,CONURBACIÓN SANTA CRUZ,Bienes y servicios diversos
2020-01-01,99.7136637582,CONURBACIÓN SANTA CRUZ,Bienes y servicios diversos
2020-02-01,99.467936999,CONURBACIÓN SANTA CRUZ,Bienes y servicios diversos
2020-03-01,99.2547400259,CONURBACIÓN SANTA CRUZ,Bienes y servicios diversos
2020-04-01,99.8192338652,CONURBACIÓN SANTA CRUZ,Bienes y servicios diversos
2020-05-01,102.7470714231,CONURBACIÓN SANTA CRUZ,Bienes y servicios diversos
2020-06-01,102.6537654795,CONURBACIÓN SANTA CRUZ,Bienes y servicios diversos
2020-07-01,99.1717776098,CONURBACIÓN SANTA CRUZ,Bienes y servicios diversos
2020-08-01,98.1861106291,CONURBACIÓN SANTA CRUZ,Bienes y servicios diversos
2020-09-01,97.8653377888,CONURBACIÓN SANTA CRUZ,Bienes y servicios diversos
2020-10-01,97.4575981826,CONURBACIÓN SANTA CRUZ,Bienes y servicios diversos
2020-11-01,97.7180395834,CONURBACIÓN SANTA CRUZ,Bienes y servicios diversos
2020-12-01,98.3024702418,CONURBACIÓN SANTA CRUZ,Bienes y servicios diversos
2021-01-01,97.785216851,CONURBACIÓN SANTA CRUZ,Bienes y servicios diversos
2021-02-01,97.6988774962,CONURBACIÓN SANTA CRUZ,Bienes y servicios diversos
2021-03-01,97.4092666322,CONURBACIÓN SANTA CRUZ,Bienes y servicios diversos
2021-04-01,97.0544295735,CONURBACIÓN SANTA CRUZ,Bienes y servicios diversos
2021-05-01,96.4185485347,CONURBACIÓN SANTA CRUZ,Bienes y servicios diversos
2021-06-01,96.5418338748,CONURBACIÓN SANTA CRUZ,Bienes y servicios diversos
2021-07-01,96.59395629,CONURBACIÓN SANTA CRUZ,Bienes y servicios diversos
2021-08-01,96.3708088324,CONURBACIÓN SANTA CRUZ,Bienes y servicios diversos
2021-09-01,96.9984543313,CONURBACIÓN SANTA CRUZ,Bienes y servicios diversos
2021-10-01,97.396157936,CONURBACIÓN SANTA CRUZ,Bienes y servicios diversos
2021-11-01,96.9643736853,CONURBACIÓN SANTA CRUZ,Bienes y servicios diversos
2021-12-01,97.6200442382,CONURBACIÓN SANTA CRUZ,Bienes y servicios diversos
2022-01-01,97.8984893604,CONURBACIÓN SANTA CRUZ,Bienes y servicios diversos
2022-02-01,97.6400426126,CONURBACIÓN SANTA CRUZ,Bienes y servicios diversos
2022-03-01,97.8287920459,CONURBACIÓN SANTA CRUZ,Bienes y servicios diversos
2022-04-01,98.0365700094,CONURBACIÓN SANTA CRUZ,Bienes y servicios diversos
2022-05-01,98.3498809389,CONURBACIÓN SANTA CRUZ,Bienes y servicios diversos
2022-06-01,98.8292328345,CONURBACIÓN SANTA CRUZ,Bienes y servicios diversos
2022-07-01,99.0342186489,CONURBACIÓN SANTA CRUZ,Bienes y servicios diversos
2022-08-01,98.9621746116,CONURBACIÓN SANTA CRUZ,Bienes y servicios diversos
2022-09-01,99.048120129,CONURBACIÓN SANTA CRUZ,Bienes y servicios diversos
2022-10-01,99.2574523392,CONURBACIÓN SANTA CRUZ,Bienes y servicios diversos
2022-11-01,98.98046467,CONURBACIÓN SANTA CRUZ,Bienes y servicios diversos
2022-12-01,100.4075283887,CONURBACIÓN SANTA CRUZ,Bienes y servicios diversos
2023-01-01,101.5494325361,CONURBACIÓN SANTA CRUZ,Bienes y servicios diversos
2023-02-01,101.6901850695,CONURBACIÓN SANTA CRUZ,Bienes y servicios diversos
2023-03-01,101.6728301225,CONURBACIÓN SANTA CRUZ,Bienes y servicios diversos
2023-04-01,101.3327397703,CONURBACIÓN SANTA CRUZ,Bienes y servicios diversos
2023-05-01,101.9438346579,CONURBACIÓN SANTA CRUZ,Bienes y servicios diversos
2023-06-01,102.1398163381,CONURBACIÓN SANTA CRUZ,Bienes y servicios diversos
2023-07-01,102.2116912,CONURBACIÓN SANTA CRUZ,Bienes y servicios diversos
2023-08-01,102.0701630411,CONURBACIÓN SANTA CRUZ,Bienes y servicios diversos
2023-09-01,101.9294751921,CONURBACIÓN SANTA CRUZ,Bienes y servicios diversos
2023-10-01,101.7543265587,CONURBACIÓN SANTA CRUZ,Bienes y servicios diversos
2023-11-01,101.6443511,CONURBACIÓN SANTA CRUZ,Bienes y servicios diversos
2023-12-01,103.2865085688,CONURBACIÓN SANTA CRUZ,Bienes y servicios diversos
2024-01-01,103.6000618671,CONURBACIÓN SANTA CRUZ,Bienes y servicios diversos
2024-02-01,104.1552241,CONURBACIÓN SANTA CRUZ,Bienes y servicios diversos
2024-03-01,105.4542718046,CONURBACIÓN SANTA CRUZ,Bienes y servicios diversos
2024-04-01,106.562134317,CONURBACIÓN SANTA CRUZ,Bienes y servicios diversos
2024-05-01,107.7261402315,CONURBACIÓN SANTA CRUZ,Bienes y servicios diversos
2024-06-01,108.2282894719,CONURBACIÓN SANTA CRUZ,Bienes y servicios diversos
2024-07-01,108.5734558314,CONURBACIÓN SANTA CRUZ,Bienes y servicios diversos
2024-08-01,112.3363177562,CONURBACIÓN SANTA CRUZ,Bienes y servicios diversos
2024-09-01,115.4807757153,CONURBACIÓN SANTA CRUZ,Bienes y servicios diversos
2024-10-01,117.4394959792,CONURBACIÓN SANTA CRUZ,Bienes y servicios diversos
2024-11-01,119.1843147724,CONURBACIÓN SANTA CRUZ,Bienes y servicios diversos
2024-12-01,120.183185799,CONURBACIÓN SANTA CRUZ,Bienes y servicios diversos
2025-01-01,122.6425849021,CONURBACIÓN SANTA CRUZ,Bienes y servicios diversos
2025-02-01,124.6963141157,CONURBACIÓN SANTA CRUZ,Bienes y servicios diversos
2025-03-01,126.5253921212,CONURBACIÓN SANTA CRUZ,Bienes y servicios diversos
2025-04-01,130.1399494405,CONURBACIÓN SANTA CRUZ,Bienes y servicios diversos
2025-05-01,140.2173510495,CONURBACIÓN SANTA CRUZ,Bienes y servicios diversos
2025-06-01,154.1330108826,CONURBACIÓN SANTA CRUZ,Bienes y servicios diversos
2025-07-01,159.8545949191,CONURBACIÓN SANTA CRUZ,Bienes y servicios diversos
2025-08-01,160.9134477826,CONURBACIÓN SANTA CRUZ,Bienes y servicios diversos
2025-09-01,159.8059453621,CONURBACIÓN SANTA CRUZ,Bienes y servicios diversos
2025-10-01,158.8507938051,CONURBACIÓN SANTA CRUZ,Bienes y servicios diversos
2025-11-01,156.2183764199,CONURBACIÓN SANTA CRUZ,Bienes y servicios diversos
2025-12-01,154.4541522154,CONURBACIÓN SANTA CRUZ,Bienes y servicios diversos
2026-01-01,151.9470476357,CONURBACIÓN SANTA CRUZ,Bienes y servicios diversos
2026-02-01,149.0066940017,CONURBACIÓN SANTA CRUZ,Bienes y servicios diversos
2026-03-01,146.8821835388,CONURBACIÓN SANTA CRUZ,Bienes y servicios diversos
2026-04-01,146.7292839934,CONURBACIÓN SANTA CRUZ,Bienes y servicios diversos
2026-05-01,146.4163966567,CONURBACIÓN SANTA CRUZ,Bienes y servicios diversos
2026-06-01,145.7244369418,CONURBACIÓN SANTA CRUZ,Bienes y servicios diversos
2026-07-01,147.3550350097,CONURBACIÓN SANTA CRUZ,Bienes y servicios diversos
2018-01-01,95.694943095,CONURBACIÓN SANTA CRUZ,Comunicaciones
2018-02-01,95.8296932987,CONURBACIÓN SANTA CRUZ,Comunicaciones
2018-03-01,96.0022588245,CONURBACIÓN SANTA CRUZ,Comunicaciones
2018-04-01,95.7679338527,CONURBACIÓN SANTA CRUZ,Comunicaciones
2018-05-01,95.647962697,CONURBACIÓN SANTA CRUZ,Comunicaciones
2018-06-01,95.4286136973,CONURBACIÓN SANTA CRUZ,Comunicaciones
2018-07-01,95.2677778495,CONURBACIÓN SANTA CRUZ,Comunicaciones
2018-08-01,94.850983302,CONURBACIÓN SANTA CRUZ,Comunicaciones
2018-09-01,94.6766392377,CONURBACIÓN SANTA CRUZ,Comunicaciones
2018-10-01,94.6524146992,CONURBACIÓN SANTA CRUZ,Comunicaciones
2018-11-01,94.6499685598,CONURBACIÓN SANTA CRUZ,Comunicaciones
2018-12-01,94.1796684334,CONURBACIÓN SANTA CRUZ,Comunicaciones
2019-01-01,94.7507256054,CONURBACIÓN SANTA CRUZ,Comunicaciones
2019-02-01,94.8276785506,CONURBACIÓN SANTA CRUZ,Comunicaciones
2019-03-01,95.0757262759,CONURBACIÓN SANTA CRUZ,Comunicaciones
2019-04-01,95.2447197084,CONURBACIÓN SANTA CRUZ,Comunicaciones
2019-05-01,94.8742521124,CONURBACIÓN SANTA CRUZ,Comunicaciones
2019-06-01,94.796568525,CONURBACIÓN SANTA CRUZ,Comunicaciones
2019-07-01,94.6701598909,CONURBACIÓN SANTA CRUZ,Comunicaciones
2019-08-01,94.7116028237,CONURBACIÓN SANTA CRUZ,Comunicaciones
2019-09-01,94.6358534828,CONURBACIÓN SANTA CRUZ,Comunicaciones
2019-10-01,94.4695926418,CONURBACIÓN SANTA CRUZ,Comunicaciones
2019-11-01,94.414670943,CONURBACIÓN SANTA CRUZ,Comunicaciones
2019-12-01,95.0765108269,CONURBACIÓN SANTA CRUZ,Comunicaciones
2020-01-01,94.8729630717,CONURBACIÓN SANTA CRUZ,Comunicaciones
2020-02-01,94.6609979098,CONURBACIÓN SANTA CRUZ,Comunicaciones
2020-03-01,95.2017410897,CONURBACIÓN SANTA CRUZ,Comunicaciones
2020-04-01,95.2017410897,CONURBACIÓN SANTA CRUZ,Comunicaciones
2020-05-01,95.2017410897,CONURBACIÓN SANTA CRUZ,Comunicaciones
2020-06-01,95.2017410897,CONURBACIÓN SANTA CRUZ,Comunicaciones
2020-07-01,97.3596634918,CONURBACIÓN SANTA CRUZ,Comunicaciones
2020-08-01,98.1388470631,CONURBACIÓN SANTA CRUZ,Comunicaciones
2020-09-01,98.01622696,CONURBACIÓN SANTA CRUZ,Comunicaciones
2020-10-01,97.6152309311,CONURBACIÓN SANTA CRUZ,Comunicaciones
2020-11-01,97.331216844,CONURBACIÓN SANTA CRUZ,Comunicaciones
2020-12-01,97.2042482221,CONURBACIÓN SANTA CRUZ,Comunicaciones
2021-01-01,97.3442180897,CONURBACIÓN SANTA CRUZ,Comunicaciones
2021-02-01,98.4436912209,CONURBACIÓN SANTA CRUZ,Comunicaciones
2021-03-01,98.4267337677,CONURBACIÓN SANTA CRUZ,Comunicaciones
2021-04-01,98.9804504091,CONURBACIÓN SANTA CRUZ,Comunicaciones
2021-05-01,98.783749976,CONURBACIÓN SANTA CRUZ,Comunicaciones
2021-06-01,98.7398111618,CONURBACIÓN SANTA CRUZ,Comunicaciones
2021-07-01,98.054596,CONURBACIÓN SANTA CRUZ,Comunicaciones
2021-08-01,98.4309235887,CONURBACIÓN SANTA CRUZ,Comunicaciones
2021-09-01,98.4664845094,CONURBACIÓN SANTA CRUZ,Comunicaciones
2021-10-01,99.2741493947,CONURBACIÓN SANTA CRUZ,Comunicaciones
2021-11-01,100.2683208835,CONURBACIÓN SANTA CRUZ,Comunicaciones
2021-12-01,100.4228557114,CONURBACIÓN SANTA CRUZ,Comunicaciones
2022-01-01,100.9278631636,CONURBACIÓN SANTA CRUZ,Comunicaciones
2022-02-01,100.7094228829,CONURBACIÓN SANTA CRUZ,Comunicaciones
2022-03-01,101.0833578513,CONURBACIÓN SANTA CRUZ,Comunicaciones
2022-04-01,101.0411310582,CONURBACIÓN SANTA CRUZ,Comunicaciones
2022-05-01,100.6355327783,CONURBACIÓN SANTA CRUZ,Comunicaciones
2022-06-01,100.389610088,CONURBACIÓN SANTA CRUZ,Comunicaciones
2022-07-01,99.0012515453,CONURBACIÓN SANTA CRUZ,Comunicaciones
2022-08-01,98.7831051375,CONURBACIÓN SANTA CRUZ,Comunicaciones
2022-09-01,98.8525796182,CONURBACIÓN SANTA CRUZ,Comunicaciones
2022-10-01,98.6201041697,CONURBACIÓN SANTA CRUZ,Comunicaciones
2022-11-01,98.73483477,CONURBACIÓN SANTA CRUZ,Comunicaciones
2022-12-01,98.4302131892,CONURBACIÓN SANTA CRUZ,Comunicaciones
2023-01-01,97.9302869474,CONURBACIÓN SANTA CRUZ,Comunicaciones
2023-02-01,97.3776941932,CONURBACIÓN SANTA CRUZ,Comunicaciones
2023-03-01,97.9930405734,CONURBACIÓN SANTA CRUZ,Comunicaciones
2023-04-01,98.4090328661,CONURBACIÓN SANTA CRUZ,Comunicaciones
2023-05-01,98.4154493569,CONURBACIÓN SANTA CRUZ,Comunicaciones
2023-06-01,98.2551658314,CONURBACIÓN SANTA CRUZ,Comunicaciones
2023-07-01,98.27375075,CONURBACIÓN SANTA CRUZ,Comunicaciones
2023-08-01,97.8865346711,CONURBACIÓN SANTA CRUZ,Comunicaciones
2023-09-01,98.1300197321,CONURBACIÓN SANTA CRUZ,Comunicaciones
2023-10-01,98.001923399,CONURBACIÓN SANTA CRUZ,Comunicaciones
2023-11-01,98.67858126,CONURBACIÓN SANTA CRUZ,Comunicaciones
2023-12-01,99.0906576382,CONURBACIÓN SANTA CRUZ,Comunicaciones
2024-01-01,99.7359796726,CONURBACIÓN SANTA CRUZ,Comunicaciones
2024-02-01,100.0535245,CONURBACIÓN SANTA CRUZ,Comunicaciones
2024-03-01,100.6424969054,CONURBACIÓN SANTA CRUZ,Comunicaciones
2024-04-01,100.7830240629,CONURBACIÓN SANTA CRUZ,Comunicaciones
2024-05-01,101.3433986017,CONURBACIÓN SANTA CRUZ,Comunicaciones
2024-06-01,101.0455913306,CONURBACIÓN SANTA CRUZ,Comunicaciones
2024-07-01,102.8906390573,CONURBACIÓN SANTA CRUZ,Comunicaciones
2024-08-01,104.2996880161,CONURBACIÓN SANTA CRUZ,Comunicaciones
2024-09-01,104.1906881121,CONURBACIÓN SANTA CRUZ,Comunicaciones
2024-10-01,103.5388478419,CONURBACIÓN SANTA CRUZ,Comunicaciones
2024-11-01,103.8046622763,CONURBACIÓN SANTA CRUZ,Comunicaciones
2024-12-01,104.501146088,CONURBACIÓN SANTA CRUZ,Comunicaciones
2025-01-01,104.3160946349,CONURBACIÓN SANTA CRUZ,Comunicaciones
2025-02-01,104.5140114924,CONURBACIÓN SANTA CRUZ,Comunicaciones
2025-03-01,104.0891214504,CONURBACIÓN SANTA CRUZ,Comunicaciones
2025-04-01,104.8326820283,CONURBACIÓN SANTA CRUZ,Comunicaciones
2025-05-01,106.5703640646,CONURBACIÓN SANTA CRUZ,Comunicaciones
2025-06-01,107.5984735666,CONURBACIÓN SANTA CRUZ,Comunicaciones
2025-07-01,106.3831847789,CONURBACIÓN SANTA CRUZ,Comunicaciones
2025-08-01,105.2884288169,CONURBACIÓN SANTA CRUZ,Comunicaciones
2025-09-01,104.4476180528,CONURBACIÓN SANTA CRUZ,Comunicaciones
2025-10-01,103.3965727784,CONURBACIÓN SANTA CRUZ,Comunicaciones
2025-11-01,101.2205773169,CONURBACIÓN SANTA CRUZ,Comunicaciones
2025-12-01,100.7069703019,CONURBACIÓN SANTA CRUZ,Comunicaciones
2026-01-01,99.1300531478,CONURBACIÓN SANTA CRUZ,Comunicaciones
2026-02-01,98.7495690263,CONURBACIÓN SANTA CRUZ,Comunicaciones
2026-03-01,99.5031853824,CONURBACIÓN SANTA CRUZ,Comunicaciones
2026-04-01,99.0963145242,CONURBACIÓN SANTA CRUZ,Comunicaciones
2026-05-01,99.9204454695,CONURBACIÓN SANTA CRUZ,Comunicaciones
2026-06-01,100.7023329232,CONURBACIÓN SANTA CRUZ,Comunicaciones
2026-07-01,102.2512579358,CONURBACIÓN SANTA CRUZ,Comunicaciones
2018-01-01,105.7652730094,CONURBACIÓN SANTA CRUZ,Educación
2018-02-01,108.75547859,CONURBACIÓN SANTA CRUZ,Educación
2018-03-01,108.870327011,CONURBACIÓN SANTA CRUZ,Educación
2018-04-01,108.8336471006,CONURBACIÓN SANTA CRUZ,Educación
2018-05-01,108.8021331144,CONURBACIÓN SANTA CRUZ,Educación
2018-06-01,108.8091332407,CONURBACIÓN SANTA CRUZ,Educación
2018-07-01,108.8789153521,CONURBACIÓN SANTA CRUZ,Educación
2018-08-01,108.9440583365,CONURBACIÓN SANTA CRUZ,Educación
2018-09-01,108.9629598375,CONURBACIÓN SANTA CRUZ,Educación
2018-10-01,108.930111144,CONURBACIÓN SANTA CRUZ,Educación
2018-11-01,108.8871361286,CONURBACIÓN SANTA CRUZ,Educación
2018-12-01,108.9123396163,CONURBACIÓN SANTA CRUZ,Educación
2019-01-01,112.810721816,CONURBACIÓN SANTA CRUZ,Educación
2019-02-01,113.1776795816,CONURBACIÓN SANTA CRUZ,Educación
2019-03-01,113.2166784181,CONURBACIÓN SANTA CRUZ,Educación
2019-04-01,113.175266967,CONURBACIÓN SANTA CRUZ,Educación
2019-05-01,113.1734036307,CONURBACIÓN SANTA CRUZ,Educación
2019-06-01,113.1930165727,CONURBACIÓN SANTA CRUZ,Educación
2019-07-01,113.039337816,CONURBACIÓN SANTA CRUZ,Educación
2019-08-01,113.175700816,CONURBACIÓN SANTA CRUZ,Educación
2019-09-01,113.2793456691,CONURBACIÓN SANTA CRUZ,Educación
2019-10-01,113.2367823136,CONURBACIÓN SANTA CRUZ,Educación
2019-11-01,113.2741564711,CONURBACIÓN SANTA CRUZ,Educación
2019-12-01,113.3035067738,CONURBACIÓN SANTA CRUZ,Educación
2020-01-01,114.6226958339,CONURBACIÓN SANTA CRUZ,Educación
2020-02-01,116.027127879,CONURBACIÓN SANTA CRUZ,Educación
2020-03-01,116.0271278812,CONURBACIÓN SANTA CRUZ,Educación
2020-04-01,116.0271278812,CONURBACIÓN SANTA CRUZ,Educación
2020-05-01,116.0271278812,CONURBACIÓN SANTA CRUZ,Educación
2020-06-01,116.0271278812,CONURBACIÓN SANTA CRUZ,Educación
2020-07-01,116.0271278812,CONURBACIÓN SANTA CRUZ,Educación
2020-08-01,116.0271278812,CONURBACIÓN SANTA CRUZ,Educación
2020-09-01,116.0271278812,CONURBACIÓN SANTA CRUZ,Educación
2020-10-01,116.0279979365,CONURBACIÓN SANTA CRUZ,Educación
2020-11-01,115.9578921383,CONURBACIÓN SANTA CRUZ,Educación
2020-12-01,116.0373997742,CONURBACIÓN SANTA CRUZ,Educación
2021-01-01,124.7141091639,CONURBACIÓN SANTA CRUZ,Educación
2021-02-01,129.4551866381,CONURBACIÓN SANTA CRUZ,Educación
2021-03-01,128.2725024717,CONURBACIÓN SANTA CRUZ,Educación
2021-04-01,126.7840842571,CONURBACIÓN SANTA CRUZ,Educación
2021-05-01,125.8818723852,CONURBACIÓN SANTA CRUZ,Educación
2021-06-01,125.8645920555,CONURBACIÓN SANTA CRUZ,Educación
2021-07-01,125.7750753,CONURBACIÓN SANTA CRUZ,Educación
2021-08-01,126.2572239276,CONURBACIÓN SANTA CRUZ,Educación
2021-09-01,126.2332850722,CONURBACIÓN SANTA CRUZ,Educación
2021-10-01,126.3064496243,CONURBACIÓN SANTA CRUZ,Educación
2021-11-01,126.369673735,CONURBACIÓN SANTA CRUZ,Educación
2021-12-01,126.3394853485,CONURBACIÓN SANTA CRUZ,Educación
2022-01-01,129.8994168408,CONURBACIÓN SANTA CRUZ,Educación
2022-02-01,130.6958133578,CONURBACIÓN SANTA CRUZ,Educación
2022-03-01,130.7347608733,CONURBACIÓN SANTA CRUZ,Educación
2022-04-01,130.6661302496,CONURBACIÓN SANTA CRUZ,Educación
2022-05-01,130.6839632475,CONURBACIÓN SANTA CRUZ,Educación
2022-06-01,130.7332385081,CONURBACIÓN SANTA CRUZ,Educación
2022-07-01,130.8006488733,CONURBACIÓN SANTA CRUZ,Educación
2022-08-01,131.3805547648,CONURBACIÓN SANTA CRUZ,Educación
2022-09-01,131.3028948157,CONURBACIÓN SANTA CRUZ,Educación
2022-10-01,131.2440106942,CONURBACIÓN SANTA CRUZ,Educación
2022-11-01,131.1662054,CONURBACIÓN SANTA CRUZ,Educación
2022-12-01,131.2482769783,CONURBACIÓN SANTA CRUZ,Educación
2023-01-01,132.7016475314,CONURBACIÓN SANTA CRUZ,Educación
2023-02-01,133.7682478897,CONURBACIÓN SANTA CRUZ,Educación
2023-03-01,133.6884446641,CONURBACIÓN SANTA CRUZ,Educación
2023-04-01,133.6363754996,CONURBACIÓN SANTA CRUZ,Educación
2023-05-01,133.6577266501,CONURBACIÓN SANTA CRUZ,Educación
2023-06-01,133.6116577119,CONURBACIÓN SANTA CRUZ,Educación
2023-07-01,133.6580521,CONURBACIÓN SANTA CRUZ,Educación
2023-08-01,133.7507423261,CONURBACIÓN SANTA CRUZ,Educación
2023-09-01,133.784983916,CONURBACIÓN SANTA CRUZ,Educación
2023-10-01,133.7998875586,CONURBACIÓN SANTA CRUZ,Educación
2023-11-01,133.7998876,CONURBACIÓN SANTA CRUZ,Educación
2023-12-01,134.1571139349,CONURBACIÓN SANTA CRUZ,Educación
2024-01-01,134.9406400096,CONURBACIÓN SANTA CRUZ,Educación
2024-02-01,136.2852235,CONURBACIÓN SANTA CRUZ,Educación
2024-03-01,136.5085169847,CONURBACIÓN SANTA CRUZ,Educación
2024-04-01,136.4191890965,CONURBACIÓN SANTA CRUZ,Educación
2024-05-01,136.3772081977,CONURBACIÓN SANTA CRUZ,Educación
2024-06-01,136.5686347475,CONURBACIÓN SANTA CRUZ,Educación
2024-07-01,136.5850704108,CONURBACIÓN SANTA CRUZ,Educación
2024-08-01,136.5280487129,CONURBACIÓN SANTA CRUZ,Educación
2024-09-01,136.217159055,CONURBACIÓN SANTA CRUZ,Educación
2024-10-01,136.3702820096,CONURBACIÓN SANTA CRUZ,Educación
2024-11-01,136.4458266003,CONURBACIÓN SANTA CRUZ,Educación
2024-12-01,136.3159737288,CONURBACIÓN SANTA CRUZ,Educación
2025-01-01,138.5846424925,CONURBACIÓN SANTA CRUZ,Educación
2025-02-01,142.8197503702,CONURBACIÓN SANTA CRUZ,Educación
2025-03-01,142.9566784587,CONURBACIÓN SANTA CRUZ,Educación
2025-04-01,142.8700288028,CONURBACIÓN SANTA CRUZ,Educación
2025-05-01,142.4585923405,CONURBACIÓN SANTA CRUZ,Educación
2025-06-01,142.8466284946,CONURBACIÓN SANTA CRUZ,Educación
2025-07-01,143.1104444458,CONURBACIÓN SANTA CRUZ,Educación
2025-08-01,143.2466428783,CONURBACIÓN SANTA CRUZ,Educación
2025-09-01,143.2466428783,CONURBACIÓN SANTA CRUZ,Educación
2025-10-01,143.1635837734,CONURBACIÓN SANTA CRUZ,Educación
2025-11-01,143.1276333605,CONURBACIÓN SANTA CRUZ,Educación
2025-12-01,143.4759300759,CONURBACIÓN SANTA CRUZ,Educación
2026-01-01,144.5636901746,CONURBACIÓN SANTA CRUZ,Educación
2026-02-01,148.7378679839,CONURBACIÓN SANTA CRUZ,Educación
2026-03-01,148.6855282833,CONURBACIÓN SANTA CRUZ,Educación
2026-04-01,148.8745341073,CONURBACIÓN SANTA CRUZ,Educación
2026-05-01,148.8111401734,CONURBACIÓN SANTA CRUZ,Educación
2026-06-01,148.8301794583,CONURBACIÓN SANTA CRUZ,Educación
2026-07-01,148.9177824824,CONURBACIÓN SANTA CRUZ,Educación
2018-01-01,100.8345303702,CONURBACIÓN SANTA CRUZ,"Muebles, bienes y servicios domésticos"
2018-02-01,100.9958965252,CONURBACIÓN SANTA CRUZ,"Muebles, bienes y servicios domésticos"
2018-03-01,100.5821363621,CONURBACIÓN SANTA CRUZ,"Muebles, bienes y servicios domésticos"
2018-04-01,100.5882030786,CONURBACIÓN SANTA CRUZ,"Muebles, bienes y servicios domésticos"
2018-05-01,100.7545943402,CONURBACIÓN SANTA CRUZ,"Muebles, bienes y servicios domésticos"
2018-06-01,100.6118874267,CONURBACIÓN SANTA CRUZ,"Muebles, bienes y servicios domésticos"
2018-07-01,100.6359528809,CONURBACIÓN SANTA CRUZ,"Muebles, bienes y servicios domésticos"
2018-08-01,100.6555903163,CONURBACIÓN SANTA CRUZ,"Muebles, bienes y servicios domésticos"
2018-09-01,100.8339602218,CONURBACIÓN SANTA CRUZ,"Muebles, bienes y servicios domésticos"
2018-10-01,100.9373522083,CONURBACIÓN SANTA CRUZ,"Muebles, bienes y servicios domésticos"
2018-11-01,100.9894055657,CONURBACIÓN SANTA CRUZ,"Muebles, bienes y servicios domésticos"
2018-12-01,100.9825296702,CONURBACIÓN SANTA CRUZ,"Muebles, bienes y servicios domésticos"
2019-01-01,101.1702663372,CONURBACIÓN SANTA CRUZ,"Muebles, bienes y servicios domésticos"
2019-02-01,100.9252881815,CONURBACIÓN SANTA CRUZ,"Muebles, bienes y servicios domésticos"
2019-03-01,100.9531502293,CONURBACIÓN SANTA CRUZ,"Muebles, bienes y servicios domésticos"
2019-04-01,100.7718005689,CONURBACIÓN SANTA CRUZ,"Muebles, bienes y servicios domésticos"
2019-05-01,101.4907479111,CONURBACIÓN SANTA CRUZ,"Muebles, bienes y servicios domésticos"
2019-06-01,102.0259367551,CONURBACIÓN SANTA CRUZ,"Muebles, bienes y servicios domésticos"
2019-07-01,102.3009555048,CONURBACIÓN SANTA CRUZ,"Muebles, bienes y servicios domésticos"
2019-08-01,102.2634733925,CONURBACIÓN SANTA CRUZ,"Muebles, bienes y servicios domésticos"
2019-09-01,102.3230506126,CONURBACIÓN SANTA CRUZ,"Muebles, bienes y servicios domésticos"
2019-10-01,102.2444974574,CONURBACIÓN SANTA CRUZ,"Muebles, bienes y servicios domésticos"
2019-11-01,102.1877662637,CONURBACIÓN SANTA CRUZ,"Muebles, bienes y servicios domésticos"
2019-12-01,101.9647593632,CONURBACIÓN SANTA CRUZ,"Muebles, bienes y servicios domésticos"
2020-01-01,102.736902358,CONURBACIÓN SANTA CRUZ,"Muebles, bienes y servicios domésticos"
2020-02-01,102.4437856342,CONURBACIÓN SANTA CRUZ,"Muebles, bienes y servicios domésticos"
2020-03-01,102.5218263117,CONURBACIÓN SANTA CRUZ,"Muebles, bienes y servicios domésticos"
2020-04-01,103.5402419506,CONURBACIÓN SANTA CRUZ,"Muebles, bienes y servicios domésticos"
2020-05-01,105.0120664014,CONURBACIÓN SANTA CRUZ,"Muebles, bienes y servicios domésticos"
2020-06-01,104.7380240128,CONURBACIÓN SANTA CRUZ,"Muebles, bienes y servicios domésticos"
2020-07-01,103.8150289328,CONURBACIÓN SANTA CRUZ,"Muebles, bienes y servicios domésticos"
2020-08-01,103.3993942642,CONURBACIÓN SANTA CRUZ,"Muebles, bienes y servicios domésticos"
2020-09-01,103.0262496343,CONURBACIÓN SANTA CRUZ,"Muebles, bienes y servicios domésticos"
2020-10-01,102.6176479676,CONURBACIÓN SANTA CRUZ,"Muebles, bienes y servicios domésticos"
2020-11-01,102.1531769704,CONURBACIÓN SANTA CRUZ,"Muebles, bienes y servicios domésticos"
2020-12-01,102.7267702685,CONURBACIÓN SANTA CRUZ,"Muebles, bienes y servicios domésticos"
2021-01-01,102.4842884979,CONURBACIÓN SANTA CRUZ,"Muebles, bienes y servicios domésticos"
2021-02-01,102.6305121646,CONURBACIÓN SANTA CRUZ,"Muebles, bienes y servicios domésticos"
2021-03-01,103.0597063791,CONURBACIÓN SANTA CRUZ,"Muebles, bienes y servicios domésticos"
2021-04-01,103.1851279731,CONURBACIÓN SANTA CRUZ,"Muebles, bienes y servicios domésticos"
2021-05-01,103.2550009456,CONURBACIÓN SANTA CRUZ,"Muebles, bienes y servicios domésticos"
2021-06-01,103.4166444407,CONURBACIÓN SANTA CRUZ,"Muebles, bienes y servicios domésticos"
2021-07-01,103.5110169,CONURBACIÓN SANTA CRUZ,"Muebles, bienes y servicios domésticos"
2021-08-01,103.578786809,CONURBACIÓN SANTA CRUZ,"Muebles, bienes y servicios domésticos"
2021-09-01,103.526137723,CONURBACIÓN SANTA CRUZ,"Muebles, bienes y servicios domésticos"
2021-10-01,103.5550102742,CONURBACIÓN SANTA CRUZ,"Muebles, bienes y servicios domésticos"
2021-11-01,103.5359558722,CONURBACIÓN SANTA CRUZ,"Muebles, bienes y servicios domésticos"
2021-12-01,103.9786521219,CONURBACIÓN SANTA CRUZ,"Muebles, bienes y servicios domésticos"
2022-01-01,104.2840696532,CONURBACIÓN SANTA CRUZ,"Muebles, bienes y servicios domésticos"
2022-02-01,104.8194873947,CONURBACIÓN SANTA CRUZ,"Muebles, bienes y servicios domésticos"
2022-03-01,105.6013076678,CONURBACIÓN SANTA CRUZ,"Muebles, bienes y servicios domésticos"
2022-04-01,106.3778468905,CONURBACIÓN SANTA CRUZ,"Muebles, bienes y servicios domésticos"
2022-05-01,106.7470590845,CONURBACIÓN SANTA CRUZ,"Muebles, bienes y servicios domésticos"
2022-06-01,107.0542909632,CONURBACIÓN SANTA CRUZ,"Muebles, bienes y servicios domésticos"
2022-07-01,108.5180018366,CONURBACIÓN SANTA CRUZ,"Muebles, bienes y servicios domésticos"
2022-08-01,108.6510176663,CONURBACIÓN SANTA CRUZ,"Muebles, bienes y servicios domésticos"
2022-09-01,109.3064574804,CONURBACIÓN SANTA CRUZ,"Muebles, bienes y servicios domésticos"
2022-10-01,109.6804396018,CONURBACIÓN SANTA CRUZ,"Muebles, bienes y servicios domésticos"
2022-11-01,109.4961431,CONURBACIÓN SANTA CRUZ,"Muebles, bienes y servicios domésticos"
2022-12-01,109.8120033602,CONURBACIÓN SANTA CRUZ,"Muebles, bienes y servicios domésticos"
2023-01-01,109.89367384,CONURBACIÓN SANTA CRUZ,"Muebles, bienes y servicios domésticos"
2023-02-01,109.6259899361,CONURBACIÓN SANTA CRUZ,"Muebles, bienes y servicios domésticos"
2023-03-01,109.7375908546,CONURBACIÓN SANTA CRUZ,"Muebles, bienes y servicios domésticos"
2023-04-01,110.3231502671,CONURBACIÓN SANTA CRUZ,"Muebles, bienes y servicios domésticos"
2023-05-01,110.6717610647,CONURBACIÓN SANTA CRUZ,"Muebles, bienes y servicios domésticos"
2023-06-01,111.6211147358,CONURBACIÓN SANTA CRUZ,"Muebles, bienes y servicios domésticos"
2023-07-01,111.4346685,CONURBACIÓN SANTA CRUZ,"Muebles, bienes y servicios domésticos"
2023-08-01,111.7087198759,CONURBACIÓN SANTA CRUZ,"Muebles, bienes y servicios domésticos"
2023-09-01,111.8213946857,CONURBACIÓN SANTA CRUZ,"Muebles, bienes y servicios domésticos"
2023-10-01,111.9447903512,CONURBACIÓN SANTA CRUZ,"Muebles, bienes y servicios domésticos"
2023-11-01,112.0266439,CONURBACIÓN SANTA CRUZ,"Muebles, bienes y servicios domésticos"
2023-12-01,112.179629067,CONURBACIÓN SANTA CRUZ,"Muebles, bienes y servicios domésticos"
2024-01-01,112.7020379458,CONURBACIÓN SANTA CRUZ,"Muebles, bienes y servicios domésticos"
2024-02-01,113.056385,CONURBACIÓN SANTA CRUZ,"Muebles, bienes y servicios domésticos"
2024-03-01,114.3742199575,CONURBACIÓN SANTA CRUZ,"Muebles, bienes y servicios domésticos"
2024-04-01,114.5819691184,CONURBACIÓN SANTA CRUZ,"Muebles, bienes y servicios domésticos"
2024-05-01,115.0571437407,CONURBACIÓN SANTA CRUZ,"Muebles, bienes y servicios domésticos"
2024-06-01,114.9874562897,CONURBACIÓN SANTA CRUZ,"Muebles, bienes y servicios domésticos"
2024-07-01,115.9401744605,CONURBACIÓN SANTA CRUZ,"Muebles, bienes y servicios domésticos"
2024-08-01,119.049099209,CONURBACIÓN SANTA CRUZ,"Muebles, bienes y servicios domésticos"
2024-09-01,122.0250229341,CONURBACIÓN SANTA CRUZ,"Muebles, bienes y servicios domésticos"
2024-10-01,123.5672119982,CONURBACIÓN SANTA CRUZ,"Muebles, bienes y servicios domésticos"
2024-11-01,124.6133016363,CONURBACIÓN SANTA CRUZ,"Muebles, bienes y servicios domésticos"
2024-12-01,126.2460761731,CONURBACIÓN SANTA CRUZ,"Muebles, bienes y servicios domésticos"
2025-01-01,127.5450131028,CONURBACIÓN SANTA CRUZ,"Muebles, bienes y servicios domésticos"
2025-02-01,128.1385449282,CONURBACIÓN SANTA CRUZ,"Muebles, bienes y servicios domésticos"
2025-03-01,129.1998721927,CONURBACIÓN SANTA CRUZ,"Muebles, bienes y servicios domésticos"
2025-04-01,131.3561415104,CONURBACIÓN SANTA CRUZ,"Muebles, bienes y servicios domésticos"
2025-05-01,139.0794090024,CONURBACIÓN SANTA CRUZ,"Muebles, bienes y servicios domésticos"
2025-06-01,146.4930543156,CONURBACIÓN SANTA CRUZ,"Muebles, bienes y servicios domésticos"
2025-07-01,151.6612364478,CONURBACIÓN SANTA CRUZ,"Muebles, bienes y servicios domésticos"
2025-08-01,152.4288925809,CONURBACIÓN SANTA CRUZ,"Muebles, bienes y servicios domésticos"
2025-09-01,151.7533926231,CONURBACIÓN SANTA CRUZ,"Muebles, bienes y servicios domésticos"
2025-10-01,150.6924520443,CONURBACIÓN SANTA CRUZ,"Muebles, bienes y servicios domésticos"
2025-11-01,148.0433862605,CONURBACIÓN SANTA CRUZ,"Muebles, bienes y servicios domésticos"
2025-12-01,146.1251196252,CONURBACIÓN SANTA CRUZ,"Muebles, bienes y servicios domésticos"
2026-01-01,144.8105583721,CONURBACIÓN SANTA CRUZ,"Muebles, bienes y servicios domésticos"
2026-02-01,143.0905285318,CONURBACIÓN SANTA CRUZ,"Muebles, bienes y servicios domésticos"
2026-03-01,141.4744898893,CONURBACIÓN SANTA CRUZ,"Muebles, bienes y servicios domésticos"
2026-04-01,140.1977242321,CONURBACIÓN SANTA CRUZ,"Muebles, bienes y servicios domésticos"
2026-05-01,140.3153069254,CONURBACIÓN SANTA CRUZ,"Muebles, bienes y servicios domésticos"
2026-06-01,140.546716237,CONURBACIÓN SANTA CRUZ,"Muebles, bienes y servicios domésticos"
2026-07-01,141.6741393612,CONURBACIÓN SANTA CRUZ,"Muebles, bienes y servicios domésticos"
2018-01-01,94.507923021,CONURBACIÓN SANTA CRUZ,Prendas de vestir y calzado
2018-02-01,94.1601099653,CONURBACIÓN SANTA CRUZ,Prendas de vestir y calzado
2018-03-01,94.0708802221,CONURBACIÓN SANTA CRUZ,Prendas de vestir y calzado
2018-04-01,93.6703109499,CONURBACIÓN SANTA CRUZ,Prendas de vestir y calzado
2018-05-01,93.8863605146,CONURBACIÓN SANTA CRUZ,Prendas de vestir y calzado
2018-06-01,94.089271844,CONURBACIÓN SANTA CRUZ,Prendas de vestir y calzado
2018-07-01,93.876932332,CONURBACIÓN SANTA CRUZ,Prendas de vestir y calzado
2018-08-01,94.2398460021,CONURBACIÓN SANTA CRUZ,Prendas de vestir y calzado
2018-09-01,94.1922843318,CONURBACIÓN SANTA CRUZ,Prendas de vestir y calzado
2018-10-01,94.057331936,CONURBACIÓN SANTA CRUZ,Prendas de vestir y calzado
2018-11-01,94.4367734408,CONURBACIÓN SANTA CRUZ,Prendas de vestir y calzado
2018-12-01,95.2207918195,CONURBACIÓN SANTA CRUZ,Prendas de vestir y calzado
2019-01-01,95.4638871226,CONURBACIÓN SANTA CRUZ,Prendas de vestir y calzado
2019-02-01,95.2181441288,CONURBACIÓN SANTA CRUZ,Prendas de vestir y calzado
2019-03-01,95.4077043317,CONURBACIÓN SANTA CRUZ,Prendas de vestir y calzado
2019-04-01,95.0227461548,CONURBACIÓN SANTA CRUZ,Prendas de vestir y calzado
2019-05-01,94.904540584,CONURBACIÓN SANTA CRUZ,Prendas de vestir y calzado
2019-06-01,95.2606619193,CONURBACIÓN SANTA CRUZ,Prendas de vestir y calzado
2019-07-01,94.9080133237,CONURBACIÓN SANTA CRUZ,Prendas de vestir y calzado
2019-08-01,94.6706863144,CONURBACIÓN SANTA CRUZ,Prendas de vestir y calzado
2019-09-01,94.1917635256,CONURBACIÓN SANTA CRUZ,Prendas de vestir y calzado
2019-10-01,93.6420484419,CONURBACIÓN SANTA CRUZ,Prendas de vestir y calzado
2019-11-01,94.0583661018,CONURBACIÓN SANTA CRUZ,Prendas de vestir y calzado
2019-12-01,94.5073779166,CONURBACIÓN SANTA CRUZ,Prendas de vestir y calzado
2020-01-01,94.7113217345,CONURBACIÓN SANTA CRUZ,Prendas de vestir y calzado
2020-02-01,94.3826561268,CONURBACIÓN SANTA CRUZ,Prendas de vestir y calzado
2020-03-01,94.3934250714,CONURBACIÓN SANTA CRUZ,Prendas de vestir y calzado
2020-04-01,94.3934250714,CONURBACIÓN SANTA CRUZ,Prendas de vestir y calzado
2020-05-01,94.3934250714,CONURBACIÓN SANTA CRUZ,Prendas de vestir y calzado
2020-06-01,94.6306765389,CONURBACIÓN SANTA CRUZ,Prendas de vestir y calzado
2020-07-01,93.297791686,CONURBACIÓN SANTA CRUZ,Prendas de vestir y calzado
2020-08-01,92.7670567777,CONURBACIÓN SANTA CRUZ,Prendas de vestir y calzado
2020-09-01,92.6764592614,CONURBACIÓN SANTA CRUZ,Prendas de vestir y calzado
2020-10-01,92.4200340677,CONURBACIÓN SANTA CRUZ,Prendas de vestir y calzado
2020-11-01,92.3125769597,CONURBACIÓN SANTA CRUZ,Prendas de vestir y calzado
2020-12-01,93.0464785396,CONURBACIÓN SANTA CRUZ,Prendas de vestir y calzado
2021-01-01,92.4870555424,CONURBACIÓN SANTA CRUZ,Prendas de vestir y calzado
2021-02-01,92.7928515417,CONURBACIÓN SANTA CRUZ,Prendas de vestir y calzado
2021-03-01,91.9386170037,CONURBACIÓN SANTA CRUZ,Prendas de vestir y calzado
2021-04-01,92.406730785,CONURBACIÓN SANTA CRUZ,Prendas de vestir y calzado
2021-05-01,92.3272600767,CONURBACIÓN SANTA CRUZ,Prendas de vestir y calzado
2021-06-01,92.1434330475,CONURBACIÓN SANTA CRUZ,Prendas de vestir y calzado
2021-07-01,92.31860211,CONURBACIÓN SANTA CRUZ,Prendas de vestir y calzado
2021-08-01,92.0605793869,CONURBACIÓN SANTA CRUZ,Prendas de vestir y calzado
2021-09-01,92.1959282609,CONURBACIÓN SANTA CRUZ,Prendas de vestir y calzado
2021-10-01,92.1318781174,CONURBACIÓN SANTA CRUZ,Prendas de vestir y calzado
2021-11-01,92.2115240808,CONURBACIÓN SANTA CRUZ,Prendas de vestir y calzado
2021-12-01,92.8044448682,CONURBACIÓN SANTA CRUZ,Prendas de vestir y calzado
2022-01-01,92.6738258089,CONURBACIÓN SANTA CRUZ,Prendas de vestir y calzado
2022-02-01,92.5904098865,CONURBACIÓN SANTA CRUZ,Prendas de vestir y calzado
2022-03-01,92.0638818548,CONURBACIÓN SANTA CRUZ,Prendas de vestir y calzado
2022-04-01,92.398597872,CONURBACIÓN SANTA CRUZ,Prendas de vestir y calzado
2022-05-01,92.8380755546,CONURBACIÓN SANTA CRUZ,Prendas de vestir y calzado
2022-06-01,92.7335643488,CONURBACIÓN SANTA CRUZ,Prendas de vestir y calzado
2022-07-01,92.633045677,CONURBACIÓN SANTA CRUZ,Prendas de vestir y calzado
2022-08-01,92.5308958759,CONURBACIÓN SANTA CRUZ,Prendas de vestir y calzado
2022-09-01,92.9190280237,CONURBACIÓN SANTA CRUZ,Prendas de vestir y calzado
2022-10-01,93.4613304578,CONURBACIÓN SANTA CRUZ,Prendas de vestir y calzado
2022-11-01,92.76021766,CONURBACIÓN SANTA CRUZ,Prendas de vestir y calzado
2022-12-01,93.5500144716,CONURBACIÓN SANTA CRUZ,Prendas de vestir y calzado
2023-01-01,93.4532085279,CONURBACIÓN SANTA CRUZ,Prendas de vestir y calzado
2023-02-01,92.7822621522,CONURBACIÓN SANTA CRUZ,Prendas de vestir y calzado
2023-03-01,93.2683256513,CONURBACIÓN SANTA CRUZ,Prendas de vestir y calzado
2023-04-01,93.3665809185,CONURBACIÓN SANTA CRUZ,Prendas de vestir y calzado
2023-05-01,94.0756687267,CONURBACIÓN SANTA CRUZ,Prendas de vestir y calzado
2023-06-01,94.3258291804,CONURBACIÓN SANTA CRUZ,Prendas de vestir y calzado
2023-07-01,94.64573964,CONURBACIÓN SANTA CRUZ,Prendas de vestir y calzado
2023-08-01,94.5514765461,CONURBACIÓN SANTA CRUZ,Prendas de vestir y calzado
2023-09-01,94.5859963673,CONURBACIÓN SANTA CRUZ,Prendas de vestir y calzado
2023-10-01,94.3789594075,CONURBACIÓN SANTA CRUZ,Prendas de vestir y calzado
2023-11-01,94.55395846,CONURBACIÓN SANTA CRUZ,Prendas de vestir y calzado
2023-12-01,95.3329081011,CONURBACIÓN SANTA CRUZ,Prendas de vestir y calzado
2024-01-01,95.0983433905,CONURBACIÓN SANTA CRUZ,Prendas de vestir y calzado
2024-02-01,95.3030126,CONURBACIÓN SANTA CRUZ,Prendas de vestir y calzado
2024-03-01,95.4548390482,CONURBACIÓN SANTA CRUZ,Prendas de vestir y calzado
2024-04-01,95.5024439628,CONURBACIÓN SANTA CRUZ,Prendas de vestir y calzado
2024-05-01,95.606818507,CONURBACIÓN SANTA CRUZ,Prendas de vestir y calzado
2024-06-01,96.1728585462,CONURBACIÓN SANTA CRUZ,Prendas de vestir y calzado
2024-07-01,96.362354603,CONURBACIÓN SANTA CRUZ,Prendas de vestir y calzado
2024-08-01,99.0690960583,CONURBACIÓN SANTA CRUZ,Prendas de vestir y calzado
2024-09-01,100.3825786027,CONURBACIÓN SANTA CRUZ,Prendas de vestir y calzado
2024-10-01,101.6655636567,CONURBACIÓN SANTA CRUZ,Prendas de vestir y calzado
2024-11-01,102.1230447936,CONURBACIÓN SANTA CRUZ,Prendas de vestir y calzado
2024-12-01,103.6049330287,CONURBACIÓN SANTA CRUZ,Prendas de vestir y calzado
2025-01-01,104.3456366361,CONURBACIÓN SANTA CRUZ,Prendas de vestir y calzado
2025-02-01,105.4449829226,CONURBACIÓN SANTA CRUZ,Prendas de vestir y calzado
2025-03-01,106.1900766565,CONURBACIÓN SANTA CRUZ,Prendas de vestir y calzado
2025-04-01,107.8545556074,CONURBACIÓN SANTA CRUZ,Prendas de vestir y calzado
2025-05-01,113.4230153693,CONURBACIÓN SANTA CRUZ,Prendas de vestir y calzado
2025-06-01,119.420564399,CONURBACIÓN SANTA CRUZ,Prendas de vestir y calzado
2025-07-01,122.2477682292,CONURBACIÓN SANTA CRUZ,Prendas de vestir y calzado
2025-08-01,123.9803670404,CONURBACIÓN SANTA CRUZ,Prendas de vestir y calzado
2025-09-01,124.1071795404,CONURBACIÓN SANTA CRUZ,Prendas de vestir y calzado
2025-10-01,125.6572452221,CONURBACIÓN SANTA CRUZ,Prendas de vestir y calzado
2025-11-01,124.6863639515,CONURBACIÓN SANTA CRUZ,Prendas de vestir y calzado
2025-12-01,127.0009095825,CONURBACIÓN SANTA CRUZ,Prendas de vestir y calzado
2026-01-01,126.5668817791,CONURBACIÓN SANTA CRUZ,Prendas de vestir y calzado
2026-02-01,125.280324239,CONURBACIÓN SANTA CRUZ,Prendas de vestir y calzado
2026-03-01,126.0130270663,CONURBACIÓN SANTA CRUZ,Prendas de vestir y calzado
2026-04-01,125.7290246715,CONURBACIÓN SANTA CRUZ,Prendas de vestir y calzado
2026-05-01,125.5453260007,CONURBACIÓN SANTA CRUZ,Prendas de vestir y calzado
2026-06-01,125.2605663103,CONURBACIÓN SANTA CRUZ,Prendas de vestir y calzado
2026-07-01,126.1666749383,CONURBACIÓN SANTA CRUZ,Prendas de vestir y calzado
2018-01-01,96.9997650622,CONURBACIÓN SANTA CRUZ,Recreación y cultura
2018-02-01,97.3818878707,CONURBACIÓN SANTA CRUZ,Recreación y cultura
2018-03-01,97.8060215485,CONURBACIÓN SANTA CRUZ,Recreación y cultura
2018-04-01,97.3592634542,CONURBACIÓN SANTA CRUZ,Recreación y cultura
2018-05-01,97.8480144014,CONURBACIÓN SANTA CRUZ,Recreación y cultura
2018-06-01,97.4984208393,CONURBACIÓN SANTA CRUZ,Recreación y cultura
2018-07-01,97.4807193336,CONURBACIÓN SANTA CRUZ,Recreación y cultura
2018-08-01,97.4510150351,CONURBACIÓN SANTA CRUZ,Recreación y cultura
2018-09-01,97.3259152532,CONURBACIÓN SANTA CRUZ,Recreación y cultura
2018-10-01,96.8764424615,CONURBACIÓN SANTA CRUZ,Recreación y cultura
2018-11-01,97.4180983368,CONURBACIÓN SANTA CRUZ,Recreación y cultura
2018-12-01,97.4635730434,CONURBACIÓN SANTA CRUZ,Recreación y cultura
2019-01-01,97.9970246578,CONURBACIÓN SANTA CRUZ,Recreación y cultura
2019-02-01,97.677461506,CONURBACIÓN SANTA CRUZ,Recreación y cultura
2019-03-01,98.0194779846,CONURBACIÓN SANTA CRUZ,Recreación y cultura
2019-04-01,97.9406313869,CONURBACIÓN SANTA CRUZ,Recreación y cultura
2019-05-01,98.1748240732,CONURBACIÓN SANTA CRUZ,Recreación y cultura
2019-06-01,97.8698089835,CONURBACIÓN SANTA CRUZ,Recreación y cultura
2019-07-01,97.667498792,CONURBACIÓN SANTA CRUZ,Recreación y cultura
2019-08-01,97.2994411937,CONURBACIÓN SANTA CRUZ,Recreación y cultura
2019-09-01,97.2913505844,CONURBACIÓN SANTA CRUZ,Recreación y cultura
2019-10-01,97.2550584937,CONURBACIÓN SANTA CRUZ,Recreación y cultura
2019-11-01,97.3667394993,CONURBACIÓN SANTA CRUZ,Recreación y cultura
2019-12-01,98.1507983055,CONURBACIÓN SANTA CRUZ,Recreación y cultura
2020-01-01,98.5248192904,CONURBACIÓN SANTA CRUZ,Recreación y cultura
2020-02-01,98.7522269705,CONURBACIÓN SANTA CRUZ,Recreación y cultura
2020-03-01,98.7916838487,CONURBACIÓN SANTA CRUZ,Recreación y cultura
2020-04-01,98.7916838472,CONURBACIÓN SANTA CRUZ,Recreación y cultura
2020-05-01,98.9253546468,CONURBACIÓN SANTA CRUZ,Recreación y cultura
2020-06-01,98.9777120397,CONURBACIÓN SANTA CRUZ,Recreación y cultura
2020-07-01,98.8656154953,CONURBACIÓN SANTA CRUZ,Recreación y cultura
2020-08-01,99.1803239291,CONURBACIÓN SANTA CRUZ,Recreación y cultura
2020-09-01,99.2684442559,CONURBACIÓN SANTA CRUZ,Recreación y cultura
2020-10-01,99.3587954813,CONURBACIÓN SANTA CRUZ,Recreación y cultura
2020-11-01,99.1249446644,CONURBACIÓN SANTA CRUZ,Recreación y cultura
2020-12-01,99.8768984146,CONURBACIÓN SANTA CRUZ,Recreación y cultura
2021-01-01,99.0960303173,CONURBACIÓN SANTA CRUZ,Recreación y cultura
2021-02-01,99.4643702073,CONURBACIÓN SANTA CRUZ,Recreación y cultura
2021-03-01,99.4771196508,CONURBACIÓN SANTA CRUZ,Recreación y cultura
2021-04-01,99.319340005,CONURBACIÓN SANTA CRUZ,Recreación y cultura
2021-05-01,99.2719393933,CONURBACIÓN SANTA CRUZ,Recreación y cultura
2021-06-01,99.7883181562,CONURBACIÓN SANTA CRUZ,Recreación y cultura
2021-07-01,99.94862117,CONURBACIÓN SANTA CRUZ,Recreación y cultura
2021-08-01,99.7965794154,CONURBACIÓN SANTA CRUZ,Recreación y cultura
2021-09-01,100.3778129404,CONURBACIÓN SANTA CRUZ,Recreación y cultura
2021-10-01,100.7897799532,CONURBACIÓN SANTA CRUZ,Recreación y cultura
2021-11-01,100.5961165089,CONURBACIÓN SANTA CRUZ,Recreación y cultura
2021-12-01,100.9118707224,CONURBACIÓN SANTA CRUZ,Recreación y cultura
2022-01-01,101.3382462871,CONURBACIÓN SANTA CRUZ,Recreación y cultura
2022-02-01,101.6623937043,CONURBACIÓN SANTA CRUZ,Recreación y cultura
2022-03-01,101.9356801911,CONURBACIÓN SANTA CRUZ,Recreación y cultura
2022-04-01,102.1290258422,CONURBACIÓN SANTA CRUZ,Recreación y cultura
2022-05-01,102.0600481897,CONURBACIÓN SANTA CRUZ,Recreación y cultura
2022-06-01,101.6080639976,CONURBACIÓN SANTA CRUZ,Recreación y cultura
2022-07-01,101.2656406914,CONURBACIÓN SANTA CRUZ,Recreación y cultura
2022-08-01,101.2966574487,CONURBACIÓN SANTA CRUZ,Recreación y cultura
2022-09-01,101.0267211889,CONURBACIÓN SANTA CRUZ,Recreación y cultura
2022-10-01,101.1980742009,CONURBACIÓN SANTA CRUZ,Recreación y cultura
2022-11-01,101.2972772,CONURBACIÓN SANTA CRUZ,Recreación y cultura
2022-12-01,101.085484835,CONURBACIÓN SANTA CRUZ,Recreación y cultura
2023-01-01,102.4647997291,CONURBACIÓN SANTA CRUZ,Recreación y cultura
2023-02-01,105.1829899954,CONURBACIÓN SANTA CRUZ,Recreación y cultura
2023-03-01,104.8807932636,CONURBACIÓN SANTA CRUZ,Recreación y cultura
2023-04-01,104.876152985,CONURBACIÓN SANTA CRUZ,Recreación y cultura
2023-05-01,105.2762112884,CONURBACIÓN SANTA CRUZ,Recreación y cultura
2023-06-01,105.1605046722,CONURBACIÓN SANTA CRUZ,Recreación y cultura
2023-07-01,105.4108888,CONURBACIÓN SANTA CRUZ,Recreación y cultura
2023-08-01,104.7472418288,CONURBACIÓN SANTA CRUZ,Recreación y cultura
2023-09-01,104.451877668,CONURBACIÓN SANTA CRUZ,Recreación y cultura
2023-10-01,104.2706739396,CONURBACIÓN SANTA CRUZ,Recreación y cultura
2023-11-01,104.1380591,CONURBACIÓN SANTA CRUZ,Recreación y cultura
2023-12-01,104.3845122188,CONURBACIÓN SANTA CRUZ,Recreación y cultura
2024-01-01,106.5144639296,CONURBACIÓN SANTA CRUZ,Recreación y cultura
2024-02-01,107.9058814,CONURBACIÓN SANTA CRUZ,Recreación y cultura
2024-03-01,108.8945147568,CONURBACIÓN SANTA CRUZ,Recreación y cultura
2024-04-01,109.0278809095,CONURBACIÓN SANTA CRUZ,Recreación y cultura
2024-05-01,109.1409436143,CONURBACIÓN SANTA CRUZ,Recreación y cultura
2024-06-01,109.4025533696,CONURBACIÓN SANTA CRUZ,Recreación y cultura
2024-07-01,109.1829690089,CONURBACIÓN SANTA CRUZ,Recreación y cultura
2024-08-01,113.5017885878,CONURBACIÓN SANTA CRUZ,Recreación y cultura
2024-09-01,115.0287623633,CONURBACIÓN SANTA CRUZ,Recreación y cultura
2024-10-01,115.86706257,CONURBACIÓN SANTA CRUZ,Recreación y cultura
2024-11-01,116.9859179906,CONURBACIÓN SANTA CRUZ,Recreación y cultura
2024-12-01,117.2710424191,CONURBACIÓN SANTA CRUZ,Recreación y cultura
2025-01-01,121.0209324232,CONURBACIÓN SANTA CRUZ,Recreación y cultura
2025-02-01,122.2211173946,CONURBACIÓN SANTA CRUZ,Recreación y cultura
2025-03-01,122.568286016,CONURBACIÓN SANTA CRUZ,Recreación y cultura
2025-04-01,122.8113923164,CONURBACIÓN SANTA CRUZ,Recreación y cultura
2025-05-01,125.9705556925,CONURBACIÓN SANTA CRUZ,Recreación y cultura
2025-06-01,129.8232501961,CONURBACIÓN SANTA CRUZ,Recreación y cultura
2025-07-01,129.327750529,CONURBACIÓN SANTA CRUZ,Recreación y cultura
2025-08-01,132.4697387951,CONURBACIÓN SANTA CRUZ,Recreación y cultura
2025-09-01,130.7247737829,CONURBACIÓN SANTA CRUZ,Recreación y cultura
2025-10-01,130.2684023594,CONURBACIÓN SANTA CRUZ,Recreación y cultura
2025-11-01,128.5870089896,CONURBACIÓN SANTA CRUZ,Recreación y cultura
2025-12-01,126.7584935128,CONURBACIÓN SANTA CRUZ,Recreación y cultura
2026-01-01,129.1300592261,CONURBACIÓN SANTA CRUZ,Recreación y cultura
2026-02-01,128.4509295537,CONURBACIÓN SANTA CRUZ,Recreación y cultura
2026-03-01,129.0012930002,CONURBACIÓN SANTA CRUZ,Recreación y cultura
2026-04-01,129.5049902482,CONURBACIÓN SANTA CRUZ,Recreación y cultura
2026-05-01,129.7050183782,CONURBACIÓN SANTA CRUZ,Recreación y cultura
2026-06-01,129.0788436115,CONURBACIÓN SANTA CRUZ,Recreación y cultura
2026-07-01,129.17068403,CONURBACIÓN SANTA CRUZ,Recreación y cultura
2018-01-01,101.8720784296,CONURBACIÓN SANTA CRUZ,Salud
2018-02-01,102.6057177521,CONURBACIÓN SANTA CRUZ,Salud
2018-03-01,102.6726329271,CONURBACIÓN SANTA CRUZ,Salud
2018-04-01,102.7816437468,CONURBACIÓN SANTA CRUZ,Salud
2018-05-01,103.4556842788,CONURBACIÓN SANTA CRUZ,Salud
2018-06-01,104.0381033971,CONURBACIÓN SANTA CRUZ,Salud
2018-07-01,104.4844611546,CONURBACIÓN SANTA CRUZ,Salud
2018-08-01,104.5514820952,CONURBACIÓN SANTA CRUZ,Salud
2018-09-01,104.8410273368,CONURBACIÓN SANTA CRUZ,Salud
2018-10-01,104.8988554809,CONURBACIÓN SANTA CRUZ,Salud
2018-11-01,104.8862383416,CONURBACIÓN SANTA CRUZ,Salud
2018-12-01,105.1701134385,CONURBACIÓN SANTA CRUZ,Salud
2019-01-01,105.275377426,CONURBACIÓN SANTA CRUZ,Salud
2019-02-01,105.5856911075,CONURBACIÓN SANTA CRUZ,Salud
2019-03-01,105.7002275793,CONURBACIÓN SANTA CRUZ,Salud
2019-04-01,105.6850036484,CONURBACIÓN SANTA CRUZ,Salud
2019-05-01,105.5978624852,CONURBACIÓN SANTA CRUZ,Salud
2019-06-01,105.7888951421,CONURBACIÓN SANTA CRUZ,Salud
2019-07-01,106.0026728259,CONURBACIÓN SANTA CRUZ,Salud
2019-08-01,105.8761356774,CONURBACIÓN SANTA CRUZ,Salud
2019-09-01,106.1609975593,CONURBACIÓN SANTA CRUZ,Salud
2019-10-01,106.4524004641,CONURBACIÓN SANTA CRUZ,Salud
2019-11-01,106.1984059724,CONURBACIÓN SANTA CRUZ,Salud
2019-12-01,106.7981884656,CONURBACIÓN SANTA CRUZ,Salud
2020-01-01,106.9881354469,CONURBACIÓN SANTA CRUZ,Salud
2020-02-01,107.6980694868,CONURBACIÓN SANTA CRUZ,Salud
2020-03-01,107.5449386908,CONURBACIÓN SANTA CRUZ,Salud
2020-04-01,107.5602630013,CONURBACIÓN SANTA CRUZ,Salud
2020-05-01,112.1676178797,CONURBACIÓN SANTA CRUZ,Salud
2020-06-01,115.5902354874,CONURBACIÓN SANTA CRUZ,Salud
2020-07-01,118.6951320102,CONURBACIÓN SANTA CRUZ,Salud
2020-08-01,117.6834379187,CONURBACIÓN SANTA CRUZ,Salud
2020-09-01,118.2593579379,CONURBACIÓN SANTA CRUZ,Salud
2020-10-01,118.4845854244,CONURBACIÓN SANTA CRUZ,Salud
2020-11-01,117.6788552763,CONURBACIÓN SANTA CRUZ,Salud
2020-12-01,118.1604240313,CONURBACIÓN SANTA CRUZ,Salud
2021-01-01,117.7405051103,CONURBACIÓN SANTA CRUZ,Salud
2021-02-01,118.0052858262,CONURBACIÓN SANTA CRUZ,Salud
2021-03-01,117.7687181554,CONURBACIÓN SANTA CRUZ,Salud
2021-04-01,118.4337033229,CONURBACIÓN SANTA CRUZ,Salud
2021-05-01,117.210044558,CONURBACIÓN SANTA CRUZ,Salud
2021-06-01,117.0920517423,CONURBACIÓN SANTA CRUZ,Salud
2021-07-01,117.2910748,CONURBACIÓN SANTA CRUZ,Salud
2021-08-01,116.8508064967,CONURBACIÓN SANTA CRUZ,Salud
2021-09-01,116.8007654309,CONURBACIÓN SANTA CRUZ,Salud
2021-10-01,116.6853306937,CONURBACIÓN SANTA CRUZ,Salud
2021-11-01,116.7943561993,CONURBACIÓN SANTA CRUZ,Salud
2021-12-01,117.336864683,CONURBACIÓN SANTA CRUZ,Salud
2022-01-01,117.7334791201,CONURBACIÓN SANTA CRUZ,Salud
2022-02-01,118.0110543825,CONURBACIÓN SANTA CRUZ,Salud
2022-03-01,118.1271418044,CONURBACIÓN SANTA CRUZ,Salud
2022-04-01,117.5594020784,CONURBACIÓN SANTA CRUZ,Salud
2022-05-01,117.7875479022,CONURBACIÓN SANTA CRUZ,Salud
2022-06-01,118.2847001688,CONURBACIÓN SANTA CRUZ,Salud
2022-07-01,118.4156177087,CONURBACIÓN SANTA CRUZ,Salud
2022-08-01,118.0779462361,CONURBACIÓN SANTA CRUZ,Salud
2022-09-01,118.3834535737,CONURBACIÓN SANTA CRUZ,Salud
2022-10-01,118.0774118497,CONURBACIÓN SANTA CRUZ,Salud
2022-11-01,118.4855957,CONURBACIÓN SANTA CRUZ,Salud
2022-12-01,119.26312435,CONURBACIÓN SANTA CRUZ,Salud
2023-01-01,118.8196765268,CONURBACIÓN SANTA CRUZ,Salud
2023-02-01,118.8104441286,CONURBACIÓN SANTA CRUZ,Salud
2023-03-01,119.2727772648,CONURBACIÓN SANTA CRUZ,Salud
2023-04-01,118.7400117404,CONURBACIÓN SANTA CRUZ,Salud
2023-05-01,118.9826419101,CONURBACIÓN SANTA CRUZ,Salud
2023-06-01,119.2956770556,CONURBACIÓN SANTA CRUZ,Salud
2023-07-01,119.1959102,CONURBACIÓN SANTA CRUZ,Salud
2023-08-01,118.9947161991,CONURBACIÓN SANTA CRUZ,Salud
2023-09-01,119.0793878892,CONURBACIÓN SANTA CRUZ,Salud
2023-10-01,119.1775709126,CONURBACIÓN SANTA CRUZ,Salud
2023-11-01,119.4005634,CONURBACIÓN SANTA CRUZ,Salud
2023-12-01,119.3251877616,CONURBACIÓN SANTA CRUZ,Salud
2024-01-01,120.1322730716,CONURBACIÓN SANTA CRUZ,Salud
2024-02-01,120.2868332,CONURBACIÓN SANTA CRUZ,Salud
2024-03-01,120.7096075056,CONURBACIÓN SANTA CRUZ,Salud
2024-04-01,121.4838062587,CONURBACIÓN SANTA CRUZ,Salud
2024-05-01,122.3744527837,CONURBACIÓN SANTA CRUZ,Salud
2024-06-01,123.8823290549,CONURBACIÓN SANTA CRUZ,Salud
2024-07-01,123.9117731567,CONURBACIÓN SANTA CRUZ,Salud
2024-08-01,126.5095254988,CONURBACIÓN SANTA CRUZ,Salud
2024-09-01,126.9170872262,CONURBACIÓN SANTA CRUZ,Salud
2024-10-01,128.6306117406,CONURBACIÓN SANTA CRUZ,Salud
2024-11-01,129.8922959401,CONURBACIÓN SANTA CRUZ,Salud
2024-12-01,130.8531535405,CONURBACIÓN SANTA CRUZ,Salud
2025-01-01,131.2922913186,CONURBACIÓN SANTA CRUZ,Salud
2025-02-01,131.4222922813,CONURBACIÓN SANTA CRUZ,Salud
2025-03-01,132.9961278476,CONURBACIÓN SANTA CRUZ,Salud
2025-04-01,135.8538247054,CONURBACIÓN SANTA CRUZ,Salud
2025-05-01,140.9071576193,CONURBACIÓN SANTA CRUZ,Salud
2025-06-01,145.6885666193,CONURBACIÓN SANTA CRUZ,Salud
2025-07-01,149.0574878738,CONURBACIÓN SANTA CRUZ,Salud
2025-08-01,150.6872451053,CONURBACIÓN SANTA CRUZ,Salud
2025-09-01,151.6322075017,CONURBACIÓN SANTA CRUZ,Salud
2025-10-01,154.2638063575,CONURBACIÓN SANTA CRUZ,Salud
2025-11-01,154.2367942638,CONURBACIÓN SANTA CRUZ,Salud
2025-12-01,155.4288830451,CONURBACIÓN SANTA CRUZ,Salud
2026-01-01,158.7792544321,CONURBACIÓN SANTA CRUZ,Salud
2026-02-01,157.1678747811,CONURBACIÓN SANTA CRUZ,Salud
2026-03-01,158.0172235058,CONURBACIÓN SANTA CRUZ,Salud
2026-04-01,159.4923536551,CONURBACIÓN SANTA CRUZ,Salud
2026-05-01,160.1310416114,CONURBACIÓN SANTA CRUZ,Salud
2026-06-01,159.6380596135,CONURBACIÓN SANTA CRUZ,Salud
2026-07-01,160.8328861224,CONURBACIÓN SANTA CRUZ,Salud
2018-01-01,100.6575846806,CONURBACIÓN SANTA CRUZ,Transporte
2018-02-01,100.8200904544,CONURBACIÓN SANTA CRUZ,Transporte
2018-03-01,100.3093812462,CONURBACIÓN SANTA CRUZ,Transporte
2018-04-01,100.4148967965,CONURBACIÓN SANTA CRUZ,Transporte
2018-05-01,100.2184679531,CONURBACIÓN SANTA CRUZ,Transporte
2018-06-01,99.937598976,CONURBACIÓN SANTA CRUZ,Transporte
2018-07-01,100.384002409,CONURBACIÓN SANTA CRUZ,Transporte
2018-08-01,100.4075548134,CONURBACIÓN SANTA CRUZ,Transporte
2018-09-01,100.2905364008,CONURBACIÓN SANTA CRUZ,Transporte
2018-10-01,100.4973323918,CONURBACIÓN SANTA CRUZ,Transporte
2018-11-01,100.8205968937,CONURBACIÓN SANTA CRUZ,Transporte
2018-12-01,102.7796192754,CONURBACIÓN SANTA CRUZ,Transporte
2019-01-01,102.6230052247,CONURBACIÓN SANTA CRUZ,Transporte
2019-02-01,102.0835508649,CONURBACIÓN SANTA CRUZ,Transporte
2019-03-01,102.1476354946,CONURBACIÓN SANTA CRUZ,Transporte
2019-04-01,101.8399840774,CONURBACIÓN SANTA CRUZ,Transporte
2019-05-01,101.6688997721,CONURBACIÓN SANTA CRUZ,Transporte
2019-06-01,101.8786573089,CONURBACIÓN SANTA CRUZ,Transporte
2019-07-01,102.1687211894,CONURBACIÓN SANTA CRUZ,Transporte
2019-08-01,101.7221186451,CONURBACIÓN SANTA CRUZ,Transporte
2019-09-01,101.6046284041,CONURBACIÓN SANTA CRUZ,Transporte
2019-10-01,101.5590385829,CONURBACIÓN SANTA CRUZ,Transporte
2019-11-01,101.7361845762,CONURBACIÓN SANTA CRUZ,Transporte
2019-12-01,103.4920292066,CONURBACIÓN SANTA CRUZ,Transporte
2020-01-01,103.4552751355,CONURBACIÓN SANTA CRUZ,Transporte
2020-02-01,102.863840605,CONURBACIÓN SANTA CRUZ,Transporte
2020-03-01,102.5184133683,CONURBACIÓN SANTA CRUZ,Transporte
2020-04-01,102.5184133673,CONURBACIÓN SANTA CRUZ,Transporte
2020-05-01,102.5184133673,CONURBACIÓN SANTA CRUZ,Transporte
2020-06-01,102.5872075581,CONURBACIÓN SANTA CRUZ,Transporte
2020-07-01,103.9564456195,CONURBACIÓN SANTA CRUZ,Transporte
2020-08-01,104.198915011,CONURBACIÓN SANTA CRUZ,Transporte
2020-09-01,104.3045626951,CONURBACIÓN SANTA CRUZ,Transporte
2020-10-01,103.7251844135,CONURBACIÓN SANTA CRUZ,Transporte
2020-11-01,103.228413189,CONURBACIÓN SANTA CRUZ,Transporte
2020-12-01,103.8462204838,CONURBACIÓN SANTA CRUZ,Transporte
2021-01-01,103.5947762793,CONURBACIÓN SANTA CRUZ,Transporte
2021-02-01,103.1639738145,CONURBACIÓN SANTA CRUZ,Transporte
2021-03-01,102.7657278978,CONURBACIÓN SANTA CRUZ,Transporte
2021-04-01,103.1442914966,CONURBACIÓN SANTA CRUZ,Transporte
2021-05-01,103.0325119016,CONURBACIÓN SANTA CRUZ,Transporte
2021-06-01,103.3243399017,CONURBACIÓN SANTA CRUZ,Transporte
2021-07-01,103.3440265,CONURBACIÓN SANTA CRUZ,Transporte
2021-08-01,103.7630108931,CONURBACIÓN SANTA CRUZ,Transporte
2021-09-01,104.0911524036,CONURBACIÓN SANTA CRUZ,Transporte
2021-10-01,104.7073764787,CONURBACIÓN SANTA CRUZ,Transporte
2021-11-01,106.5943652233,CONURBACIÓN SANTA CRUZ,Transporte
2021-12-01,107.5579857294,CONURBACIÓN SANTA CRUZ,Transporte
2022-01-01,106.2557021639,CONURBACIÓN SANTA CRUZ,Transporte
2022-02-01,105.4140898121,CONURBACIÓN SANTA CRUZ,Transporte
2022-03-01,105.3199107156,CONURBACIÓN SANTA CRUZ,Transporte
2022-04-01,105.4934259374,CONURBACIÓN SANTA CRUZ,Transporte
2022-05-01,105.2946917277,CONURBACIÓN SANTA CRUZ,Transporte
2022-06-01,105.7186054488,CONURBACIÓN SANTA CRUZ,Transporte
2022-07-01,107.5649982606,CONURBACIÓN SANTA CRUZ,Transporte
2022-08-01,106.6931881826,CONURBACIÓN SANTA CRUZ,Transporte
2022-09-01,106.4775672616,CONURBACIÓN SANTA CRUZ,Transporte
2022-10-01,108.7372866867,CONURBACIÓN SANTA CRUZ,Transporte
2022-11-01,112.1230711,CONURBACIÓN SANTA CRUZ,Transporte
2022-12-01,111.3401973069,CONURBACIÓN SANTA CRUZ,Transporte
2023-01-01,109.977503368,CONURBACIÓN SANTA CRUZ,Transporte
2023-02-01,108.7290579386,CONURBACIÓN SANTA CRUZ,Transporte
2023-03-01,107.2992374146,CONURBACIÓN SANTA CRUZ,Transporte
2023-04-01,108.0861981452,CONURBACIÓN SANTA CRUZ,Transporte
2023-05-01,107.4125132391,CONURBACIÓN SANTA CRUZ,Transporte
2023-06-01,107.5018339865,CONURBACIÓN SANTA CRUZ,Transporte
2023-07-01,109.0493066,CONURBACIÓN SANTA CRUZ,Transporte
2023-08-01,107.9123142424,CONURBACIÓN SANTA CRUZ,Transporte
2023-09-01,107.7960982098,CONURBACIÓN SANTA CRUZ,Transporte
2023-10-01,108.0667385817,CONURBACIÓN SANTA CRUZ,Transporte
2023-11-01,108.2637907,CONURBACIÓN SANTA CRUZ,Transporte
2023-12-01,111.027644299,CONURBACIÓN SANTA CRUZ,Transporte
2024-01-01,110.3412308866,CONURBACIÓN SANTA CRUZ,Transporte
2024-02-01,109.1629323,CONURBACIÓN SANTA CRUZ,Transporte
2024-03-01,108.7045999752,CONURBACIÓN SANTA CRUZ,Transporte
2024-04-01,108.2197106865,CONURBACIÓN SANTA CRUZ,Transporte
2024-05-01,108.6125055323,CONURBACIÓN SANTA CRUZ,Transporte
2024-06-01,109.2400350725,CONURBACIÓN SANTA CRUZ,Transporte
2024-07-01,111.8067730059,CONURBACIÓN SANTA CRUZ,Transporte
2024-08-01,110.4837603153,CONURBACIÓN SANTA CRUZ,Transporte
2024-09-01,110.6762714854,CONURBACIÓN SANTA CRUZ,Transporte
2024-10-01,111.9899797055,CONURBACIÓN SANTA CRUZ,Transporte
2024-11-01,112.986710908,CONURBACIÓN SANTA CRUZ,Transporte
2024-12-01,114.4738920371,CONURBACIÓN SANTA CRUZ,Transporte
2025-01-01,113.9125670186,CONURBACIÓN SANTA CRUZ,Transporte
2025-02-01,117.9766027862,CONURBACIÓN SANTA CRUZ,Transporte
2025-03-01,118.6924640574,CONURBACIÓN SANTA CRUZ,Transporte
2025-04-01,118.0061401943,CONURBACIÓN SANTA CRUZ,Transporte
2025-05-01,119.0160499579,CONURBACIÓN SANTA CRUZ,Transporte
2025-06-01,121.1925789142,CONURBACIÓN SANTA CRUZ,Transporte
2025-07-01,122.7720064914,CONURBACIÓN SANTA CRUZ,Transporte
2025-08-01,122.4640345502,CONURBACIÓN SANTA CRUZ,Transporte
2025-09-01,122.6769954478,CONURBACIÓN SANTA CRUZ,Transporte
2025-10-01,124.1029801235,CONURBACIÓN SANTA CRUZ,Transporte
2025-11-01,123.3516305657,CONURBACIÓN SANTA CRUZ,Transporte
2025-12-01,139.2982448011,CONURBACIÓN SANTA CRUZ,Transporte
2026-01-01,157.5634998286,CONURBACIÓN SANTA CRUZ,Transporte
2026-02-01,155.4395102924,CONURBACIÓN SANTA CRUZ,Transporte
2026-03-01,153.8976926452,CONURBACIÓN SANTA CRUZ,Transporte
2026-04-01,153.8979775633,CONURBACIÓN SANTA CRUZ,Transporte
2026-05-01,153.1269900197,CONURBACIÓN SANTA CRUZ,Transporte
2026-06-01,153.6176197047,CONURBACIÓN SANTA CRUZ,Transporte
2026-07-01,156.3579908488,CONURBACIÓN SANTA CRUZ,Transporte
2018-01-01,104.4362849774,CONURBACIÓN SANTA CRUZ,Vivienda y servicios básicos
2018-02-01,104.5265734655,CONURBACIÓN SANTA CRUZ,Vivienda y servicios básicos
2018-03-01,104.305866114,CONURBACIÓN SANTA CRUZ,Vivienda y servicios básicos
2018-04-01,104.4326564823,CONURBACIÓN SANTA CRUZ,Vivienda y servicios básicos
2018-05-01,104.3427135928,CONURBACIÓN SANTA CRUZ,Vivienda y servicios básicos
2018-06-01,104.3949626085,CONURBACIÓN SANTA CRUZ,Vivienda y servicios básicos
2018-07-01,104.4800957914,CONURBACIÓN SANTA CRUZ,Vivienda y servicios básicos
2018-08-01,104.4950334238,CONURBACIÓN SANTA CRUZ,Vivienda y servicios básicos
2018-09-01,104.5233247814,CONURBACIÓN SANTA CRUZ,Vivienda y servicios básicos
2018-10-01,104.5530677384,CONURBACIÓN SANTA CRUZ,Vivienda y servicios básicos
2018-11-01,104.652814187,CONURBACIÓN SANTA CRUZ,Vivienda y servicios básicos
2018-12-01,104.6749736811,CONURBACIÓN SANTA CRUZ,Vivienda y servicios básicos
2019-01-01,104.7897297874,CONURBACIÓN SANTA CRUZ,Vivienda y servicios básicos
2019-02-01,104.7442655156,CONURBACIÓN SANTA CRUZ,Vivienda y servicios básicos
2019-03-01,104.8376765299,CONURBACIÓN SANTA CRUZ,Vivienda y servicios básicos
2019-04-01,105.034128704,CONURBACIÓN SANTA CRUZ,Vivienda y servicios básicos
2019-05-01,105.2220426808,CONURBACIÓN SANTA CRUZ,Vivienda y servicios básicos
2019-06-01,105.3033175472,CONURBACIÓN SANTA CRUZ,Vivienda y servicios básicos
2019-07-01,105.3668954423,CONURBACIÓN SANTA CRUZ,Vivienda y servicios básicos
2019-08-01,105.3252443518,CONURBACIÓN SANTA CRUZ,Vivienda y servicios básicos
2019-09-01,105.304193456,CONURBACIÓN SANTA CRUZ,Vivienda y servicios básicos
2019-10-01,105.393278762,CONURBACIÓN SANTA CRUZ,Vivienda y servicios básicos
2019-11-01,105.3688095102,CONURBACIÓN SANTA CRUZ,Vivienda y servicios básicos
2019-12-01,104.8016946064,CONURBACIÓN SANTA CRUZ,Vivienda y servicios básicos
2020-01-01,105.0128485726,CONURBACIÓN SANTA CRUZ,Vivienda y servicios básicos
2020-02-01,104.8537340728,CONURBACIÓN SANTA CRUZ,Vivienda y servicios básicos
2020-03-01,104.896961876,CONURBACIÓN SANTA CRUZ,Vivienda y servicios básicos
2020-04-01,104.9853589003,CONURBACIÓN SANTA CRUZ,Vivienda y servicios básicos
2020-05-01,105.2602577153,CONURBACIÓN SANTA CRUZ,Vivienda y servicios básicos
2020-06-01,105.2851076273,CONURBACIÓN SANTA CRUZ,Vivienda y servicios básicos
2020-07-01,105.0587084114,CONURBACIÓN SANTA CRUZ,Vivienda y servicios básicos
2020-08-01,104.9622118642,CONURBACIÓN SANTA CRUZ,Vivienda y servicios básicos
2020-09-01,104.820290791,CONURBACIÓN SANTA CRUZ,Vivienda y servicios básicos
2020-10-01,104.9430679786,CONURBACIÓN SANTA CRUZ,Vivienda y servicios básicos
2020-11-01,105.1498399724,CONURBACIÓN SANTA CRUZ,Vivienda y servicios básicos
2020-12-01,105.2564938073,CONURBACIÓN SANTA CRUZ,Vivienda y servicios básicos
2021-01-01,105.3166957109,CONURBACIÓN SANTA CRUZ,Vivienda y servicios básicos
2021-02-01,105.2636914221,CONURBACIÓN SANTA CRUZ,Vivienda y servicios básicos
2021-03-01,105.4613111797,CONURBACIÓN SANTA CRUZ,Vivienda y servicios básicos
2021-04-01,105.3436254547,CONURBACIÓN SANTA CRUZ,Vivienda y servicios básicos
2021-05-01,105.3831519814,CONURBACIÓN SANTA CRUZ,Vivienda y servicios básicos
2021-06-01,105.2728805704,CONURBACIÓN SANTA CRUZ,Vivienda y servicios básicos
2021-07-01,105.3062587,CONURBACIÓN SANTA CRUZ,Vivienda y servicios básicos
2021-08-01,105.2403090938,CONURBACIÓN SANTA CRUZ,Vivienda y servicios básicos
2021-09-01,105.154202534,CONURBACIÓN SANTA CRUZ,Vivienda y servicios básicos
2021-10-01,105.3698086097,CONURBACIÓN SANTA CRUZ,Vivienda y servicios básicos
2021-11-01,105.5537675903,CONURBACIÓN SANTA CRUZ,Vivienda y servicios básicos
2021-12-01,105.652342441,CONURBACIÓN SANTA CRUZ,Vivienda y servicios básicos
2022-01-01,105.6395348917,CONURBACIÓN SANTA CRUZ,Vivienda y servicios básicos
2022-02-01,105.8049391685,CONURBACIÓN SANTA CRUZ,Vivienda y servicios básicos
2022-03-01,105.7968529635,CONURBACIÓN SANTA CRUZ,Vivienda y servicios básicos
2022-04-01,105.9482497833,CONURBACIÓN SANTA CRUZ,Vivienda y servicios básicos
2022-05-01,106.505614526,CONURBACIÓN SANTA CRUZ,Vivienda y servicios básicos
2022-06-01,106.6290995843,CONURBACIÓN SANTA CRUZ,Vivienda y servicios básicos
2022-07-01,106.8293595379,CONURBACIÓN SANTA CRUZ,Vivienda y servicios básicos
2022-08-01,107.2065494184,CONURBACIÓN SANTA CRUZ,Vivienda y servicios básicos
2022-09-01,107.2996111004,CONURBACIÓN SANTA CRUZ,Vivienda y servicios básicos
2022-10-01,107.3972657918,CONURBACIÓN SANTA CRUZ,Vivienda y servicios básicos
2022-11-01,107.4590261,CONURBACIÓN SANTA CRUZ,Vivienda y servicios básicos
2022-12-01,107.4489154536,CONURBACIÓN SANTA CRUZ,Vivienda y servicios básicos
2023-01-01,107.6046203243,CONURBACIÓN SANTA CRUZ,Vivienda y servicios básicos
2023-02-01,107.6631544602,CONURBACIÓN SANTA CRUZ,Vivienda y servicios básicos
2023-03-01,107.8034651071,CONURBACIÓN SANTA CRUZ,Vivienda y servicios básicos
2023-04-01,107.8289050461,CONURBACIÓN SANTA CRUZ,Vivienda y servicios básicos
2023-05-01,108.4824831277,CONURBACIÓN SANTA CRUZ,Vivienda y servicios básicos
2023-06-01,108.5084627159,CONURBACIÓN SANTA CRUZ,Vivienda y servicios básicos
2023-07-01,108.7772227,CONURBACIÓN SANTA CRUZ,Vivienda y servicios básicos
2023-08-01,108.8690701745,CONURBACIÓN SANTA CRUZ,Vivienda y servicios básicos
2023-09-01,109.0166903866,CONURBACIÓN SANTA CRUZ,Vivienda y servicios básicos
2023-10-01,109.3143180442,CONURBACIÓN SANTA CRUZ,Vivienda y servicios básicos
2023-11-01,109.4175346,CONURBACIÓN SANTA CRUZ,Vivienda y servicios básicos
2023-12-01,109.3596431602,CONURBACIÓN SANTA CRUZ,Vivienda y servicios básicos
2024-01-01,109.0031856463,CONURBACIÓN SANTA CRUZ,Vivienda y servicios básicos
2024-02-01,109.2577478,CONURBACIÓN SANTA CRUZ,Vivienda y servicios básicos
2024-03-01,109.3853688169,CONURBACIÓN SANTA CRUZ,Vivienda y servicios básicos
2024-04-01,109.3368840994,CONURBACIÓN SANTA CRUZ,Vivienda y servicios básicos
2024-05-01,109.8316015521,CONURBACIÓN SANTA CRUZ,Vivienda y servicios básicos
2024-06-01,109.8122474878,CONURBACIÓN SANTA CRUZ,Vivienda y servicios básicos
2024-07-01,110.1438980806,CONURBACIÓN SANTA CRUZ,Vivienda y servicios básicos
2024-08-01,110.4582165209,CONURBACIÓN SANTA CRUZ,Vivienda y servicios básicos
2024-09-01,110.6600234027,CONURBACIÓN SANTA CRUZ,Vivienda y servicios básicos
2024-10-01,110.9919397348,CONURBACIÓN SANTA CRUZ,Vivienda y servicios básicos
2024-11-01,111.4003706865,CONURBACIÓN SANTA CRUZ,Vivienda y servicios básicos
2024-12-01,111.811580631,CONURBACIÓN SANTA CRUZ,Vivienda y servicios básicos
2025-01-01,113.4721316216,CONURBACIÓN SANTA CRUZ,Vivienda y servicios básicos
2025-02-01,113.8577688654,CONURBACIÓN SANTA CRUZ,Vivienda y servicios básicos
2025-03-01,114.3993408407,CONURBACIÓN SANTA CRUZ,Vivienda y servicios básicos
2025-04-01,114.8816112719,CONURBACIÓN SANTA CRUZ,Vivienda y servicios básicos
2025-05-01,115.9004537047,CONURBACIÓN SANTA CRUZ,Vivienda y servicios básicos
2025-06-01,116.7744672337,CONURBACIÓN SANTA CRUZ,Vivienda y servicios básicos
2025-07-01,118.0063747898,CONURBACIÓN SANTA CRUZ,Vivienda y servicios básicos
2025-08-01,119.5022013523,CONURBACIÓN SANTA CRUZ,Vivienda y servicios básicos
2025-09-01,120.6618128809,CONURBACIÓN SANTA CRUZ,Vivienda y servicios básicos
2025-10-01,121.8865548444,CONURBACIÓN SANTA CRUZ,Vivienda y servicios básicos
2025-11-01,121.9040613661,CONURBACIÓN SANTA CRUZ,Vivienda y servicios básicos
2025-12-01,122.4194098498,CONURBACIÓN SANTA CRUZ,Vivienda y servicios básicos
2026-01-01,122.9908268007,CONURBACIÓN SANTA CRUZ,Vivienda y servicios básicos
2026-02-01,123.6145623786,CONURBACIÓN SANTA CRUZ,Vivienda y servicios básicos
2026-03-01,124.3787594513,CONURBACIÓN SANTA CRUZ,Vivienda y servicios básicos
2026-04-01,124.7428922148,CONURBACIÓN SANTA CRUZ,Vivienda y servicios básicos
2026-05-01,124.9719712832,CONURBACIÓN SANTA CRUZ,Vivienda y servicios básicos
2026-06-01,125.3049343087,CONURBACIÓN SANTA CRUZ,Vivienda y servicios básicos
2026-07-01,126.2230255657,CONURBACIÓN SANTA CRUZ,Vivienda y servicios básicos
2018-01-01,100.020868947,CONURBACIÓN SANTA CRUZ,ÍNDICE GENERAL
2018-02-01,100.5129736159,CONURBACIÓN SANTA CRUZ,ÍNDICE GENERAL
2018-03-01,100.4966077003,CONURBACIÓN SANTA CRUZ,ÍNDICE GENERAL
2018-04-01,100.3339225804,CONURBACIÓN SANTA CRUZ,ÍNDICE GENERAL
2018-05-01,100.3928023911,CONURBACIÓN SANTA CRUZ,ÍNDICE GENERAL
2018-06-01,100.4486218403,CONURBACIÓN SANTA CRUZ,ÍNDICE GENERAL
2018-07-01,100.379886061,CONURBACIÓN SANTA CRUZ,ÍNDICE GENERAL
2018-08-01,100.4657623505,CONURBACIÓN SANTA CRUZ,ÍNDICE GENERAL
2018-09-01,100.3453545676,CONURBACIÓN SANTA CRUZ,ÍNDICE GENERAL
2018-10-01,100.6087810183,CONURBACIÓN SANTA CRUZ,ÍNDICE GENERAL
2018-11-01,100.8037708997,CONURBACIÓN SANTA CRUZ,ÍNDICE GENERAL
2018-12-01,101.1314066229,CONURBACIÓN SANTA CRUZ,ÍNDICE GENERAL
2019-01-01,101.3088621656,CONURBACIÓN SANTA CRUZ,ÍNDICE GENERAL
2019-02-01,101.1079756255,CONURBACIÓN SANTA CRUZ,ÍNDICE GENERAL
2019-03-01,101.1167813615,CONURBACIÓN SANTA CRUZ,ÍNDICE GENERAL
2019-04-01,101.3050071371,CONURBACIÓN SANTA CRUZ,ÍNDICE GENERAL
2019-05-01,101.7122204383,CONURBACIÓN SANTA CRUZ,ÍNDICE GENERAL
2019-06-01,101.7389610684,CONURBACIÓN SANTA CRUZ,ÍNDICE GENERAL
2019-07-01,101.857951973,CONURBACIÓN SANTA CRUZ,ÍNDICE GENERAL
2019-08-01,102.2983662568,CONURBACIÓN SANTA CRUZ,ÍNDICE GENERAL
2019-09-01,102.0441066604,CONURBACIÓN SANTA CRUZ,ÍNDICE GENERAL
2019-10-01,102.7686547591,CONURBACIÓN SANTA CRUZ,ÍNDICE GENERAL
2019-11-01,102.6504973718,CONURBACIÓN SANTA CRUZ,ÍNDICE GENERAL
2019-12-01,101.9057964484,CONURBACIÓN SANTA CRUZ,ÍNDICE GENERAL
2020-01-01,102.109925538,CONURBACIÓN SANTA CRUZ,ÍNDICE GENERAL
2020-02-01,102.3635087894,CONURBACIÓN SANTA CRUZ,ÍNDICE GENERAL
2020-03-01,102.3223434193,CONURBACIÓN SANTA CRUZ,ÍNDICE GENERAL
2020-04-01,102.7072944819,CONURBACIÓN SANTA CRUZ,ÍNDICE GENERAL
2020-05-01,103.2367594719,CONURBACIÓN SANTA CRUZ,ÍNDICE GENERAL
2020-06-01,103.3841476671,CONURBACIÓN SANTA CRUZ,ÍNDICE GENERAL
2020-07-01,102.9577498259,CONURBACIÓN SANTA CRUZ,ÍNDICE GENERAL
2020-08-01,102.7288604846,CONURBACIÓN SANTA CRUZ,ÍNDICE GENERAL
2020-09-01,102.3430876727,CONURBACIÓN SANTA CRUZ,ÍNDICE GENERAL
2020-10-01,102.7322462782,CONURBACIÓN SANTA CRUZ,ÍNDICE GENERAL
2020-11-01,102.6110809491,CONURBACIÓN SANTA CRUZ,ÍNDICE GENERAL
2020-12-01,102.9253328939,CONURBACIÓN SANTA CRUZ,ÍNDICE GENERAL
2021-01-01,103.3037613629,CONURBACIÓN SANTA CRUZ,ÍNDICE GENERAL
2021-02-01,103.6010985453,CONURBACIÓN SANTA CRUZ,ÍNDICE GENERAL
2021-03-01,103.5056903049,CONURBACIÓN SANTA CRUZ,ÍNDICE GENERAL
2021-04-01,103.625851261,CONURBACIÓN SANTA CRUZ,ÍNDICE GENERAL
2021-05-01,103.4797431794,CONURBACIÓN SANTA CRUZ,ÍNDICE GENERAL
2021-06-01,103.3820127599,CONURBACIÓN SANTA CRUZ,ÍNDICE GENERAL
2021-07-01,103.4491606,CONURBACIÓN SANTA CRUZ,ÍNDICE GENERAL
2021-08-01,104.0392035971,CONURBACIÓN SANTA CRUZ,ÍNDICE GENERAL
2021-09-01,103.9096493761,CONURBACIÓN SANTA CRUZ,ÍNDICE GENERAL
2021-10-01,103.8322358135,CONURBACIÓN SANTA CRUZ,ÍNDICE GENERAL
2021-11-01,104.2546466847,CONURBACIÓN SANTA CRUZ,ÍNDICE GENERAL
2021-12-01,104.1762186154,CONURBACIÓN SANTA CRUZ,ÍNDICE GENERAL
2022-01-01,104.4711423655,CONURBACIÓN SANTA CRUZ,ÍNDICE GENERAL
2022-02-01,104.455289815,CONURBACIÓN SANTA CRUZ,ÍNDICE GENERAL
2022-03-01,104.618621402,CONURBACIÓN SANTA CRUZ,ÍNDICE GENERAL
2022-04-01,104.6584797502,CONURBACIÓN SANTA CRUZ,ÍNDICE GENERAL
2022-05-01,105.182702699,CONURBACIÓN SANTA CRUZ,ÍNDICE GENERAL
2022-06-01,105.567756245,CONURBACIÓN SANTA CRUZ,ÍNDICE GENERAL
2022-07-01,105.822958288,CONURBACIÓN SANTA CRUZ,ÍNDICE GENERAL
2022-08-01,105.7771461002,CONURBACIÓN SANTA CRUZ,ÍNDICE GENERAL
2022-09-01,105.8076691425,CONURBACIÓN SANTA CRUZ,ÍNDICE GENERAL
2022-10-01,107.0072626876,CONURBACIÓN SANTA CRUZ,ÍNDICE GENERAL
2022-11-01,107.3587056,CONURBACIÓN SANTA CRUZ,ÍNDICE GENERAL
2022-12-01,107.2176857704,CONURBACIÓN SANTA CRUZ,ÍNDICE GENERAL
2023-01-01,107.3033207419,CONURBACIÓN SANTA CRUZ,ÍNDICE GENERAL
2023-02-01,107.1191795462,CONURBACIÓN SANTA CRUZ,ÍNDICE GENERAL
2023-03-01,107.0795470933,CONURBACIÓN SANTA CRUZ,ÍNDICE GENERAL
2023-04-01,107.3662063873,CONURBACIÓN SANTA CRUZ,ÍNDICE GENERAL
2023-05-01,108.0275629216,CONURBACIÓN SANTA CRUZ,ÍNDICE GENERAL
2023-06-01,108.3154139629,CONURBACIÓN SANTA CRUZ,ÍNDICE GENERAL
2023-07-01,108.4249723,CONURBACIÓN SANTA CRUZ,ÍNDICE GENERAL
2023-08-01,108.4859732599,CONURBACIÓN SANTA CRUZ,ÍNDICE GENERAL
2023-09-01,108.4088031877,CONURBACIÓN SANTA CRUZ,ÍNDICE GENERAL
2023-10-01,108.2515358644,CONURBACIÓN SANTA CRUZ,ÍNDICE GENERAL
2023-11-01,108.2712826,CONURBACIÓN SANTA CRUZ,ÍNDICE GENERAL
2023-12-01,109.3084051001,CONURBACIÓN SANTA CRUZ,ÍNDICE GENERAL
2024-01-01,109.3519578668,CONURBACIÓN SANTA CRUZ,ÍNDICE GENERAL
2024-02-01,109.4315591,CONURBACIÓN SANTA CRUZ,ÍNDICE GENERAL
2024-03-01,110.3246812215,CONURBACIÓN SANTA CRUZ,ÍNDICE GENERAL
2024-04-01,110.9314897861,CONURBACIÓN SANTA CRUZ,ÍNDICE GENERAL
2024-05-01,111.7683247915,CONURBACIÓN SANTA CRUZ,ÍNDICE GENERAL
2024-06-01,112.3159140707,CONURBACIÓN SANTA CRUZ,ÍNDICE GENERAL
2024-07-01,112.6970445723,CONURBACIÓN SANTA CRUZ,ÍNDICE GENERAL
2024-08-01,114.3707381518,CONURBACIÓN SANTA CRUZ,ÍNDICE GENERAL
2024-09-01,115.8226660332,CONURBACIÓN SANTA CRUZ,ÍNDICE GENERAL
2024-10-01,117.3955944321,CONURBACIÓN SANTA CRUZ,ÍNDICE GENERAL
2024-11-01,118.1268931411,CONURBACIÓN SANTA CRUZ,ÍNDICE GENERAL
2024-12-01,119.9303867211,CONURBACIÓN SANTA CRUZ,ÍNDICE GENERAL
2025-01-01,122.3099433883,CONURBACIÓN SANTA CRUZ,ÍNDICE GENERAL
2025-02-01,124.1368146588,CONURBACIÓN SANTA CRUZ,ÍNDICE GENERAL
2025-03-01,125.8660689579,CONURBACIÓN SANTA CRUZ,ÍNDICE GENERAL
2025-04-01,127.2512324454,CONURBACIÓN SANTA CRUZ,ÍNDICE GENERAL
2025-05-01,131.6640707947,CONURBACIÓN SANTA CRUZ,ÍNDICE GENERAL
2025-06-01,136.1409529809,CONURBACIÓN SANTA CRUZ,ÍNDICE GENERAL
2025-07-01,138.3187740561,CONURBACIÓN SANTA CRUZ,ÍNDICE GENERAL
2025-08-01,139.6948548845,CONURBACIÓN SANTA CRUZ,ÍNDICE GENERAL
2025-09-01,140.1200371552,CONURBACIÓN SANTA CRUZ,ÍNDICE GENERAL
2025-10-01,141.6321216961,CONURBACIÓN SANTA CRUZ,ÍNDICE GENERAL
2025-11-01,142.0702646052,CONURBACIÓN SANTA CRUZ,ÍNDICE GENERAL
2025-12-01,141.9187817858,CONURBACIÓN SANTA CRUZ,ÍNDICE GENERAL
2026-01-01,143.363689468,CONURBACIÓN SANTA CRUZ,ÍNDICE GENERAL
2026-02-01,142.4755980401,CONURBACIÓN SANTA CRUZ,ÍNDICE GENERAL
2026-03-01,142.2212886576,CONURBACIÓN SANTA CRUZ,ÍNDICE GENERAL
2026-04-01,142.726391357,CONURBACIÓN SANTA CRUZ,ÍNDICE GENERAL
2026-05-01,142.6117816279,CONURBACIÓN SANTA CRUZ,ÍNDICE GENERAL
2026-06-01,142.5776588529,CONURBACIÓN SANTA CRUZ,ÍNDICE GENERAL
2026-07-01,143.3509656925,CONURBACIÓN SANTA CRUZ,ÍNDICE GENERAL
2018-01-01,103.2694727472,ORURO,Alimentos y bebidas consumidos fuera del hogar
2018-02-01,103.2564568767,ORURO,Alimentos y bebidas consumidos fuera del hogar
2018-03-01,103.5947579026,ORURO,Alimentos y bebidas consumidos fuera del hogar
2018-04-01,103.5213487692,ORURO,Alimentos y bebidas consumidos fuera del hogar
2018-05-01,103.7061470616,ORURO,Alimentos y bebidas consumidos fuera del hogar
2018-06-01,103.744809404,ORURO,Alimentos y bebidas consumidos fuera del hogar
2018-07-01,103.9302362967,ORURO,Alimentos y bebidas consumidos fuera del hogar
2018-08-01,103.8199954703,ORURO,Alimentos y bebidas consumidos fuera del hogar
2018-09-01,103.8368797062,ORURO,Alimentos y bebidas consumidos fuera del hogar
2018-10-01,103.9601211417,ORURO,Alimentos y bebidas consumidos fuera del hogar
2018-11-01,104.2245455619,ORURO,Alimentos y bebidas consumidos fuera del hogar
2018-12-01,104.2245455612,ORURO,Alimentos y bebidas consumidos fuera del hogar
2019-01-01,104.2873802446,ORURO,Alimentos y bebidas consumidos fuera del hogar
2019-02-01,104.3370671663,ORURO,Alimentos y bebidas consumidos fuera del hogar
2019-03-01,104.3370671663,ORURO,Alimentos y bebidas consumidos fuera del hogar
2019-04-01,104.3992037022,ORURO,Alimentos y bebidas consumidos fuera del hogar
2019-05-01,104.435176986,ORURO,Alimentos y bebidas consumidos fuera del hogar
2019-06-01,104.435176986,ORURO,Alimentos y bebidas consumidos fuera del hogar
2019-07-01,104.5267773702,ORURO,Alimentos y bebidas consumidos fuera del hogar
2019-08-01,104.528998169,ORURO,Alimentos y bebidas consumidos fuera del hogar
2019-09-01,104.528998169,ORURO,Alimentos y bebidas consumidos fuera del hogar
2019-10-01,104.5775331862,ORURO,Alimentos y bebidas consumidos fuera del hogar
2019-11-01,106.5420625904,ORURO,Alimentos y bebidas consumidos fuera del hogar
2019-12-01,105.6606632761,ORURO,Alimentos y bebidas consumidos fuera del hogar
2020-01-01,105.427754244,ORURO,Alimentos y bebidas consumidos fuera del hogar
2020-02-01,105.4859131924,ORURO,Alimentos y bebidas consumidos fuera del hogar
2020-03-01,105.4994657384,ORURO,Alimentos y bebidas consumidos fuera del hogar
2020-04-01,105.4994657384,ORURO,Alimentos y bebidas consumidos fuera del hogar
2020-05-01,105.4113584625,ORURO,Alimentos y bebidas consumidos fuera del hogar
2020-06-01,105.377932304,ORURO,Alimentos y bebidas consumidos fuera del hogar
2020-07-01,105.3212597676,ORURO,Alimentos y bebidas consumidos fuera del hogar
2020-08-01,105.5541298236,ORURO,Alimentos y bebidas consumidos fuera del hogar
2020-09-01,105.2246770469,ORURO,Alimentos y bebidas consumidos fuera del hogar
2020-10-01,105.6055817504,ORURO,Alimentos y bebidas consumidos fuera del hogar
2020-11-01,105.4636752353,ORURO,Alimentos y bebidas consumidos fuera del hogar
2020-12-01,105.5701177883,ORURO,Alimentos y bebidas consumidos fuera del hogar
2021-01-01,105.1045864048,ORURO,Alimentos y bebidas consumidos fuera del hogar
2021-02-01,105.2508614892,ORURO,Alimentos y bebidas consumidos fuera del hogar
2021-03-01,105.3107798259,ORURO,Alimentos y bebidas consumidos fuera del hogar
2021-04-01,105.3519700454,ORURO,Alimentos y bebidas consumidos fuera del hogar
2021-05-01,105.426772253,ORURO,Alimentos y bebidas consumidos fuera del hogar
2021-06-01,105.426772253,ORURO,Alimentos y bebidas consumidos fuera del hogar
2021-07-01,105.4547689,ORURO,Alimentos y bebidas consumidos fuera del hogar
2021-08-01,105.4547688992,ORURO,Alimentos y bebidas consumidos fuera del hogar
2021-09-01,105.4547688992,ORURO,Alimentos y bebidas consumidos fuera del hogar
2021-10-01,105.4547688992,ORURO,Alimentos y bebidas consumidos fuera del hogar
2021-11-01,105.4259829792,ORURO,Alimentos y bebidas consumidos fuera del hogar
2021-12-01,105.4259829792,ORURO,Alimentos y bebidas consumidos fuera del hogar
2022-01-01,105.4259829792,ORURO,Alimentos y bebidas consumidos fuera del hogar
2022-02-01,105.4734259446,ORURO,Alimentos y bebidas consumidos fuera del hogar
2022-03-01,105.4825840616,ORURO,Alimentos y bebidas consumidos fuera del hogar
2022-04-01,105.5758268734,ORURO,Alimentos y bebidas consumidos fuera del hogar
2022-05-01,105.6707910048,ORURO,Alimentos y bebidas consumidos fuera del hogar
2022-06-01,105.9693318724,ORURO,Alimentos y bebidas consumidos fuera del hogar
2022-07-01,106.3818291322,ORURO,Alimentos y bebidas consumidos fuera del hogar
2022-08-01,106.453974546,ORURO,Alimentos y bebidas consumidos fuera del hogar
2022-09-01,106.7780752785,ORURO,Alimentos y bebidas consumidos fuera del hogar
2022-10-01,107.0877723769,ORURO,Alimentos y bebidas consumidos fuera del hogar
2022-11-01,108.9792751,ORURO,Alimentos y bebidas consumidos fuera del hogar
2022-12-01,108.684439151,ORURO,Alimentos y bebidas consumidos fuera del hogar
2023-01-01,108.8151931367,ORURO,Alimentos y bebidas consumidos fuera del hogar
2023-02-01,108.9607400833,ORURO,Alimentos y bebidas consumidos fuera del hogar
2023-03-01,109.3213970695,ORURO,Alimentos y bebidas consumidos fuera del hogar
2023-04-01,109.4322387443,ORURO,Alimentos y bebidas consumidos fuera del hogar
2023-05-01,109.5105472241,ORURO,Alimentos y bebidas consumidos fuera del hogar
2023-06-01,109.4834223513,ORURO,Alimentos y bebidas consumidos fuera del hogar
2023-07-01,109.5011371,ORURO,Alimentos y bebidas consumidos fuera del hogar
2023-08-01,109.6770505001,ORURO,Alimentos y bebidas consumidos fuera del hogar
2023-09-01,109.7754949298,ORURO,Alimentos y bebidas consumidos fuera del hogar
2023-10-01,109.8948748131,ORURO,Alimentos y bebidas consumidos fuera del hogar
2023-11-01,109.9425454,ORURO,Alimentos y bebidas consumidos fuera del hogar
2023-12-01,110.2049344208,ORURO,Alimentos y bebidas consumidos fuera del hogar
2024-01-01,110.3750295884,ORURO,Alimentos y bebidas consumidos fuera del hogar
2024-02-01,110.7485136,ORURO,Alimentos y bebidas consumidos fuera del hogar
2024-03-01,111.1378066657,ORURO,Alimentos y bebidas consumidos fuera del hogar
2024-04-01,111.3735583205,ORURO,Alimentos y bebidas consumidos fuera del hogar
2024-05-01,111.2880104091,ORURO,Alimentos y bebidas consumidos fuera del hogar
2024-06-01,111.3754850966,ORURO,Alimentos y bebidas consumidos fuera del hogar
2024-07-01,111.5963228171,ORURO,Alimentos y bebidas consumidos fuera del hogar
2024-08-01,111.9301299465,ORURO,Alimentos y bebidas consumidos fuera del hogar
2024-09-01,112.1549526277,ORURO,Alimentos y bebidas consumidos fuera del hogar
2024-10-01,113.1042096663,ORURO,Alimentos y bebidas consumidos fuera del hogar
2024-11-01,117.7819603973,ORURO,Alimentos y bebidas consumidos fuera del hogar
2024-12-01,119.4105549208,ORURO,Alimentos y bebidas consumidos fuera del hogar
2025-01-01,120.387408797,ORURO,Alimentos y bebidas consumidos fuera del hogar
2025-02-01,121.2424217927,ORURO,Alimentos y bebidas consumidos fuera del hogar
2025-03-01,122.8030507195,ORURO,Alimentos y bebidas consumidos fuera del hogar
2025-04-01,123.4469595019,ORURO,Alimentos y bebidas consumidos fuera del hogar
2025-05-01,124.4968381855,ORURO,Alimentos y bebidas consumidos fuera del hogar
2025-06-01,135.6027575873,ORURO,Alimentos y bebidas consumidos fuera del hogar
2025-07-01,144.1589550511,ORURO,Alimentos y bebidas consumidos fuera del hogar
2025-08-01,145.1994727392,ORURO,Alimentos y bebidas consumidos fuera del hogar
2025-09-01,145.6093210335,ORURO,Alimentos y bebidas consumidos fuera del hogar
2025-10-01,147.3259946265,ORURO,Alimentos y bebidas consumidos fuera del hogar
2025-11-01,148.2010667896,ORURO,Alimentos y bebidas consumidos fuera del hogar
2025-12-01,149.5081102166,ORURO,Alimentos y bebidas consumidos fuera del hogar
2026-01-01,149.6305988357,ORURO,Alimentos y bebidas consumidos fuera del hogar
2026-02-01,150.4521088883,ORURO,Alimentos y bebidas consumidos fuera del hogar
2026-03-01,152.127703277,ORURO,Alimentos y bebidas consumidos fuera del hogar
2026-04-01,152.558940956,ORURO,Alimentos y bebidas consumidos fuera del hogar
2026-05-01,154.8781060483,ORURO,Alimentos y bebidas consumidos fuera del hogar
2026-06-01,163.0505425596,ORURO,Alimentos y bebidas consumidos fuera del hogar
2026-07-01,158.6463563105,ORURO,Alimentos y bebidas consumidos fuera del hogar
2018-01-01,102.3385457692,ORURO,Alimentos y bebidas no alcohólicas
2018-02-01,101.5667229378,ORURO,Alimentos y bebidas no alcohólicas
2018-03-01,100.822580826,ORURO,Alimentos y bebidas no alcohólicas
2018-04-01,100.784847335,ORURO,Alimentos y bebidas no alcohólicas
2018-05-01,100.3440778438,ORURO,Alimentos y bebidas no alcohólicas
2018-06-01,100.565857997,ORURO,Alimentos y bebidas no alcohólicas
2018-07-01,100.7264545035,ORURO,Alimentos y bebidas no alcohólicas
2018-08-01,101.5696172742,ORURO,Alimentos y bebidas no alcohólicas
2018-09-01,101.3866879265,ORURO,Alimentos y bebidas no alcohólicas
2018-10-01,101.5074364607,ORURO,Alimentos y bebidas no alcohólicas
2018-11-01,102.6684495232,ORURO,Alimentos y bebidas no alcohólicas
2018-12-01,103.8972571696,ORURO,Alimentos y bebidas no alcohólicas
2019-01-01,103.900571725,ORURO,Alimentos y bebidas no alcohólicas
2019-02-01,103.0547976466,ORURO,Alimentos y bebidas no alcohólicas
2019-03-01,102.6471737304,ORURO,Alimentos y bebidas no alcohólicas
2019-04-01,102.6076626198,ORURO,Alimentos y bebidas no alcohólicas
2019-05-01,105.9664456727,ORURO,Alimentos y bebidas no alcohólicas
2019-06-01,106.3155881112,ORURO,Alimentos y bebidas no alcohólicas
2019-07-01,105.8041361959,ORURO,Alimentos y bebidas no alcohólicas
2019-08-01,108.1900798362,ORURO,Alimentos y bebidas no alcohólicas
2019-09-01,108.6030821375,ORURO,Alimentos y bebidas no alcohólicas
2019-10-01,108.7502380891,ORURO,Alimentos y bebidas no alcohólicas
2019-11-01,114.8622526155,ORURO,Alimentos y bebidas no alcohólicas
2019-12-01,106.7351835262,ORURO,Alimentos y bebidas no alcohólicas
2020-01-01,104.9682331424,ORURO,Alimentos y bebidas no alcohólicas
2020-02-01,103.1063241601,ORURO,Alimentos y bebidas no alcohólicas
2020-03-01,102.1113978452,ORURO,Alimentos y bebidas no alcohólicas
2020-04-01,100.7539877774,ORURO,Alimentos y bebidas no alcohólicas
2020-05-01,101.5124163785,ORURO,Alimentos y bebidas no alcohólicas
2020-06-01,103.9268450068,ORURO,Alimentos y bebidas no alcohólicas
2020-07-01,105.5335515944,ORURO,Alimentos y bebidas no alcohólicas
2020-08-01,109.6497969216,ORURO,Alimentos y bebidas no alcohólicas
2020-09-01,104.2929745236,ORURO,Alimentos y bebidas no alcohólicas
2020-10-01,106.0244646802,ORURO,Alimentos y bebidas no alcohólicas
2020-11-01,106.1037354689,ORURO,Alimentos y bebidas no alcohólicas
2020-12-01,105.956412247,ORURO,Alimentos y bebidas no alcohólicas
2021-01-01,106.5666072417,ORURO,Alimentos y bebidas no alcohólicas
2021-02-01,105.1527316075,ORURO,Alimentos y bebidas no alcohólicas
2021-03-01,105.5538778624,ORURO,Alimentos y bebidas no alcohólicas
2021-04-01,105.8190370473,ORURO,Alimentos y bebidas no alcohólicas
2021-05-01,105.9297812374,ORURO,Alimentos y bebidas no alcohólicas
2021-06-01,105.5721035498,ORURO,Alimentos y bebidas no alcohólicas
2021-07-01,104.5040645,ORURO,Alimentos y bebidas no alcohólicas
2021-08-01,105.702849619,ORURO,Alimentos y bebidas no alcohólicas
2021-09-01,105.5553441,ORURO,Alimentos y bebidas no alcohólicas
2021-10-01,105.0382769619,ORURO,Alimentos y bebidas no alcohólicas
2021-11-01,105.595723725,ORURO,Alimentos y bebidas no alcohólicas
2021-12-01,105.6356937859,ORURO,Alimentos y bebidas no alcohólicas
2022-01-01,105.0210164217,ORURO,Alimentos y bebidas no alcohólicas
2022-02-01,105.4843547958,ORURO,Alimentos y bebidas no alcohólicas
2022-03-01,104.3614144458,ORURO,Alimentos y bebidas no alcohólicas
2022-04-01,104.331525203,ORURO,Alimentos y bebidas no alcohólicas
2022-05-01,105.931433941,ORURO,Alimentos y bebidas no alcohólicas
2022-06-01,106.4218048784,ORURO,Alimentos y bebidas no alcohólicas
2022-07-01,108.0709292142,ORURO,Alimentos y bebidas no alcohólicas
2022-08-01,108.7578624575,ORURO,Alimentos y bebidas no alcohólicas
2022-09-01,109.9931734262,ORURO,Alimentos y bebidas no alcohólicas
2022-10-01,111.8472569738,ORURO,Alimentos y bebidas no alcohólicas
2022-11-01,113.8109288,ORURO,Alimentos y bebidas no alcohólicas
2022-12-01,113.2239912088,ORURO,Alimentos y bebidas no alcohólicas
2023-01-01,114.7962303622,ORURO,Alimentos y bebidas no alcohólicas
2023-02-01,112.6583706561,ORURO,Alimentos y bebidas no alcohólicas
2023-03-01,111.9617715919,ORURO,Alimentos y bebidas no alcohólicas
2023-04-01,112.4492714772,ORURO,Alimentos y bebidas no alcohólicas
2023-05-01,113.3958724915,ORURO,Alimentos y bebidas no alcohólicas
2023-06-01,114.4025314781,ORURO,Alimentos y bebidas no alcohólicas
2023-07-01,115.7360026,ORURO,Alimentos y bebidas no alcohólicas
2023-08-01,116.8010283577,ORURO,Alimentos y bebidas no alcohólicas
2023-09-01,116.5429275069,ORURO,Alimentos y bebidas no alcohólicas
2023-10-01,116.3567090802,ORURO,Alimentos y bebidas no alcohólicas
2023-11-01,117.4357636,ORURO,Alimentos y bebidas no alcohólicas
2023-12-01,118.568483972,ORURO,Alimentos y bebidas no alcohólicas
2024-01-01,118.5001779764,ORURO,Alimentos y bebidas no alcohólicas
2024-02-01,118.5178151,ORURO,Alimentos y bebidas no alcohólicas
2024-03-01,116.3936915167,ORURO,Alimentos y bebidas no alcohólicas
2024-04-01,116.1262497697,ORURO,Alimentos y bebidas no alcohólicas
2024-05-01,117.9950776178,ORURO,Alimentos y bebidas no alcohólicas
2024-06-01,119.9985938638,ORURO,Alimentos y bebidas no alcohólicas
2024-07-01,120.1704387067,ORURO,Alimentos y bebidas no alcohólicas
2024-08-01,121.6516507512,ORURO,Alimentos y bebidas no alcohólicas
2024-09-01,121.7182663769,ORURO,Alimentos y bebidas no alcohólicas
2024-10-01,127.1035269443,ORURO,Alimentos y bebidas no alcohólicas
2024-11-01,133.6691910556,ORURO,Alimentos y bebidas no alcohólicas
2024-12-01,133.8117855481,ORURO,Alimentos y bebidas no alcohólicas
2025-01-01,135.5075000951,ORURO,Alimentos y bebidas no alcohólicas
2025-02-01,137.3372269249,ORURO,Alimentos y bebidas no alcohólicas
2025-03-01,142.5101584207,ORURO,Alimentos y bebidas no alcohólicas
2025-04-01,143.9810149703,ORURO,Alimentos y bebidas no alcohólicas
2025-05-01,150.8231663579,ORURO,Alimentos y bebidas no alcohólicas
2025-06-01,169.2472269347,ORURO,Alimentos y bebidas no alcohólicas
2025-07-01,168.6302057937,ORURO,Alimentos y bebidas no alcohólicas
2025-08-01,172.3340697,ORURO,Alimentos y bebidas no alcohólicas
2025-09-01,174.0438834596,ORURO,Alimentos y bebidas no alcohólicas
2025-10-01,178.5024634165,ORURO,Alimentos y bebidas no alcohólicas
2025-11-01,180.436359288,ORURO,Alimentos y bebidas no alcohólicas
2025-12-01,177.7238221052,ORURO,Alimentos y bebidas no alcohólicas
2026-01-01,177.2996772065,ORURO,Alimentos y bebidas no alcohólicas
2026-02-01,173.7009758962,ORURO,Alimentos y bebidas no alcohólicas
2026-03-01,172.1878885129,ORURO,Alimentos y bebidas no alcohólicas
2026-04-01,174.0212882762,ORURO,Alimentos y bebidas no alcohólicas
2026-05-01,179.8704198979,ORURO,Alimentos y bebidas no alcohólicas
2026-06-01,193.8704861366,ORURO,Alimentos y bebidas no alcohólicas
2026-07-01,179.3616886092,ORURO,Alimentos y bebidas no alcohólicas
2018-01-01,103.5350030468,ORURO,Bebidas alcohólicas y tabaco
2018-02-01,103.7904272314,ORURO,Bebidas alcohólicas y tabaco
2018-03-01,103.0967453835,ORURO,Bebidas alcohólicas y tabaco
2018-04-01,102.5444517247,ORURO,Bebidas alcohólicas y tabaco
2018-05-01,103.6356738297,ORURO,Bebidas alcohólicas y tabaco
2018-06-01,103.3155076094,ORURO,Bebidas alcohólicas y tabaco
2018-07-01,104.6059143609,ORURO,Bebidas alcohólicas y tabaco
2018-08-01,105.6378389019,ORURO,Bebidas alcohólicas y tabaco
2018-09-01,105.6242508827,ORURO,Bebidas alcohólicas y tabaco
2018-10-01,105.9029957267,ORURO,Bebidas alcohólicas y tabaco
2018-11-01,106.1776773309,ORURO,Bebidas alcohólicas y tabaco
2018-12-01,106.1776773309,ORURO,Bebidas alcohólicas y tabaco
2019-01-01,106.0456762716,ORURO,Bebidas alcohólicas y tabaco
2019-02-01,106.8660930527,ORURO,Bebidas alcohólicas y tabaco
2019-03-01,106.7109686756,ORURO,Bebidas alcohólicas y tabaco
2019-04-01,106.7109686756,ORURO,Bebidas alcohólicas y tabaco
2019-05-01,107.298498623,ORURO,Bebidas alcohólicas y tabaco
2019-06-01,107.1537297269,ORURO,Bebidas alcohólicas y tabaco
2019-07-01,106.8986848121,ORURO,Bebidas alcohólicas y tabaco
2019-08-01,106.9109477202,ORURO,Bebidas alcohólicas y tabaco
2019-09-01,107.0061776252,ORURO,Bebidas alcohólicas y tabaco
2019-10-01,106.9975881337,ORURO,Bebidas alcohólicas y tabaco
2019-11-01,106.998303513,ORURO,Bebidas alcohólicas y tabaco
2019-12-01,107.0202333454,ORURO,Bebidas alcohólicas y tabaco
2020-01-01,107.018233608,ORURO,Bebidas alcohólicas y tabaco
2020-02-01,107.0184002138,ORURO,Bebidas alcohólicas y tabaco
2020-03-01,107.0602235069,ORURO,Bebidas alcohólicas y tabaco
2020-04-01,107.0602235069,ORURO,Bebidas alcohólicas y tabaco
2020-05-01,107.0518121671,ORURO,Bebidas alcohólicas y tabaco
2020-06-01,106.6044021146,ORURO,Bebidas alcohólicas y tabaco
2020-07-01,106.6270008688,ORURO,Bebidas alcohólicas y tabaco
2020-08-01,106.1401333301,ORURO,Bebidas alcohólicas y tabaco
2020-09-01,106.6327244962,ORURO,Bebidas alcohólicas y tabaco
2020-10-01,106.9919463088,ORURO,Bebidas alcohólicas y tabaco
2020-11-01,106.5349065482,ORURO,Bebidas alcohólicas y tabaco
2020-12-01,106.6413607761,ORURO,Bebidas alcohólicas y tabaco
2021-01-01,106.3184141338,ORURO,Bebidas alcohólicas y tabaco
2021-02-01,106.3184141338,ORURO,Bebidas alcohólicas y tabaco
2021-03-01,106.3264058957,ORURO,Bebidas alcohólicas y tabaco
2021-04-01,106.4774762059,ORURO,Bebidas alcohólicas y tabaco
2021-05-01,106.4774762059,ORURO,Bebidas alcohólicas y tabaco
2021-06-01,106.404997411,ORURO,Bebidas alcohólicas y tabaco
2021-07-01,106.4774762,ORURO,Bebidas alcohólicas y tabaco
2021-08-01,106.4774762059,ORURO,Bebidas alcohólicas y tabaco
2021-09-01,106.5579648003,ORURO,Bebidas alcohólicas y tabaco
2021-10-01,106.8073719176,ORURO,Bebidas alcohólicas y tabaco
2021-11-01,106.8073719176,ORURO,Bebidas alcohólicas y tabaco
2021-12-01,106.8073719176,ORURO,Bebidas alcohólicas y tabaco
2022-01-01,106.8073719176,ORURO,Bebidas alcohólicas y tabaco
2022-02-01,106.9039598601,ORURO,Bebidas alcohólicas y tabaco
2022-03-01,106.88239199,ORURO,Bebidas alcohólicas y tabaco
2022-04-01,106.7480198299,ORURO,Bebidas alcohólicas y tabaco
2022-05-01,106.7480198299,ORURO,Bebidas alcohólicas y tabaco
2022-06-01,106.7480198299,ORURO,Bebidas alcohólicas y tabaco
2022-07-01,106.7480198299,ORURO,Bebidas alcohólicas y tabaco
2022-08-01,106.9080123183,ORURO,Bebidas alcohólicas y tabaco
2022-09-01,107.703901743,ORURO,Bebidas alcohólicas y tabaco
2022-10-01,107.57409353,ORURO,Bebidas alcohólicas y tabaco
2022-11-01,107.9957432,ORURO,Bebidas alcohólicas y tabaco
2022-12-01,107.9957432086,ORURO,Bebidas alcohólicas y tabaco
2023-01-01,107.9957432086,ORURO,Bebidas alcohólicas y tabaco
2023-02-01,108.014621986,ORURO,Bebidas alcohólicas y tabaco
2023-03-01,107.3604689534,ORURO,Bebidas alcohólicas y tabaco
2023-04-01,107.8524353963,ORURO,Bebidas alcohólicas y tabaco
2023-05-01,107.8442594587,ORURO,Bebidas alcohólicas y tabaco
2023-06-01,107.6690466181,ORURO,Bebidas alcohólicas y tabaco
2023-07-01,107.6589556,ORURO,Bebidas alcohólicas y tabaco
2023-08-01,108.0495624959,ORURO,Bebidas alcohólicas y tabaco
2023-09-01,108.8445972601,ORURO,Bebidas alcohólicas y tabaco
2023-10-01,110.4567983665,ORURO,Bebidas alcohólicas y tabaco
2023-11-01,110.6103134,ORURO,Bebidas alcohólicas y tabaco
2023-12-01,110.3567112115,ORURO,Bebidas alcohólicas y tabaco
2024-01-01,110.1394420374,ORURO,Bebidas alcohólicas y tabaco
2024-02-01,110.3278413,ORURO,Bebidas alcohólicas y tabaco
2024-03-01,110.0101740982,ORURO,Bebidas alcohólicas y tabaco
2024-04-01,110.2429907893,ORURO,Bebidas alcohólicas y tabaco
2024-05-01,110.2298250176,ORURO,Bebidas alcohólicas y tabaco
2024-06-01,110.3047073148,ORURO,Bebidas alcohólicas y tabaco
2024-07-01,110.4234780503,ORURO,Bebidas alcohólicas y tabaco
2024-08-01,110.6978253477,ORURO,Bebidas alcohólicas y tabaco
2024-09-01,110.6630487282,ORURO,Bebidas alcohólicas y tabaco
2024-10-01,111.1032869617,ORURO,Bebidas alcohólicas y tabaco
2024-11-01,111.1380635812,ORURO,Bebidas alcohólicas y tabaco
2024-12-01,111.1730062474,ORURO,Bebidas alcohólicas y tabaco
2025-01-01,111.1730062474,ORURO,Bebidas alcohólicas y tabaco
2025-02-01,111.2523431363,ORURO,Bebidas alcohólicas y tabaco
2025-03-01,111.3324507724,ORURO,Bebidas alcohólicas y tabaco
2025-04-01,111.4884381385,ORURO,Bebidas alcohólicas y tabaco
2025-05-01,112.1770553206,ORURO,Bebidas alcohólicas y tabaco
2025-06-01,118.8719824369,ORURO,Bebidas alcohólicas y tabaco
2025-07-01,121.5001760607,ORURO,Bebidas alcohólicas y tabaco
2025-08-01,122.8166542643,ORURO,Bebidas alcohólicas y tabaco
2025-09-01,123.2108016182,ORURO,Bebidas alcohólicas y tabaco
2025-10-01,124.0880901335,ORURO,Bebidas alcohólicas y tabaco
2025-11-01,125.0880157616,ORURO,Bebidas alcohólicas y tabaco
2025-12-01,125.8706770301,ORURO,Bebidas alcohólicas y tabaco
2026-01-01,126.6556167354,ORURO,Bebidas alcohólicas y tabaco
2026-02-01,127.6808541465,ORURO,Bebidas alcohólicas y tabaco
2026-03-01,128.780723541,ORURO,Bebidas alcohólicas y tabaco
2026-04-01,129.7489107809,ORURO,Bebidas alcohólicas y tabaco
2026-05-01,132.305882689,ORURO,Bebidas alcohólicas y tabaco
2026-06-01,136.97110654990001,ORURO,Bebidas alcohólicas y tabaco
2026-07-01,134.3371982774,ORURO,Bebidas alcohólicas y tabaco
2018-01-01,99.982124753,ORURO,Bienes y servicios diversos
2018-02-01,99.2612734221,ORURO,Bienes y servicios diversos
2018-03-01,99.3805796017,ORURO,Bienes y servicios diversos
2018-04-01,99.2181956414,ORURO,Bienes y servicios diversos
2018-05-01,99.0882671375,ORURO,Bienes y servicios diversos
2018-06-01,99.7905846239,ORURO,Bienes y servicios diversos
2018-07-01,99.6021501024,ORURO,Bienes y servicios diversos
2018-08-01,99.5246544216,ORURO,Bienes y servicios diversos
2018-09-01,99.4295690268,ORURO,Bienes y servicios diversos
2018-10-01,99.2754012081,ORURO,Bienes y servicios diversos
2018-11-01,99.2836085093,ORURO,Bienes y servicios diversos
2018-12-01,99.3683978667,ORURO,Bienes y servicios diversos
2019-01-01,99.4540148068,ORURO,Bienes y servicios diversos
2019-02-01,99.51478113,ORURO,Bienes y servicios diversos
2019-03-01,99.6167212117,ORURO,Bienes y servicios diversos
2019-04-01,99.64879343,ORURO,Bienes y servicios diversos
2019-05-01,99.7646145279,ORURO,Bienes y servicios diversos
2019-06-01,99.7770837694,ORURO,Bienes y servicios diversos
2019-07-01,99.7487562699,ORURO,Bienes y servicios diversos
2019-08-01,99.6549872876,ORURO,Bienes y servicios diversos
2019-09-01,99.7486199426,ORURO,Bienes y servicios diversos
2019-10-01,99.7486199426,ORURO,Bienes y servicios diversos
2019-11-01,99.7061581259,ORURO,Bienes y servicios diversos
2019-12-01,99.6520801337,ORURO,Bienes y servicios diversos
2020-01-01,99.6488787689,ORURO,Bienes y servicios diversos
2020-02-01,99.7214660499,ORURO,Bienes y servicios diversos
2020-03-01,99.8942625902,ORURO,Bienes y servicios diversos
2020-04-01,99.9069027956,ORURO,Bienes y servicios diversos
2020-05-01,100.1516121622,ORURO,Bienes y servicios diversos
2020-06-01,99.9215225572,ORURO,Bienes y servicios diversos
2020-07-01,99.9103121677,ORURO,Bienes y servicios diversos
2020-08-01,99.832438188,ORURO,Bienes y servicios diversos
2020-09-01,99.7386484242,ORURO,Bienes y servicios diversos
2020-10-01,99.6084115553,ORURO,Bienes y servicios diversos
2020-11-01,99.4395331121,ORURO,Bienes y servicios diversos
2020-12-01,99.1762261544,ORURO,Bienes y servicios diversos
2021-01-01,100.387156664,ORURO,Bienes y servicios diversos
2021-02-01,100.0542248846,ORURO,Bienes y servicios diversos
2021-03-01,99.9776482794,ORURO,Bienes y servicios diversos
2021-04-01,99.7768899983,ORURO,Bienes y servicios diversos
2021-05-01,99.7790989192,ORURO,Bienes y servicios diversos
2021-06-01,99.7501750197,ORURO,Bienes y servicios diversos
2021-07-01,99.68596083,ORURO,Bienes y servicios diversos
2021-08-01,99.8390836398,ORURO,Bienes y servicios diversos
2021-09-01,99.7830651784,ORURO,Bienes y servicios diversos
2021-10-01,99.8019029619,ORURO,Bienes y servicios diversos
2021-11-01,99.4397621266,ORURO,Bienes y servicios diversos
2021-12-01,99.4632551976,ORURO,Bienes y servicios diversos
2022-01-01,99.4595601253,ORURO,Bienes y servicios diversos
2022-02-01,99.3705409319,ORURO,Bienes y servicios diversos
2022-03-01,99.363573251,ORURO,Bienes y servicios diversos
2022-04-01,99.3698999926,ORURO,Bienes y servicios diversos
2022-05-01,99.3420871873,ORURO,Bienes y servicios diversos
2022-06-01,99.71083171,ORURO,Bienes y servicios diversos
2022-07-01,99.8760851445,ORURO,Bienes y servicios diversos
2022-08-01,99.971173762,ORURO,Bienes y servicios diversos
2022-09-01,100.1924246827,ORURO,Bienes y servicios diversos
2022-10-01,100.1382322018,ORURO,Bienes y servicios diversos
2022-11-01,100.2379928,ORURO,Bienes y servicios diversos
2022-12-01,100.3454665205,ORURO,Bienes y servicios diversos
2023-01-01,100.3574017398,ORURO,Bienes y servicios diversos
2023-02-01,101.1638837581,ORURO,Bienes y servicios diversos
2023-03-01,101.4121086275,ORURO,Bienes y servicios diversos
2023-04-01,101.461774896,ORURO,Bienes y servicios diversos
2023-05-01,101.5904148978,ORURO,Bienes y servicios diversos
2023-06-01,102.0944326533,ORURO,Bienes y servicios diversos
2023-07-01,102.4259426,ORURO,Bienes y servicios diversos
2023-08-01,102.4607319396,ORURO,Bienes y servicios diversos
2023-09-01,102.6188251742,ORURO,Bienes y servicios diversos
2023-10-01,102.8158698594,ORURO,Bienes y servicios diversos
2023-11-01,103.2019265,ORURO,Bienes y servicios diversos
2023-12-01,103.6613200315,ORURO,Bienes y servicios diversos
2024-01-01,104.5894047202,ORURO,Bienes y servicios diversos
2024-02-01,104.788177,ORURO,Bienes y servicios diversos
2024-03-01,105.4187931992,ORURO,Bienes y servicios diversos
2024-04-01,106.6533586183,ORURO,Bienes y servicios diversos
2024-05-01,107.9329205898,ORURO,Bienes y servicios diversos
2024-06-01,109.0091064172,ORURO,Bienes y servicios diversos
2024-07-01,109.6412149372,ORURO,Bienes y servicios diversos
2024-08-01,111.4145810394,ORURO,Bienes y servicios diversos
2024-09-01,113.8972649918,ORURO,Bienes y servicios diversos
2024-10-01,114.7854520328,ORURO,Bienes y servicios diversos
2024-11-01,116.1289267014,ORURO,Bienes y servicios diversos
2024-12-01,116.3825617499,ORURO,Bienes y servicios diversos
2025-01-01,117.58966998,ORURO,Bienes y servicios diversos
2025-02-01,118.5888410168,ORURO,Bienes y servicios diversos
2025-03-01,119.2140412036,ORURO,Bienes y servicios diversos
2025-04-01,120.7016526529,ORURO,Bienes y servicios diversos
2025-05-01,125.1949153369,ORURO,Bienes y servicios diversos
2025-06-01,139.1474355052,ORURO,Bienes y servicios diversos
2025-07-01,153.3179092579,ORURO,Bienes y servicios diversos
2025-08-01,156.4788368615,ORURO,Bienes y servicios diversos
2025-09-01,157.449032056,ORURO,Bienes y servicios diversos
2025-10-01,158.3539337706,ORURO,Bienes y servicios diversos
2025-11-01,160.5296512171,ORURO,Bienes y servicios diversos
2025-12-01,159.6261367793,ORURO,Bienes y servicios diversos
2026-01-01,159.5194456657,ORURO,Bienes y servicios diversos
2026-02-01,159.4460408355,ORURO,Bienes y servicios diversos
2026-03-01,158.9390770405,ORURO,Bienes y servicios diversos
2026-04-01,156.9659412871,ORURO,Bienes y servicios diversos
2026-05-01,152.6782128901,ORURO,Bienes y servicios diversos
2026-06-01,151.8314355201,ORURO,Bienes y servicios diversos
2026-07-01,150.4988136517,ORURO,Bienes y servicios diversos
2018-01-01,98.9828290537,ORURO,Comunicaciones
2018-02-01,99.2708625591,ORURO,Comunicaciones
2018-03-01,99.708184526,ORURO,Comunicaciones
2018-04-01,99.2195723218,ORURO,Comunicaciones
2018-05-01,99.3168640789,ORURO,Comunicaciones
2018-06-01,99.8294101631,ORURO,Comunicaciones
2018-07-01,99.3840876957,ORURO,Comunicaciones
2018-08-01,99.2031539371,ORURO,Comunicaciones
2018-09-01,99.1253351384,ORURO,Comunicaciones
2018-10-01,98.7760579843,ORURO,Comunicaciones
2018-11-01,98.7049032098,ORURO,Comunicaciones
2018-12-01,98.2473504879,ORURO,Comunicaciones
2019-01-01,98.0783999649,ORURO,Comunicaciones
2019-02-01,98.4280627466,ORURO,Comunicaciones
2019-03-01,98.6196801539,ORURO,Comunicaciones
2019-04-01,98.9121893645,ORURO,Comunicaciones
2019-05-01,98.7155626534,ORURO,Comunicaciones
2019-06-01,98.8402250404,ORURO,Comunicaciones
2019-07-01,98.884986733,ORURO,Comunicaciones
2019-08-01,98.6681351837,ORURO,Comunicaciones
2019-09-01,98.3631642669,ORURO,Comunicaciones
2019-10-01,98.2347375423,ORURO,Comunicaciones
2019-11-01,97.8575129474,ORURO,Comunicaciones
2019-12-01,97.6744200993,ORURO,Comunicaciones
2020-01-01,97.6302152875,ORURO,Comunicaciones
2020-02-01,97.6014427985,ORURO,Comunicaciones
2020-03-01,97.7274631668,ORURO,Comunicaciones
2020-04-01,97.7274631687,ORURO,Comunicaciones
2020-05-01,97.7274631687,ORURO,Comunicaciones
2020-06-01,97.7274631687,ORURO,Comunicaciones
2020-07-01,97.7274631687,ORURO,Comunicaciones
2020-08-01,97.18156752,ORURO,Comunicaciones
2020-09-01,96.559325322,ORURO,Comunicaciones
2020-10-01,96.2115915587,ORURO,Comunicaciones
2020-11-01,95.9286179773,ORURO,Comunicaciones
2020-12-01,96.2662345525,ORURO,Comunicaciones
2021-01-01,96.239437736,ORURO,Comunicaciones
2021-02-01,95.99848681,ORURO,Comunicaciones
2021-03-01,95.7847593533,ORURO,Comunicaciones
2021-04-01,95.6314864959,ORURO,Comunicaciones
2021-05-01,95.4227589479,ORURO,Comunicaciones
2021-06-01,95.2141284705,ORURO,Comunicaciones
2021-07-01,95.19176204,ORURO,Comunicaciones
2021-08-01,95.199397699,ORURO,Comunicaciones
2021-09-01,95.1993977009,ORURO,Comunicaciones
2021-10-01,95.5855868727,ORURO,Comunicaciones
2021-11-01,95.4198493802,ORURO,Comunicaciones
2021-12-01,95.3636584477,ORURO,Comunicaciones
2022-01-01,95.1885632551,ORURO,Comunicaciones
2022-02-01,95.4182727858,ORURO,Comunicaciones
2022-03-01,95.308475582,ORURO,Comunicaciones
2022-04-01,95.4126035148,ORURO,Comunicaciones
2022-05-01,95.1921716417,ORURO,Comunicaciones
2022-06-01,95.135511891,ORURO,Comunicaciones
2022-07-01,94.6797024289,ORURO,Comunicaciones
2022-08-01,94.3692450727,ORURO,Comunicaciones
2022-09-01,94.0839779615,ORURO,Comunicaciones
2022-10-01,93.9511918706,ORURO,Comunicaciones
2022-11-01,93.88932016,ORURO,Comunicaciones
2022-12-01,94.122636229,ORURO,Comunicaciones
2023-01-01,93.9554815541,ORURO,Comunicaciones
2023-02-01,93.8933019928,ORURO,Comunicaciones
2023-03-01,94.0928780059,ORURO,Comunicaciones
2023-04-01,93.8079111005,ORURO,Comunicaciones
2023-05-01,93.8210049612,ORURO,Comunicaciones
2023-06-01,93.8904275562,ORURO,Comunicaciones
2023-07-01,93.91045018,ORURO,Comunicaciones
2023-08-01,93.6655181455,ORURO,Comunicaciones
2023-09-01,93.5215172308,ORURO,Comunicaciones
2023-10-01,93.5203395716,ORURO,Comunicaciones
2023-11-01,93.41439596,ORURO,Comunicaciones
2023-12-01,93.9825184754,ORURO,Comunicaciones
2024-01-01,94.1155686932,ORURO,Comunicaciones
2024-02-01,94.15237032,ORURO,Comunicaciones
2024-03-01,94.6104042729,ORURO,Comunicaciones
2024-04-01,94.6329883537,ORURO,Comunicaciones
2024-05-01,94.6485775847,ORURO,Comunicaciones
2024-06-01,94.6747705478,ORURO,Comunicaciones
2024-07-01,95.4216699253,ORURO,Comunicaciones
2024-08-01,96.0570588658,ORURO,Comunicaciones
2024-09-01,96.1850207956,ORURO,Comunicaciones
2024-10-01,96.1850207956,ORURO,Comunicaciones
2024-11-01,96.3425414037,ORURO,Comunicaciones
2024-12-01,96.4381642116,ORURO,Comunicaciones
2025-01-01,96.4381642135,ORURO,Comunicaciones
2025-02-01,96.8852188279,ORURO,Comunicaciones
2025-03-01,97.0418610387,ORURO,Comunicaciones
2025-04-01,97.2509962722,ORURO,Comunicaciones
2025-05-01,97.9195901163,ORURO,Comunicaciones
2025-06-01,98.1296744824,ORURO,Comunicaciones
2025-07-01,98.2661701548,ORURO,Comunicaciones
2025-08-01,98.1644332436,ORURO,Comunicaciones
2025-09-01,98.214071796,ORURO,Comunicaciones
2025-10-01,97.214317306,ORURO,Comunicaciones
2025-11-01,96.1985231351,ORURO,Comunicaciones
2025-12-01,95.2783733706,ORURO,Comunicaciones
2026-01-01,94.6934828417,ORURO,Comunicaciones
2026-02-01,94.6839360386,ORURO,Comunicaciones
2026-03-01,94.7018984396,ORURO,Comunicaciones
2026-04-01,95.4065107545,ORURO,Comunicaciones
2026-05-01,96.4880302628,ORURO,Comunicaciones
2026-06-01,96.3575822793,ORURO,Comunicaciones
2026-07-01,97.085550645,ORURO,Comunicaciones
2018-01-01,104.3364665309,ORURO,Educación
2018-02-01,104.4579764481,ORURO,Educación
2018-03-01,104.3961631337,ORURO,Educación
2018-04-01,105.2464981851,ORURO,Educación
2018-05-01,105.7786696165,ORURO,Educación
2018-06-01,105.7786696194,ORURO,Educación
2018-07-01,105.7786696194,ORURO,Educación
2018-08-01,105.7786696194,ORURO,Educación
2018-09-01,105.7786696194,ORURO,Educación
2018-10-01,105.7786696194,ORURO,Educación
2018-11-01,105.7786696194,ORURO,Educación
2018-12-01,105.7786696194,ORURO,Educación
2019-01-01,107.8224240669,ORURO,Educación
2019-02-01,108.2977865701,ORURO,Educación
2019-03-01,108.2977865672,ORURO,Educación
2019-04-01,108.2977865672,ORURO,Educación
2019-05-01,108.2977865672,ORURO,Educación
2019-06-01,108.2977865672,ORURO,Educación
2019-07-01,108.2977865672,ORURO,Educación
2019-08-01,108.2977865672,ORURO,Educación
2019-09-01,108.2977865672,ORURO,Educación
2019-10-01,108.2977865672,ORURO,Educación
2019-11-01,108.2977865672,ORURO,Educación
2019-12-01,108.2977865672,ORURO,Educación
2020-01-01,109.8551205417,ORURO,Educación
2020-02-01,109.867047448,ORURO,Educación
2020-03-01,110.0202664513,ORURO,Educación
2020-04-01,110.0202664513,ORURO,Educación
2020-05-01,110.0202664513,ORURO,Educación
2020-06-01,110.0202664513,ORURO,Educación
2020-07-01,110.0202664513,ORURO,Educación
2020-08-01,110.5829186714,ORURO,Educación
2020-09-01,110.5829186714,ORURO,Educación
2020-10-01,110.5829186714,ORURO,Educación
2020-11-01,110.5829186714,ORURO,Educación
2020-12-01,110.5829186714,ORURO,Educación
2021-01-01,114.1350140753,ORURO,Educación
2021-02-01,113.4791533067,ORURO,Educación
2021-03-01,108.3148367377,ORURO,Educación
2021-04-01,107.1275601712,ORURO,Educación
2021-05-01,107.1891162229,ORURO,Educación
2021-06-01,107.1891162229,ORURO,Educación
2021-07-01,107.1891162,ORURO,Educación
2021-08-01,107.1891162229,ORURO,Educación
2021-09-01,107.1891192419,ORURO,Educación
2021-10-01,107.1891192419,ORURO,Educación
2021-11-01,107.1891192419,ORURO,Educación
2021-12-01,107.1891192419,ORURO,Educación
2022-01-01,117.1261712343,ORURO,Educación
2022-02-01,112.9345565637,ORURO,Educación
2022-03-01,113.6170401412,ORURO,Educación
2022-04-01,113.6170401412,ORURO,Educación
2022-05-01,113.6170401412,ORURO,Educación
2022-06-01,113.6170401412,ORURO,Educación
2022-07-01,113.6170401412,ORURO,Educación
2022-08-01,113.6170401412,ORURO,Educación
2022-09-01,113.6170401412,ORURO,Educación
2022-10-01,113.6170401412,ORURO,Educación
2022-11-01,113.6170401,ORURO,Educación
2022-12-01,113.6170401412,ORURO,Educación
2023-01-01,114.2474682561,ORURO,Educación
2023-02-01,115.036116426,ORURO,Educación
2023-03-01,115.7056655735,ORURO,Educación
2023-04-01,115.7056655735,ORURO,Educación
2023-05-01,115.7056655735,ORURO,Educación
2023-06-01,115.7056655735,ORURO,Educación
2023-07-01,115.7056656,ORURO,Educación
2023-08-01,115.7055222709,ORURO,Educación
2023-09-01,115.7055222709,ORURO,Educación
2023-10-01,115.7055222709,ORURO,Educación
2023-11-01,115.7055223,ORURO,Educación
2023-12-01,115.7055222709,ORURO,Educación
2024-01-01,118.2899825035,ORURO,Educación
2024-02-01,119.6386647,ORURO,Educación
2024-03-01,119.6386646938,ORURO,Educación
2024-04-01,119.6386646938,ORURO,Educación
2024-05-01,119.6386646938,ORURO,Educación
2024-06-01,119.6386646938,ORURO,Educación
2024-07-01,119.6386646938,ORURO,Educación
2024-08-01,119.6386646938,ORURO,Educación
2024-09-01,119.7677726133,ORURO,Educación
2024-10-01,119.7677726133,ORURO,Educación
2024-11-01,119.7677726133,ORURO,Educación
2024-12-01,119.7677726133,ORURO,Educación
2025-01-01,121.1033778901,ORURO,Educación
2025-02-01,121.1033778901,ORURO,Educación
2025-03-01,121.1033778901,ORURO,Educación
2025-04-01,121.1033778901,ORURO,Educación
2025-05-01,121.1033778901,ORURO,Educación
2025-06-01,121.1033778901,ORURO,Educación
2025-07-01,123.2560232688,ORURO,Educación
2025-08-01,123.90505822,ORURO,Educación
2025-09-01,124.1289717795,ORURO,Educación
2025-10-01,125.5833491519,ORURO,Educación
2025-11-01,125.5833491519,ORURO,Educación
2025-12-01,125.5833491519,ORURO,Educación
2026-01-01,130.1328716028,ORURO,Educación
2026-02-01,130.1328716057,ORURO,Educación
2026-03-01,130.1328716057,ORURO,Educación
2026-04-01,130.170235218,ORURO,Educación
2026-05-01,130.2313685289,ORURO,Educación
2026-06-01,130.2313685289,ORURO,Educación
2026-07-01,133.1397264193,ORURO,Educación
2018-01-01,102.9475214885,ORURO,"Muebles, bienes y servicios domésticos"
2018-02-01,102.9578109015,ORURO,"Muebles, bienes y servicios domésticos"
2018-03-01,104.0424207414,ORURO,"Muebles, bienes y servicios domésticos"
2018-04-01,102.7427983787,ORURO,"Muebles, bienes y servicios domésticos"
2018-05-01,101.853990338,ORURO,"Muebles, bienes y servicios domésticos"
2018-06-01,102.090641782,ORURO,"Muebles, bienes y servicios domésticos"
2018-07-01,102.515351865,ORURO,"Muebles, bienes y servicios domésticos"
2018-08-01,102.1112318648,ORURO,"Muebles, bienes y servicios domésticos"
2018-09-01,102.7833835585,ORURO,"Muebles, bienes y servicios domésticos"
2018-10-01,102.4317357158,ORURO,"Muebles, bienes y servicios domésticos"
2018-11-01,102.8073074868,ORURO,"Muebles, bienes y servicios domésticos"
2018-12-01,103.078154292,ORURO,"Muebles, bienes y servicios domésticos"
2019-01-01,102.9398426066,ORURO,"Muebles, bienes y servicios domésticos"
2019-02-01,102.641774073,ORURO,"Muebles, bienes y servicios domésticos"
2019-03-01,102.7729396284,ORURO,"Muebles, bienes y servicios domésticos"
2019-04-01,102.9880783191,ORURO,"Muebles, bienes y servicios domésticos"
2019-05-01,102.7847204495,ORURO,"Muebles, bienes y servicios domésticos"
2019-06-01,102.7319278428,ORURO,"Muebles, bienes y servicios domésticos"
2019-07-01,102.6175397699,ORURO,"Muebles, bienes y servicios domésticos"
2019-08-01,102.9442635923,ORURO,"Muebles, bienes y servicios domésticos"
2019-09-01,102.6976655069,ORURO,"Muebles, bienes y servicios domésticos"
2019-10-01,102.5797255642,ORURO,"Muebles, bienes y servicios domésticos"
2019-11-01,102.5365206279,ORURO,"Muebles, bienes y servicios domésticos"
2019-12-01,102.6174308858,ORURO,"Muebles, bienes y servicios domésticos"
2020-01-01,102.5526642197,ORURO,"Muebles, bienes y servicios domésticos"
2020-02-01,102.5407861234,ORURO,"Muebles, bienes y servicios domésticos"
2020-03-01,102.5813116002,ORURO,"Muebles, bienes y servicios domésticos"
2020-04-01,102.6789770364,ORURO,"Muebles, bienes y servicios domésticos"
2020-05-01,103.513087926,ORURO,"Muebles, bienes y servicios domésticos"
2020-06-01,103.5136666915,ORURO,"Muebles, bienes y servicios domésticos"
2020-07-01,103.1862501811,ORURO,"Muebles, bienes y servicios domésticos"
2020-08-01,102.167999676,ORURO,"Muebles, bienes y servicios domésticos"
2020-09-01,101.8311426813,ORURO,"Muebles, bienes y servicios domésticos"
2020-10-01,102.1146334742,ORURO,"Muebles, bienes y servicios domésticos"
2020-11-01,101.8851028802,ORURO,"Muebles, bienes y servicios domésticos"
2020-12-01,101.6107798232,ORURO,"Muebles, bienes y servicios domésticos"
2021-01-01,101.6743638259,ORURO,"Muebles, bienes y servicios domésticos"
2021-02-01,101.6748907888,ORURO,"Muebles, bienes y servicios domésticos"
2021-03-01,101.5456009861,ORURO,"Muebles, bienes y servicios domésticos"
2021-04-01,101.0944616118,ORURO,"Muebles, bienes y servicios domésticos"
2021-05-01,101.1419679363,ORURO,"Muebles, bienes y servicios domésticos"
2021-06-01,101.2861467706,ORURO,"Muebles, bienes y servicios domésticos"
2021-07-01,101.2529648,ORURO,"Muebles, bienes y servicios domésticos"
2021-08-01,101.1804281332,ORURO,"Muebles, bienes y servicios domésticos"
2021-09-01,101.5663580877,ORURO,"Muebles, bienes y servicios domésticos"
2021-10-01,101.5119672772,ORURO,"Muebles, bienes y servicios domésticos"
2021-11-01,101.542976569,ORURO,"Muebles, bienes y servicios domésticos"
2021-12-01,101.5803266588,ORURO,"Muebles, bienes y servicios domésticos"
2022-01-01,101.4998375981,ORURO,"Muebles, bienes y servicios domésticos"
2022-02-01,101.5611648446,ORURO,"Muebles, bienes y servicios domésticos"
2022-03-01,102.5123161853,ORURO,"Muebles, bienes y servicios domésticos"
2022-04-01,103.3025731222,ORURO,"Muebles, bienes y servicios domésticos"
2022-05-01,104.3820478072,ORURO,"Muebles, bienes y servicios domésticos"
2022-06-01,104.8694796733,ORURO,"Muebles, bienes y servicios domésticos"
2022-07-01,104.7279786474,ORURO,"Muebles, bienes y servicios domésticos"
2022-08-01,105.2145919812,ORURO,"Muebles, bienes y servicios domésticos"
2022-09-01,105.284963544,ORURO,"Muebles, bienes y servicios domésticos"
2022-10-01,105.3329468664,ORURO,"Muebles, bienes y servicios domésticos"
2022-11-01,105.4985002,ORURO,"Muebles, bienes y servicios domésticos"
2022-12-01,105.9318350334,ORURO,"Muebles, bienes y servicios domésticos"
2023-01-01,105.9534423679,ORURO,"Muebles, bienes y servicios domésticos"
2023-02-01,106.153161568,ORURO,"Muebles, bienes y servicios domésticos"
2023-03-01,106.2713226739,ORURO,"Muebles, bienes y servicios domésticos"
2023-04-01,106.2099638124,ORURO,"Muebles, bienes y servicios domésticos"
2023-05-01,106.519940973,ORURO,"Muebles, bienes y servicios domésticos"
2023-06-01,106.5482382974,ORURO,"Muebles, bienes y servicios domésticos"
2023-07-01,106.9588662,ORURO,"Muebles, bienes y servicios domésticos"
2023-08-01,106.9274750998,ORURO,"Muebles, bienes y servicios domésticos"
2023-09-01,107.1363399025,ORURO,"Muebles, bienes y servicios domésticos"
2023-10-01,107.2344890803,ORURO,"Muebles, bienes y servicios domésticos"
2023-11-01,107.2767349,ORURO,"Muebles, bienes y servicios domésticos"
2023-12-01,107.234428896,ORURO,"Muebles, bienes y servicios domésticos"
2024-01-01,107.8808636769,ORURO,"Muebles, bienes y servicios domésticos"
2024-02-01,108.453075,ORURO,"Muebles, bienes y servicios domésticos"
2024-03-01,108.3529605568,ORURO,"Muebles, bienes y servicios domésticos"
2024-04-01,108.490079388,ORURO,"Muebles, bienes y servicios domésticos"
2024-05-01,109.2227156103,ORURO,"Muebles, bienes y servicios domésticos"
2024-06-01,110.2351767558,ORURO,"Muebles, bienes y servicios domésticos"
2024-07-01,111.2084974068,ORURO,"Muebles, bienes y servicios domésticos"
2024-08-01,116.1447253873,ORURO,"Muebles, bienes y servicios domésticos"
2024-09-01,122.5586296528,ORURO,"Muebles, bienes y servicios domésticos"
2024-10-01,125.8124986544,ORURO,"Muebles, bienes y servicios domésticos"
2024-11-01,126.8540412778,ORURO,"Muebles, bienes y servicios domésticos"
2024-12-01,127.6543369972,ORURO,"Muebles, bienes y servicios domésticos"
2025-01-01,128.0435230728,ORURO,"Muebles, bienes y servicios domésticos"
2025-02-01,129.0575449638,ORURO,"Muebles, bienes y servicios domésticos"
2025-03-01,129.3659450266,ORURO,"Muebles, bienes y servicios domésticos"
2025-04-01,130.7033621425,ORURO,"Muebles, bienes y servicios domésticos"
2025-05-01,133.7656712398,ORURO,"Muebles, bienes y servicios domésticos"
2025-06-01,146.8356390923,ORURO,"Muebles, bienes y servicios domésticos"
2025-07-01,161.839110125,ORURO,"Muebles, bienes y servicios domésticos"
2025-08-01,165.2477920631,ORURO,"Muebles, bienes y servicios domésticos"
2025-09-01,165.0759867409,ORURO,"Muebles, bienes y servicios domésticos"
2025-10-01,165.4827464546,ORURO,"Muebles, bienes y servicios domésticos"
2025-11-01,165.2717350608,ORURO,"Muebles, bienes y servicios domésticos"
2025-12-01,165.2656456488,ORURO,"Muebles, bienes y servicios domésticos"
2026-01-01,163.7026648986,ORURO,"Muebles, bienes y servicios domésticos"
2026-02-01,163.4296915214,ORURO,"Muebles, bienes y servicios domésticos"
2026-03-01,161.8574989987,ORURO,"Muebles, bienes y servicios domésticos"
2026-04-01,161.5543421312,ORURO,"Muebles, bienes y servicios domésticos"
2026-05-01,158.9807716639,ORURO,"Muebles, bienes y servicios domésticos"
2026-06-01,159.3468724896,ORURO,"Muebles, bienes y servicios domésticos"
2026-07-01,159.1467174428,ORURO,"Muebles, bienes y servicios domésticos"
2018-01-01,97.8634175282,ORURO,Prendas de vestir y calzado
2018-02-01,98.0855627337,ORURO,Prendas de vestir y calzado
2018-03-01,97.3618697515,ORURO,Prendas de vestir y calzado
2018-04-01,98.8964649045,ORURO,Prendas de vestir y calzado
2018-05-01,98.2619029707,ORURO,Prendas de vestir y calzado
2018-06-01,98.5028272977,ORURO,Prendas de vestir y calzado
2018-07-01,98.5294430538,ORURO,Prendas de vestir y calzado
2018-08-01,98.5645759875,ORURO,Prendas de vestir y calzado
2018-09-01,98.3052950934,ORURO,Prendas de vestir y calzado
2018-10-01,98.1688503764,ORURO,Prendas de vestir y calzado
2018-11-01,98.1484930731,ORURO,Prendas de vestir y calzado
2018-12-01,98.3417059435,ORURO,Prendas de vestir y calzado
2019-01-01,98.3239257035,ORURO,Prendas de vestir y calzado
2019-02-01,98.2960596607,ORURO,Prendas de vestir y calzado
2019-03-01,98.1668051468,ORURO,Prendas de vestir y calzado
2019-04-01,98.1804982389,ORURO,Prendas de vestir y calzado
2019-05-01,98.3655991199,ORURO,Prendas de vestir y calzado
2019-06-01,98.6277433977,ORURO,Prendas de vestir y calzado
2019-07-01,98.5206644143,ORURO,Prendas de vestir y calzado
2019-08-01,98.4531908792,ORURO,Prendas de vestir y calzado
2019-09-01,98.3907283137,ORURO,Prendas de vestir y calzado
2019-10-01,98.4378159828,ORURO,Prendas de vestir y calzado
2019-11-01,98.3696004533,ORURO,Prendas de vestir y calzado
2019-12-01,98.6409141988,ORURO,Prendas de vestir y calzado
2020-01-01,98.731776357,ORURO,Prendas de vestir y calzado
2020-02-01,98.657779815,ORURO,Prendas de vestir y calzado
2020-03-01,98.5153651528,ORURO,Prendas de vestir y calzado
2020-04-01,98.5661253718,ORURO,Prendas de vestir y calzado
2020-05-01,98.9137392678,ORURO,Prendas de vestir y calzado
2020-06-01,97.9296452176,ORURO,Prendas de vestir y calzado
2020-07-01,98.2738875207,ORURO,Prendas de vestir y calzado
2020-08-01,98.3816800184,ORURO,Prendas de vestir y calzado
2020-09-01,98.0253469041,ORURO,Prendas de vestir y calzado
2020-10-01,98.2471510438,ORURO,Prendas de vestir y calzado
2020-11-01,98.1874794502,ORURO,Prendas de vestir y calzado
2020-12-01,98.1501466081,ORURO,Prendas de vestir y calzado
2021-01-01,97.8241103828,ORURO,Prendas de vestir y calzado
2021-02-01,97.3761906597,ORURO,Prendas de vestir y calzado
2021-03-01,97.2933825168,ORURO,Prendas de vestir y calzado
2021-04-01,97.3038744175,ORURO,Prendas de vestir y calzado
2021-05-01,97.278771025,ORURO,Prendas de vestir y calzado
2021-06-01,97.2308561596,ORURO,Prendas de vestir y calzado
2021-07-01,97.22190591,ORURO,Prendas de vestir y calzado
2021-08-01,97.2128884989,ORURO,Prendas de vestir y calzado
2021-09-01,97.1611446247,ORURO,Prendas de vestir y calzado
2021-10-01,97.1396669522,ORURO,Prendas de vestir y calzado
2021-11-01,97.204940251,ORURO,Prendas de vestir y calzado
2021-12-01,97.1872713448,ORURO,Prendas de vestir y calzado
2022-01-01,97.2083325256,ORURO,Prendas de vestir y calzado
2022-02-01,97.6845967552,ORURO,Prendas de vestir y calzado
2022-03-01,97.7778059015,ORURO,Prendas de vestir y calzado
2022-04-01,98.1035818132,ORURO,Prendas de vestir y calzado
2022-05-01,98.2263821923,ORURO,Prendas de vestir y calzado
2022-06-01,98.4537327786,ORURO,Prendas de vestir y calzado
2022-07-01,98.5209213156,ORURO,Prendas de vestir y calzado
2022-08-01,98.5520860815,ORURO,Prendas de vestir y calzado
2022-09-01,98.6987543831,ORURO,Prendas de vestir y calzado
2022-10-01,99.1440407342,ORURO,Prendas de vestir y calzado
2022-11-01,99.15092395,ORURO,Prendas de vestir y calzado
2022-12-01,99.1853535287,ORURO,Prendas de vestir y calzado
2023-01-01,99.3862252872,ORURO,Prendas de vestir y calzado
2023-02-01,100.0527373504,ORURO,Prendas de vestir y calzado
2023-03-01,99.9546509291,ORURO,Prendas de vestir y calzado
2023-04-01,100.0919454814,ORURO,Prendas de vestir y calzado
2023-05-01,100.5283791886,ORURO,Prendas de vestir y calzado
2023-06-01,100.416402777,ORURO,Prendas de vestir y calzado
2023-07-01,100.3110299,ORURO,Prendas de vestir y calzado
2023-08-01,100.5385666932,ORURO,Prendas de vestir y calzado
2023-09-01,100.575145718,ORURO,Prendas de vestir y calzado
2023-10-01,100.5603413885,ORURO,Prendas de vestir y calzado
2023-11-01,100.9253328,ORURO,Prendas de vestir y calzado
2023-12-01,101.283219,ORURO,Prendas de vestir y calzado
2024-01-01,100.9661412218,ORURO,Prendas de vestir y calzado
2024-02-01,101.4361537,ORURO,Prendas de vestir y calzado
2024-03-01,101.5512876385,ORURO,Prendas de vestir y calzado
2024-04-01,101.4969439355,ORURO,Prendas de vestir y calzado
2024-05-01,101.6457736166,ORURO,Prendas de vestir y calzado
2024-06-01,102.1567476883,ORURO,Prendas de vestir y calzado
2024-07-01,102.8367564865,ORURO,Prendas de vestir y calzado
2024-08-01,104.3418176815,ORURO,Prendas de vestir y calzado
2024-09-01,105.5340731363,ORURO,Prendas de vestir y calzado
2024-10-01,105.8603771185,ORURO,Prendas de vestir y calzado
2024-11-01,106.4891087126,ORURO,Prendas de vestir y calzado
2024-12-01,107.0094149101,ORURO,Prendas de vestir y calzado
2025-01-01,107.4383860661,ORURO,Prendas de vestir y calzado
2025-02-01,107.6661776705,ORURO,Prendas de vestir y calzado
2025-03-01,107.9258419533,ORURO,Prendas de vestir y calzado
2025-04-01,109.2312443035,ORURO,Prendas de vestir y calzado
2025-05-01,110.8304460019,ORURO,Prendas de vestir y calzado
2025-06-01,120.239744999,ORURO,Prendas de vestir y calzado
2025-07-01,131.3282410954,ORURO,Prendas de vestir y calzado
2025-08-01,134.2151332667,ORURO,Prendas de vestir y calzado
2025-09-01,134.8625401787,ORURO,Prendas de vestir y calzado
2025-10-01,135.9485045097,ORURO,Prendas de vestir y calzado
2025-11-01,136.7482414687,ORURO,Prendas de vestir y calzado
2025-12-01,137.859232697,ORURO,Prendas de vestir y calzado
2026-01-01,137.8450097887,ORURO,Prendas de vestir y calzado
2026-02-01,137.5849310853,ORURO,Prendas de vestir y calzado
2026-03-01,137.8986572018,ORURO,Prendas de vestir y calzado
2026-04-01,137.5096502617,ORURO,Prendas de vestir y calzado
2026-05-01,138.6453626373,ORURO,Prendas de vestir y calzado
2026-06-01,139.1937911383,ORURO,Prendas de vestir y calzado
2026-07-01,140.556312572,ORURO,Prendas de vestir y calzado
2018-01-01,96.2279925208,ORURO,Recreación y cultura
2018-02-01,96.5182855819,ORURO,Recreación y cultura
2018-03-01,95.7219700637,ORURO,Recreación y cultura
2018-04-01,97.1668961698,ORURO,Recreación y cultura
2018-05-01,96.4425944665,ORURO,Recreación y cultura
2018-06-01,96.53430649,ORURO,Recreación y cultura
2018-07-01,97.202918396,ORURO,Recreación y cultura
2018-08-01,96.6604022043,ORURO,Recreación y cultura
2018-09-01,96.6584030807,ORURO,Recreación y cultura
2018-10-01,96.6127958161,ORURO,Recreación y cultura
2018-11-01,96.6022661586,ORURO,Recreación y cultura
2018-12-01,96.6349200838,ORURO,Recreación y cultura
2019-01-01,96.676113697,ORURO,Recreación y cultura
2019-02-01,97.2560468304,ORURO,Recreación y cultura
2019-03-01,97.2359604754,ORURO,Recreación y cultura
2019-04-01,97.2767515243,ORURO,Recreación y cultura
2019-05-01,97.1544334178,ORURO,Recreación y cultura
2019-06-01,97.2080433264,ORURO,Recreación y cultura
2019-07-01,97.1870605568,ORURO,Recreación y cultura
2019-08-01,97.1030963117,ORURO,Recreación y cultura
2019-09-01,97.0878295287,ORURO,Recreación y cultura
2019-10-01,97.0884528876,ORURO,Recreación y cultura
2019-11-01,97.063079177,ORURO,Recreación y cultura
2019-12-01,97.0273438425,ORURO,Recreación y cultura
2020-01-01,97.066840771,ORURO,Recreación y cultura
2020-02-01,97.4403979072,ORURO,Recreación y cultura
2020-03-01,97.3283681217,ORURO,Recreación y cultura
2020-04-01,97.3283681217,ORURO,Recreación y cultura
2020-05-01,97.2970899502,ORURO,Recreación y cultura
2020-06-01,97.4836375026,ORURO,Recreación y cultura
2020-07-01,98.1347148256,ORURO,Recreación y cultura
2020-08-01,97.8514792786,ORURO,Recreación y cultura
2020-09-01,98.051069522,ORURO,Recreación y cultura
2020-10-01,98.1372382898,ORURO,Recreación y cultura
2020-11-01,98.0032978711,ORURO,Recreación y cultura
2020-12-01,97.8091073094,ORURO,Recreación y cultura
2021-01-01,98.1766251508,ORURO,Recreación y cultura
2021-02-01,98.2217860403,ORURO,Recreación y cultura
2021-03-01,98.1569712479,ORURO,Recreación y cultura
2021-04-01,97.8773024262,ORURO,Recreación y cultura
2021-05-01,97.9936286056,ORURO,Recreación y cultura
2021-06-01,97.9492983072,ORURO,Recreación y cultura
2021-07-01,97.945729,ORURO,Recreación y cultura
2021-08-01,97.8624716444,ORURO,Recreación y cultura
2021-09-01,97.7188001856,ORURO,Recreación y cultura
2021-10-01,97.7765090428,ORURO,Recreación y cultura
2021-11-01,97.7207801148,ORURO,Recreación y cultura
2021-12-01,97.6941956332,ORURO,Recreación y cultura
2022-01-01,97.3675277446,ORURO,Recreación y cultura
2022-02-01,97.3984742427,ORURO,Recreación y cultura
2022-03-01,97.226871549,ORURO,Recreación y cultura
2022-04-01,97.4040443446,ORURO,Recreación y cultura
2022-05-01,97.2629038579,ORURO,Recreación y cultura
2022-06-01,97.1618710501,ORURO,Recreación y cultura
2022-07-01,96.9990351513,ORURO,Recreación y cultura
2022-08-01,96.3141567193,ORURO,Recreación y cultura
2022-09-01,96.33444671,ORURO,Recreación y cultura
2022-10-01,96.1683631349,ORURO,Recreación y cultura
2022-11-01,96.21899668,ORURO,Recreación y cultura
2022-12-01,96.1589470664,ORURO,Recreación y cultura
2023-01-01,96.086518545,ORURO,Recreación y cultura
2023-02-01,95.4411539015,ORURO,Recreación y cultura
2023-03-01,95.9286040787,ORURO,Recreación y cultura
2023-04-01,95.4883144303,ORURO,Recreación y cultura
2023-05-01,95.5756891231,ORURO,Recreación y cultura
2023-06-01,95.4784837993,ORURO,Recreación y cultura
2023-07-01,95.37097301,ORURO,Recreación y cultura
2023-08-01,95.3150602085,ORURO,Recreación y cultura
2023-09-01,95.9211184381,ORURO,Recreación y cultura
2023-10-01,96.1164104783,ORURO,Recreación y cultura
2023-11-01,95.87864467,ORURO,Recreación y cultura
2023-12-01,95.7714343915,ORURO,Recreación y cultura
2024-01-01,95.595921513,ORURO,Recreación y cultura
2024-02-01,95.6649194,ORURO,Recreación y cultura
2024-03-01,95.9404032608,ORURO,Recreación y cultura
2024-04-01,96.3154318319,ORURO,Recreación y cultura
2024-05-01,96.5992758628,ORURO,Recreación y cultura
2024-06-01,96.8971824567,ORURO,Recreación y cultura
2024-07-01,96.8825452752,ORURO,Recreación y cultura
2024-08-01,98.4721731667,ORURO,Recreación y cultura
2024-09-01,99.1644848483,ORURO,Recreación y cultura
2024-10-01,99.2125510696,ORURO,Recreación y cultura
2024-11-01,99.1508388453,ORURO,Recreación y cultura
2024-12-01,99.2139198214,ORURO,Recreación y cultura
2025-01-01,99.3495912807,ORURO,Recreación y cultura
2025-02-01,100.8354754744,ORURO,Recreación y cultura
2025-03-01,101.6481605811,ORURO,Recreación y cultura
2025-04-01,101.794047702,ORURO,Recreación y cultura
2025-05-01,104.8169853264,ORURO,Recreación y cultura
2025-06-01,116.5436123002,ORURO,Recreación y cultura
2025-07-01,114.1856286419,ORURO,Recreación y cultura
2025-08-01,116.7570032598,ORURO,Recreación y cultura
2025-09-01,117.3785891799,ORURO,Recreación y cultura
2025-10-01,116.6257169149,ORURO,Recreación y cultura
2025-11-01,115.8769011037,ORURO,Recreación y cultura
2025-12-01,115.5029207567,ORURO,Recreación y cultura
2026-01-01,114.5162727238,ORURO,Recreación y cultura
2026-02-01,115.1847466706,ORURO,Recreación y cultura
2026-03-01,114.9705717488,ORURO,Recreación y cultura
2026-04-01,115.5929487182,ORURO,Recreación y cultura
2026-05-01,115.6648822553,ORURO,Recreación y cultura
2026-06-01,115.8533121816,ORURO,Recreación y cultura
2026-07-01,116.6687795722,ORURO,Recreación y cultura
2018-01-01,100.5879492209,ORURO,Salud
2018-02-01,100.4408872389,ORURO,Salud
2018-03-01,100.3208075391,ORURO,Salud
2018-04-01,100.4996007598,ORURO,Salud
2018-05-01,100.4509150128,ORURO,Salud
2018-06-01,101.3568914274,ORURO,Salud
2018-07-01,100.4619748253,ORURO,Salud
2018-08-01,100.3890048019,ORURO,Salud
2018-09-01,100.86250085020001,ORURO,Salud
2018-10-01,100.8380429708,ORURO,Salud
2018-11-01,100.8371723392,ORURO,Salud
2018-12-01,100.8562058581,ORURO,Salud
2019-01-01,101.0814211448,ORURO,Salud
2019-02-01,101.081421175,ORURO,Salud
2019-03-01,101.1200578831,ORURO,Salud
2019-04-01,101.2358023077,ORURO,Salud
2019-05-01,100.996556802,ORURO,Salud
2019-06-01,101.1835554673,ORURO,Salud
2019-07-01,101.6833995936,ORURO,Salud
2019-08-01,101.7994481468,ORURO,Salud
2019-09-01,101.7150447647,ORURO,Salud
2019-10-01,101.908382729,ORURO,Salud
2019-11-01,101.8996042517,ORURO,Salud
2019-12-01,101.8920389028,ORURO,Salud
2020-01-01,102.4431811813,ORURO,Salud
2020-02-01,102.4729017624,ORURO,Salud
2020-03-01,102.6402186208,ORURO,Salud
2020-04-01,102.6204667178,ORURO,Salud
2020-05-01,103.1319930981,ORURO,Salud
2020-06-01,103.2545848233,ORURO,Salud
2020-07-01,103.5221080218,ORURO,Salud
2020-08-01,108.2054429105,ORURO,Salud
2020-09-01,108.728677707,ORURO,Salud
2020-10-01,109.015382977,ORURO,Salud
2020-11-01,109.1155664465,ORURO,Salud
2020-12-01,109.1186216242,ORURO,Salud
2021-01-01,109.7728296186,ORURO,Salud
2021-02-01,110.0987195184,ORURO,Salud
2021-03-01,110.2143662873,ORURO,Salud
2021-04-01,110.2101547226,ORURO,Salud
2021-05-01,110.7031173417,ORURO,Salud
2021-06-01,110.7031173417,ORURO,Salud
2021-07-01,110.7031173,ORURO,Salud
2021-08-01,110.7031173417,ORURO,Salud
2021-09-01,110.8635182712,ORURO,Salud
2021-10-01,110.7426777044,ORURO,Salud
2021-11-01,110.7449506927,ORURO,Salud
2021-12-01,110.7449506927,ORURO,Salud
2022-01-01,110.7449506927,ORURO,Salud
2022-02-01,110.7449506927,ORURO,Salud
2022-03-01,110.7612617364,ORURO,Salud
2022-04-01,110.8179014766,ORURO,Salud
2022-05-01,110.8242926666,ORURO,Salud
2022-06-01,110.8597095119,ORURO,Salud
2022-07-01,110.719303412,ORURO,Salud
2022-08-01,110.719303412,ORURO,Salud
2022-09-01,110.7931223082,ORURO,Salud
2022-10-01,110.6452404538,ORURO,Salud
2022-11-01,111.0446593,ORURO,Salud
2022-12-01,111.2862573781,ORURO,Salud
2023-01-01,111.2892607385,ORURO,Salud
2023-02-01,111.5062825214,ORURO,Salud
2023-03-01,111.5680859439,ORURO,Salud
2023-04-01,111.5269477371,ORURO,Salud
2023-05-01,112.1696582118,ORURO,Salud
2023-06-01,112.5289829336,ORURO,Salud
2023-07-01,112.6962635,ORURO,Salud
2023-08-01,113.1351619535,ORURO,Salud
2023-09-01,113.1283915274,ORURO,Salud
2023-10-01,113.4570637775,ORURO,Salud
2023-11-01,113.9587201,ORURO,Salud
2023-12-01,114.2864599283,ORURO,Salud
2024-01-01,114.7905860816,ORURO,Salud
2024-02-01,115.2812234,ORURO,Salud
2024-03-01,115.3069619727,ORURO,Salud
2024-04-01,115.3949215711,ORURO,Salud
2024-05-01,115.5111525342,ORURO,Salud
2024-06-01,118.38102779970001,ORURO,Salud
2024-07-01,120.7926869256,ORURO,Salud
2024-08-01,122.1972089691,ORURO,Salud
2024-09-01,121.9663166645,ORURO,Salud
2024-10-01,122.3154193322,ORURO,Salud
2024-11-01,122.33569632,ORURO,Salud
2024-12-01,122.33569632,ORURO,Salud
2025-01-01,122.33569632,ORURO,Salud
2025-02-01,122.9890326686,ORURO,Salud
2025-03-01,123.0569845795,ORURO,Salud
2025-04-01,123.6160956806,ORURO,Salud
2025-05-01,124.4012682944,ORURO,Salud
2025-06-01,130.7482658171,ORURO,Salud
2025-07-01,137.3452916825,ORURO,Salud
2025-08-01,138.6005974579,ORURO,Salud
2025-09-01,140.3386058599,ORURO,Salud
2025-10-01,143.7536757387,ORURO,Salud
2025-11-01,144.0248644511,ORURO,Salud
2025-12-01,145.7098298136,ORURO,Salud
2026-01-01,145.3249711022,ORURO,Salud
2026-02-01,146.580066354,ORURO,Salud
2026-03-01,146.3993119014,ORURO,Salud
2026-04-01,145.6602330849,ORURO,Salud
2026-05-01,152.4067667411,ORURO,Salud
2026-06-01,155.686556479,ORURO,Salud
2026-07-01,155.0972441867,ORURO,Salud
2018-01-01,102.1609294014,ORURO,Transporte
2018-02-01,101.949386645,ORURO,Transporte
2018-03-01,100.9798040346,ORURO,Transporte
2018-04-01,104.4320433278,ORURO,Transporte
2018-05-01,105.6959774813,ORURO,Transporte
2018-06-01,105.3979673242,ORURO,Transporte
2018-07-01,106.5173322999,ORURO,Transporte
2018-08-01,106.4040930669,ORURO,Transporte
2018-09-01,105.7144300587,ORURO,Transporte
2018-10-01,105.6534237259,ORURO,Transporte
2018-11-01,105.6007343787,ORURO,Transporte
2018-12-01,106.1688387527,ORURO,Transporte
2019-01-01,105.7311528403,ORURO,Transporte
2019-02-01,104.8396598303,ORURO,Transporte
2019-03-01,106.0868951155,ORURO,Transporte
2019-04-01,105.9969719163,ORURO,Transporte
2019-05-01,105.8617058722,ORURO,Transporte
2019-06-01,106.8255874981,ORURO,Transporte
2019-07-01,107.7821564817,ORURO,Transporte
2019-08-01,107.1428491813,ORURO,Transporte
2019-09-01,107.1885181113,ORURO,Transporte
2019-10-01,108.3444994764,ORURO,Transporte
2019-11-01,108.2236268944,ORURO,Transporte
2019-12-01,108.3094648965,ORURO,Transporte
2020-01-01,108.541740978,ORURO,Transporte
2020-02-01,109.3290546082,ORURO,Transporte
2020-03-01,109.1066785359,ORURO,Transporte
2020-04-01,109.1066785359,ORURO,Transporte
2020-05-01,109.1066785359,ORURO,Transporte
2020-06-01,110.1957177842,ORURO,Transporte
2020-07-01,110.1112552078,ORURO,Transporte
2020-08-01,109.6746624412,ORURO,Transporte
2020-09-01,110.5898710537,ORURO,Transporte
2020-10-01,110.9352607083,ORURO,Transporte
2020-11-01,110.3560226896,ORURO,Transporte
2020-12-01,110.6251304186,ORURO,Transporte
2021-01-01,110.3041144985,ORURO,Transporte
2021-02-01,109.7157132397,ORURO,Transporte
2021-03-01,109.5259762978,ORURO,Transporte
2021-04-01,109.2687331244,ORURO,Transporte
2021-05-01,110.2656815615,ORURO,Transporte
2021-06-01,110.1832736094,ORURO,Transporte
2021-07-01,109.5706999,ORURO,Transporte
2021-08-01,109.7059761347,ORURO,Transporte
2021-09-01,110.3917171534,ORURO,Transporte
2021-10-01,111.0391282744,ORURO,Transporte
2021-11-01,109.6348378082,ORURO,Transporte
2021-12-01,109.7580113208,ORURO,Transporte
2022-01-01,108.8050728848,ORURO,Transporte
2022-02-01,109.7469365644,ORURO,Transporte
2022-03-01,111.7669047254,ORURO,Transporte
2022-04-01,111.1791890438,ORURO,Transporte
2022-05-01,110.9079307907,ORURO,Transporte
2022-06-01,111.4068073025,ORURO,Transporte
2022-07-01,111.2046618906,ORURO,Transporte
2022-08-01,111.2332975732,ORURO,Transporte
2022-09-01,111.4361275323,ORURO,Transporte
2022-10-01,112.6800984409,ORURO,Transporte
2022-11-01,113.464821,ORURO,Transporte
2022-12-01,114.3111656087,ORURO,Transporte
2023-01-01,114.7069635672,ORURO,Transporte
2023-02-01,115.4997855947,ORURO,Transporte
2023-03-01,116.4906949945,ORURO,Transporte
2023-04-01,116.5847376141,ORURO,Transporte
2023-05-01,116.0600756399,ORURO,Transporte
2023-06-01,116.3602669321,ORURO,Transporte
2023-07-01,116.5678689,ORURO,Transporte
2023-08-01,116.5468611488,ORURO,Transporte
2023-09-01,117.4346454994,ORURO,Transporte
2023-10-01,116.8720855733,ORURO,Transporte
2023-11-01,117.3199511,ORURO,Transporte
2023-12-01,119.0588064077,ORURO,Transporte
2024-01-01,118.7520644954,ORURO,Transporte
2024-02-01,122.0549796,ORURO,Transporte
2024-03-01,120.8535837544,ORURO,Transporte
2024-04-01,117.9788797802,ORURO,Transporte
2024-05-01,117.8388385632,ORURO,Transporte
2024-06-01,120.1041120989,ORURO,Transporte
2024-07-01,120.2706772064,ORURO,Transporte
2024-08-01,118.2364032582,ORURO,Transporte
2024-09-01,116.8541464267,ORURO,Transporte
2024-10-01,119.4228975046,ORURO,Transporte
2024-11-01,119.9504427585,ORURO,Transporte
2024-12-01,120.5480622959,ORURO,Transporte
2025-01-01,143.7037070818,ORURO,Transporte
2025-02-01,143.3238827861,ORURO,Transporte
2025-03-01,143.2624452278,ORURO,Transporte
2025-04-01,141.7321607921,ORURO,Transporte
2025-05-01,142.1988032275,ORURO,Transporte
2025-06-01,141.7815494212,ORURO,Transporte
2025-07-01,145.2764482913,ORURO,Transporte
2025-08-01,143.4817535273,ORURO,Transporte
2025-09-01,142.3727422055,ORURO,Transporte
2025-10-01,142.0985291407,ORURO,Transporte
2025-11-01,147.9432326087,ORURO,Transporte
2025-12-01,178.6733755436,ORURO,Transporte
2026-01-01,194.2481538013,ORURO,Transporte
2026-02-01,194.4466089,ORURO,Transporte
2026-03-01,195.0303398794,ORURO,Transporte
2026-04-01,191.6100921683,ORURO,Transporte
2026-05-01,191.9549663178,ORURO,Transporte
2026-06-01,192.9259587596,ORURO,Transporte
2026-07-01,192.8327805095,ORURO,Transporte
2018-01-01,103.9638556157,ORURO,Vivienda y servicios básicos
2018-02-01,104.1453676602,ORURO,Vivienda y servicios básicos
2018-03-01,103.8316654395,ORURO,Vivienda y servicios básicos
2018-04-01,104.5029501941,ORURO,Vivienda y servicios básicos
2018-05-01,104.419933393,ORURO,Vivienda y servicios básicos
2018-06-01,105.4303766851,ORURO,Vivienda y servicios básicos
2018-07-01,105.2402734891,ORURO,Vivienda y servicios básicos
2018-08-01,103.5582721585,ORURO,Vivienda y servicios básicos
2018-09-01,104.3148416989,ORURO,Vivienda y servicios básicos
2018-10-01,104.3130464691,ORURO,Vivienda y servicios básicos
2018-11-01,104.3904266629,ORURO,Vivienda y servicios básicos
2018-12-01,104.496198553,ORURO,Vivienda y servicios básicos
2019-01-01,104.5782532484,ORURO,Vivienda y servicios básicos
2019-02-01,104.7813881551,ORURO,Vivienda y servicios básicos
2019-03-01,104.7441841495,ORURO,Vivienda y servicios básicos
2019-04-01,104.6618871514,ORURO,Vivienda y servicios básicos
2019-05-01,104.3315237915,ORURO,Vivienda y servicios básicos
2019-06-01,104.8853532399,ORURO,Vivienda y servicios básicos
2019-07-01,104.5627182931,ORURO,Vivienda y servicios básicos
2019-08-01,104.0826451403,ORURO,Vivienda y servicios básicos
2019-09-01,103.7415198806,ORURO,Vivienda y servicios básicos
2019-10-01,103.3873539424,ORURO,Vivienda y servicios básicos
2019-11-01,103.3418941195,ORURO,Vivienda y servicios básicos
2019-12-01,103.5690135914,ORURO,Vivienda y servicios básicos
2020-01-01,103.8517713199,ORURO,Vivienda y servicios básicos
2020-02-01,103.6524592639,ORURO,Vivienda y servicios básicos
2020-03-01,103.5539360843,ORURO,Vivienda y servicios básicos
2020-04-01,103.6216851501,ORURO,Vivienda y servicios básicos
2020-05-01,103.6302254059,ORURO,Vivienda y servicios básicos
2020-06-01,103.6884023704,ORURO,Vivienda y servicios básicos
2020-07-01,103.7269582198,ORURO,Vivienda y servicios básicos
2020-08-01,103.8611237547,ORURO,Vivienda y servicios básicos
2020-09-01,104.0221433489,ORURO,Vivienda y servicios básicos
2020-10-01,104.3116894992,ORURO,Vivienda y servicios básicos
2020-11-01,104.1974002481,ORURO,Vivienda y servicios básicos
2020-12-01,104.1518099771,ORURO,Vivienda y servicios básicos
2021-01-01,104.9458556365,ORURO,Vivienda y servicios básicos
2021-02-01,105.0943661389,ORURO,Vivienda y servicios básicos
2021-03-01,104.899507904,ORURO,Vivienda y servicios básicos
2021-04-01,104.5799149781,ORURO,Vivienda y servicios básicos
2021-05-01,104.4427090194,ORURO,Vivienda y servicios básicos
2021-06-01,104.1717292605,ORURO,Vivienda y servicios básicos
2021-07-01,103.9087654,ORURO,Vivienda y servicios básicos
2021-08-01,103.749963189,ORURO,Vivienda y servicios básicos
2021-09-01,103.7754863546,ORURO,Vivienda y servicios básicos
2021-10-01,103.973016479,ORURO,Vivienda y servicios básicos
2021-11-01,103.9206889781,ORURO,Vivienda y servicios básicos
2021-12-01,103.6357365631,ORURO,Vivienda y servicios básicos
2022-01-01,103.5017922177,ORURO,Vivienda y servicios básicos
2022-02-01,103.677338657,ORURO,Vivienda y servicios básicos
2022-03-01,103.6047298076,ORURO,Vivienda y servicios básicos
2022-04-01,103.3935922203,ORURO,Vivienda y servicios básicos
2022-05-01,104.635859467,ORURO,Vivienda y servicios básicos
2022-06-01,103.667836742,ORURO,Vivienda y servicios básicos
2022-07-01,103.3664626806,ORURO,Vivienda y servicios básicos
2022-08-01,102.2665476503,ORURO,Vivienda y servicios básicos
2022-09-01,102.5785807318,ORURO,Vivienda y servicios básicos
2022-10-01,103.0826895463,ORURO,Vivienda y servicios básicos
2022-11-01,103.0307441,ORURO,Vivienda y servicios básicos
2022-12-01,102.8685041433,ORURO,Vivienda y servicios básicos
2023-01-01,103.045783656,ORURO,Vivienda y servicios básicos
2023-02-01,103.1682847492,ORURO,Vivienda y servicios básicos
2023-03-01,103.7409054604,ORURO,Vivienda y servicios básicos
2023-04-01,103.3401630109,ORURO,Vivienda y servicios básicos
2023-05-01,103.6902336453,ORURO,Vivienda y servicios básicos
2023-06-01,103.4194260968,ORURO,Vivienda y servicios básicos
2023-07-01,103.7511519,ORURO,Vivienda y servicios básicos
2023-08-01,104.3732434618,ORURO,Vivienda y servicios básicos
2023-09-01,104.5200600464,ORURO,Vivienda y servicios básicos
2023-10-01,104.3370778226,ORURO,Vivienda y servicios básicos
2023-11-01,103.8988327,ORURO,Vivienda y servicios básicos
2023-12-01,103.683491583,ORURO,Vivienda y servicios básicos
2024-01-01,103.5188531169,ORURO,Vivienda y servicios básicos
2024-02-01,103.6105707,ORURO,Vivienda y servicios básicos
2024-03-01,103.3126994941,ORURO,Vivienda y servicios básicos
2024-04-01,103.9911138068,ORURO,Vivienda y servicios básicos
2024-05-01,105.3973459199,ORURO,Vivienda y servicios básicos
2024-06-01,104.6599185007,ORURO,Vivienda y servicios básicos
2024-07-01,104.6510880126,ORURO,Vivienda y servicios básicos
2024-08-01,104.7471153971,ORURO,Vivienda y servicios básicos
2024-09-01,105.3203922355,ORURO,Vivienda y servicios básicos
2024-10-01,105.6819150662,ORURO,Vivienda y servicios básicos
2024-11-01,105.8045044188,ORURO,Vivienda y servicios básicos
2024-12-01,106.3447529974,ORURO,Vivienda y servicios básicos
2025-01-01,107.0694737833,ORURO,Vivienda y servicios básicos
2025-02-01,107.6112619109,ORURO,Vivienda y servicios básicos
2025-03-01,108.7718923633,ORURO,Vivienda y servicios básicos
2025-04-01,109.7597306742,ORURO,Vivienda y servicios básicos
2025-05-01,110.4381513739,ORURO,Vivienda y servicios básicos
2025-06-01,110.9448173701,ORURO,Vivienda y servicios básicos
2025-07-01,113.3053500552,ORURO,Vivienda y servicios básicos
2025-08-01,114.6544240352,ORURO,Vivienda y servicios básicos
2025-09-01,115.1238757241,ORURO,Vivienda y servicios básicos
2025-10-01,115.5099065897,ORURO,Vivienda y servicios básicos
2025-11-01,115.313468012,ORURO,Vivienda y servicios básicos
2025-12-01,117.720285581,ORURO,Vivienda y servicios básicos
2026-01-01,119.0344299073,ORURO,Vivienda y servicios básicos
2026-02-01,120.4458260984,ORURO,Vivienda y servicios básicos
2026-03-01,120.5435405859,ORURO,Vivienda y servicios básicos
2026-04-01,120.7564505669,ORURO,Vivienda y servicios básicos
2026-05-01,121.1007140358,ORURO,Vivienda y servicios básicos
2026-06-01,121.4919473853,ORURO,Vivienda y servicios básicos
2026-07-01,121.9798780537,ORURO,Vivienda y servicios básicos
2018-01-01,101.5486194664,ORURO,ÍNDICE GENERAL
2018-02-01,101.2918622275,ORURO,ÍNDICE GENERAL
2018-03-01,100.9606626808,ORURO,ÍNDICE GENERAL
2018-04-01,101.3676953572,ORURO,ÍNDICE GENERAL
2018-05-01,101.2130852965,ORURO,ÍNDICE GENERAL
2018-06-01,101.4980932248,ORURO,ÍNDICE GENERAL
2018-07-01,101.6390243998,ORURO,ÍNDICE GENERAL
2018-08-01,101.6951849382,ORURO,ÍNDICE GENERAL
2018-09-01,101.665840326,ORURO,ÍNDICE GENERAL
2018-10-01,101.6628320437,ORURO,ÍNDICE GENERAL
2018-11-01,102.0964115314,ORURO,ÍNDICE GENERAL
2018-12-01,102.5569119524,ORURO,ÍNDICE GENERAL
2019-01-01,102.6156844559,ORURO,ÍNDICE GENERAL
2019-02-01,102.3743828915,ORURO,ÍNDICE GENERAL
2019-03-01,102.3277925838,ORURO,ÍNDICE GENERAL
2019-04-01,102.3439165591,ORURO,ÍNDICE GENERAL
2019-05-01,103.4135486269,ORURO,ÍNDICE GENERAL
2019-06-01,103.6706054516,ORURO,ÍNDICE GENERAL
2019-07-01,103.5469334881,ORURO,ÍNDICE GENERAL
2019-08-01,104.2380988322,ORURO,ÍNDICE GENERAL
2019-09-01,104.3221727785,ORURO,ÍNDICE GENERAL
2019-10-01,104.418821239,ORURO,ÍNDICE GENERAL
2019-11-01,106.6592781549,ORURO,ÍNDICE GENERAL
2019-12-01,103.8949211651,ORURO,ÍNDICE GENERAL
2020-01-01,103.3945759933,ORURO,ÍNDICE GENERAL
2020-02-01,102.8455985199,ORURO,ÍNDICE GENERAL
2020-03-01,102.5114628594,ORURO,ÍNDICE GENERAL
2020-04-01,102.0785182577,ORURO,ÍNDICE GENERAL
2020-05-01,102.4084502823,ORURO,ÍNDICE GENERAL
2020-06-01,103.1893453987,ORURO,ÍNDICE GENERAL
2020-07-01,103.7711168562,ORURO,ÍNDICE GENERAL
2020-08-01,105.2131629992,ORURO,ÍNDICE GENERAL
2020-09-01,103.4276295592,ORURO,ÍNDICE GENERAL
2020-10-01,104.1140375684,ORURO,ÍNDICE GENERAL
2020-11-01,104.0228926409,ORURO,ÍNDICE GENERAL
2020-12-01,103.9747600557,ORURO,ÍNDICE GENERAL
2021-01-01,104.390849391,ORURO,ÍNDICE GENERAL
2021-02-01,103.8371007148,ORURO,ÍNDICE GENERAL
2021-03-01,103.7411443065,ORURO,ÍNDICE GENERAL
2021-04-01,103.6927835947,ORURO,ÍNDICE GENERAL
2021-05-01,103.8045650233,ORURO,ÍNDICE GENERAL
2021-06-01,103.6437015561,ORURO,ÍNDICE GENERAL
2021-07-01,103.2268971,ORURO,ÍNDICE GENERAL
2021-08-01,103.6201879752,ORURO,ÍNDICE GENERAL
2021-09-01,103.6202953746,ORURO,ÍNDICE GENERAL
2021-10-01,103.5282271259,ORURO,ÍNDICE GENERAL
2021-11-01,103.5799420177,ORURO,ÍNDICE GENERAL
2021-12-01,103.5739472038,ORURO,ÍNDICE GENERAL
2022-01-01,103.6113146148,ORURO,ÍNDICE GENERAL
2022-02-01,103.7480358258,ORURO,ÍNDICE GENERAL
2022-03-01,103.5526826859,ORURO,ÍNDICE GENERAL
2022-04-01,103.5741420143,ORURO,ÍNDICE GENERAL
2022-05-01,104.2313105823,ORURO,ÍNDICE GENERAL
2022-06-01,104.4405014646,ORURO,ÍNDICE GENERAL
2022-07-01,104.9762848516,ORURO,ÍNDICE GENERAL
2022-08-01,105.0911104401,ORURO,ÍNDICE GENERAL
2022-09-01,105.6090374235,ORURO,ÍNDICE GENERAL
2022-10-01,106.3937831703,ORURO,ÍNDICE GENERAL
2022-11-01,107.377758,ORURO,ÍNDICE GENERAL
2022-12-01,107.2271957123,ORURO,ÍNDICE GENERAL
2023-01-01,107.8291567896,ORURO,ÍNDICE GENERAL
2023-02-01,107.3189777561,ORURO,ÍNDICE GENERAL
2023-03-01,107.3280643017,ORURO,ÍNDICE GENERAL
2023-04-01,107.4483338226,ORURO,ÍNDICE GENERAL
2023-05-01,107.8487001526,ORURO,ÍNDICE GENERAL
2023-06-01,108.2106453276,ORURO,ÍNDICE GENERAL
2023-07-01,108.7260996,ORURO,ÍNDICE GENERAL
2023-08-01,109.1720884575,ORURO,ÍNDICE GENERAL
2023-09-01,109.2304880739,ORURO,ÍNDICE GENERAL
2023-10-01,109.1885595182,ORURO,ÍNDICE GENERAL
2023-11-01,109.5975882,ORURO,ÍNDICE GENERAL
2023-12-01,110.1918130348,ORURO,ÍNDICE GENERAL
2024-01-01,110.330101149,ORURO,ÍNDICE GENERAL
2024-02-01,110.7490143,ORURO,ÍNDICE GENERAL
2024-03-01,110.0956239165,ORURO,ÍNDICE GENERAL
2024-04-01,110.0419722453,ORURO,ÍNDICE GENERAL
2024-05-01,110.9179293188,ORURO,ÍNDICE GENERAL
2024-06-01,111.9402495346,ORURO,ÍNDICE GENERAL
2024-07-01,112.2884847011,ORURO,ÍNDICE GENERAL
2024-08-01,113.3260905841,ORURO,ÍNDICE GENERAL
2024-09-01,113.9225948161,ORURO,ÍNDICE GENERAL
2024-10-01,116.2587448744,ORURO,ÍNDICE GENERAL
2024-11-01,119.3110823606,ORURO,ÍNDICE GENERAL
2024-12-01,119.7681875316,ORURO,ÍNDICE GENERAL
2025-01-01,122.1931857053,ORURO,ÍNDICE GENERAL
2025-02-01,123.2082809237,ORURO,ÍNDICE GENERAL
2025-03-01,125.3653895702,ORURO,ÍNDICE GENERAL
2025-04-01,126.2336090351,ORURO,ÍNDICE GENERAL
2025-05-01,129.5682643576,ORURO,ÍNDICE GENERAL
2025-06-01,140.5172853325,ORURO,ÍNDICE GENERAL
2025-07-01,144.6266884783,ORURO,ÍNDICE GENERAL
2025-08-01,146.8236113431,ORURO,ÍNDICE GENERAL
2025-09-01,147.6371933096,ORURO,ÍNDICE GENERAL
2025-10-01,149.5888998945,ORURO,ÍNDICE GENERAL
2025-11-01,150.8419272051,ORURO,ÍNDICE GENERAL
2025-12-01,152.2902712891,ORURO,ÍNDICE GENERAL
2026-01-01,153.2595053655,ORURO,ÍNDICE GENERAL
2026-02-01,152.3727046897,ORURO,ÍNDICE GENERAL
2026-03-01,152.0679188374,ORURO,ÍNDICE GENERAL
2026-04-01,152.3998620659,ORURO,ÍNDICE GENERAL
2026-05-01,154.6395808738,ORURO,ÍNDICE GENERAL
2026-06-01,160.6092894522,ORURO,ÍNDICE GENERAL
2026-07-01,155.403763075,ORURO,ÍNDICE GENERAL
2018-01-01,102.9429722602,POTOSÍ,Alimentos y bebidas consumidos fuera del hogar
2018-02-01,103.2841446095,POTOSÍ,Alimentos y bebidas consumidos fuera del hogar
2018-03-01,103.9619802501,POTOSÍ,Alimentos y bebidas consumidos fuera del hogar
2018-04-01,104.1070089752,POTOSÍ,Alimentos y bebidas consumidos fuera del hogar
2018-05-01,104.4651411726,POTOSÍ,Alimentos y bebidas consumidos fuera del hogar
2018-06-01,104.3381382395,POTOSÍ,Alimentos y bebidas consumidos fuera del hogar
2018-07-01,104.4245781435,POTOSÍ,Alimentos y bebidas consumidos fuera del hogar
2018-08-01,105.1515171661,POTOSÍ,Alimentos y bebidas consumidos fuera del hogar
2018-09-01,105.4269046552,POTOSÍ,Alimentos y bebidas consumidos fuera del hogar
2018-10-01,105.8084047536,POTOSÍ,Alimentos y bebidas consumidos fuera del hogar
2018-11-01,105.7818167127,POTOSÍ,Alimentos y bebidas consumidos fuera del hogar
2018-12-01,106.1561928354,POTOSÍ,Alimentos y bebidas consumidos fuera del hogar
2019-01-01,106.0752483284,POTOSÍ,Alimentos y bebidas consumidos fuera del hogar
2019-02-01,106.2499725226,POTOSÍ,Alimentos y bebidas consumidos fuera del hogar
2019-03-01,106.4251993036,POTOSÍ,Alimentos y bebidas consumidos fuera del hogar
2019-04-01,106.4254996637,POTOSÍ,Alimentos y bebidas consumidos fuera del hogar
2019-05-01,106.657038937,POTOSÍ,Alimentos y bebidas consumidos fuera del hogar
2019-06-01,106.4245969009,POTOSÍ,Alimentos y bebidas consumidos fuera del hogar
2019-07-01,106.4064060555,POTOSÍ,Alimentos y bebidas consumidos fuera del hogar
2019-08-01,106.8936447006,POTOSÍ,Alimentos y bebidas consumidos fuera del hogar
2019-09-01,107.1897975796,POTOSÍ,Alimentos y bebidas consumidos fuera del hogar
2019-10-01,107.3119537415,POTOSÍ,Alimentos y bebidas consumidos fuera del hogar
2019-11-01,107.971324985,POTOSÍ,Alimentos y bebidas consumidos fuera del hogar
2019-12-01,108.1275128128,POTOSÍ,Alimentos y bebidas consumidos fuera del hogar
2020-01-01,108.1721875659,POTOSÍ,Alimentos y bebidas consumidos fuera del hogar
2020-02-01,108.0688700017,POTOSÍ,Alimentos y bebidas consumidos fuera del hogar
2020-03-01,108.4681122341,POTOSÍ,Alimentos y bebidas consumidos fuera del hogar
2020-04-01,108.4681122352,POTOSÍ,Alimentos y bebidas consumidos fuera del hogar
2020-05-01,108.3145937101,POTOSÍ,Alimentos y bebidas consumidos fuera del hogar
2020-06-01,108.3222212776,POTOSÍ,Alimentos y bebidas consumidos fuera del hogar
2020-07-01,108.5288783128,POTOSÍ,Alimentos y bebidas consumidos fuera del hogar
2020-08-01,108.9792059076,POTOSÍ,Alimentos y bebidas consumidos fuera del hogar
2020-09-01,108.8278376981,POTOSÍ,Alimentos y bebidas consumidos fuera del hogar
2020-10-01,108.8931092959,POTOSÍ,Alimentos y bebidas consumidos fuera del hogar
2020-11-01,109.6290738763,POTOSÍ,Alimentos y bebidas consumidos fuera del hogar
2020-12-01,109.8132337295,POTOSÍ,Alimentos y bebidas consumidos fuera del hogar
2021-01-01,109.4994066587,POTOSÍ,Alimentos y bebidas consumidos fuera del hogar
2021-02-01,109.1582537487,POTOSÍ,Alimentos y bebidas consumidos fuera del hogar
2021-03-01,109.2044755432,POTOSÍ,Alimentos y bebidas consumidos fuera del hogar
2021-04-01,109.2405068561,POTOSÍ,Alimentos y bebidas consumidos fuera del hogar
2021-05-01,109.1970062349,POTOSÍ,Alimentos y bebidas consumidos fuera del hogar
2021-06-01,109.5036515496,POTOSÍ,Alimentos y bebidas consumidos fuera del hogar
2021-07-01,109.5329757,POTOSÍ,Alimentos y bebidas consumidos fuera del hogar
2021-08-01,109.3542486332,POTOSÍ,Alimentos y bebidas consumidos fuera del hogar
2021-09-01,109.4541569694,POTOSÍ,Alimentos y bebidas consumidos fuera del hogar
2021-10-01,109.7398379665,POTOSÍ,Alimentos y bebidas consumidos fuera del hogar
2021-11-01,109.9641553558,POTOSÍ,Alimentos y bebidas consumidos fuera del hogar
2021-12-01,110.44977613,POTOSÍ,Alimentos y bebidas consumidos fuera del hogar
2022-01-01,110.3493918879,POTOSÍ,Alimentos y bebidas consumidos fuera del hogar
2022-02-01,110.1809180034,POTOSÍ,Alimentos y bebidas consumidos fuera del hogar
2022-03-01,110.4323112856,POTOSÍ,Alimentos y bebidas consumidos fuera del hogar
2022-04-01,110.7117355001,POTOSÍ,Alimentos y bebidas consumidos fuera del hogar
2022-05-01,110.7500009788,POTOSÍ,Alimentos y bebidas consumidos fuera del hogar
2022-06-01,111.482315381,POTOSÍ,Alimentos y bebidas consumidos fuera del hogar
2022-07-01,111.4817630205,POTOSÍ,Alimentos y bebidas consumidos fuera del hogar
2022-08-01,111.6424290047,POTOSÍ,Alimentos y bebidas consumidos fuera del hogar
2022-09-01,111.5027766514,POTOSÍ,Alimentos y bebidas consumidos fuera del hogar
2022-10-01,111.8082329153,POTOSÍ,Alimentos y bebidas consumidos fuera del hogar
2022-11-01,111.9221864,POTOSÍ,Alimentos y bebidas consumidos fuera del hogar
2022-12-01,112.054428721,POTOSÍ,Alimentos y bebidas consumidos fuera del hogar
2023-01-01,112.7720850815,POTOSÍ,Alimentos y bebidas consumidos fuera del hogar
2023-02-01,113.3583631304,POTOSÍ,Alimentos y bebidas consumidos fuera del hogar
2023-03-01,113.7505751542,POTOSÍ,Alimentos y bebidas consumidos fuera del hogar
2023-04-01,113.8660707232,POTOSÍ,Alimentos y bebidas consumidos fuera del hogar
2023-05-01,113.9129674134,POTOSÍ,Alimentos y bebidas consumidos fuera del hogar
2023-06-01,113.8805391234,POTOSÍ,Alimentos y bebidas consumidos fuera del hogar
2023-07-01,114.0618368,POTOSÍ,Alimentos y bebidas consumidos fuera del hogar
2023-08-01,114.2682169465,POTOSÍ,Alimentos y bebidas consumidos fuera del hogar
2023-09-01,114.4632482539,POTOSÍ,Alimentos y bebidas consumidos fuera del hogar
2023-10-01,114.5591545399,POTOSÍ,Alimentos y bebidas consumidos fuera del hogar
2023-11-01,114.39879,POTOSÍ,Alimentos y bebidas consumidos fuera del hogar
2023-12-01,114.304399854,POTOSÍ,Alimentos y bebidas consumidos fuera del hogar
2024-01-01,114.5243883651,POTOSÍ,Alimentos y bebidas consumidos fuera del hogar
2024-02-01,114.1368428,POTOSÍ,Alimentos y bebidas consumidos fuera del hogar
2024-03-01,115.0043444543,POTOSÍ,Alimentos y bebidas consumidos fuera del hogar
2024-04-01,115.5906551647,POTOSÍ,Alimentos y bebidas consumidos fuera del hogar
2024-05-01,116.1033346812,POTOSÍ,Alimentos y bebidas consumidos fuera del hogar
2024-06-01,116.8075299324,POTOSÍ,Alimentos y bebidas consumidos fuera del hogar
2024-07-01,117.1956425884,POTOSÍ,Alimentos y bebidas consumidos fuera del hogar
2024-08-01,120.073575427,POTOSÍ,Alimentos y bebidas consumidos fuera del hogar
2024-09-01,121.5980048876,POTOSÍ,Alimentos y bebidas consumidos fuera del hogar
2024-10-01,123.3551395419,POTOSÍ,Alimentos y bebidas consumidos fuera del hogar
2024-11-01,128.0218405928,POTOSÍ,Alimentos y bebidas consumidos fuera del hogar
2024-12-01,129.7190742451,POTOSÍ,Alimentos y bebidas consumidos fuera del hogar
2025-01-01,130.6607956851,POTOSÍ,Alimentos y bebidas consumidos fuera del hogar
2025-02-01,132.498805154,POTOSÍ,Alimentos y bebidas consumidos fuera del hogar
2025-03-01,133.6252647521,POTOSÍ,Alimentos y bebidas consumidos fuera del hogar
2025-04-01,136.3341639158,POTOSÍ,Alimentos y bebidas consumidos fuera del hogar
2025-05-01,140.735788725,POTOSÍ,Alimentos y bebidas consumidos fuera del hogar
2025-06-01,145.200755959,POTOSÍ,Alimentos y bebidas consumidos fuera del hogar
2025-07-01,150.2013604365,POTOSÍ,Alimentos y bebidas consumidos fuera del hogar
2025-08-01,153.0566734799,POTOSÍ,Alimentos y bebidas consumidos fuera del hogar
2025-09-01,153.7940108136,POTOSÍ,Alimentos y bebidas consumidos fuera del hogar
2025-10-01,155.5733762531,POTOSÍ,Alimentos y bebidas consumidos fuera del hogar
2025-11-01,156.812527498,POTOSÍ,Alimentos y bebidas consumidos fuera del hogar
2025-12-01,159.4039081176,POTOSÍ,Alimentos y bebidas consumidos fuera del hogar
2026-01-01,163.3589816293,POTOSÍ,Alimentos y bebidas consumidos fuera del hogar
2026-02-01,165.7866118928,POTOSÍ,Alimentos y bebidas consumidos fuera del hogar
2026-03-01,168.7492910456,POTOSÍ,Alimentos y bebidas consumidos fuera del hogar
2026-04-01,170.0651385743,POTOSÍ,Alimentos y bebidas consumidos fuera del hogar
2026-05-01,170.4539093059,POTOSÍ,Alimentos y bebidas consumidos fuera del hogar
2026-06-01,175.7000203645,POTOSÍ,Alimentos y bebidas consumidos fuera del hogar
2026-07-01,177.3083850676,POTOSÍ,Alimentos y bebidas consumidos fuera del hogar
2018-01-01,103.3832159647,POTOSÍ,Alimentos y bebidas no alcohólicas
2018-02-01,103.4890061303,POTOSÍ,Alimentos y bebidas no alcohólicas
2018-03-01,102.2231829279,POTOSÍ,Alimentos y bebidas no alcohólicas
2018-04-01,100.818307605,POTOSÍ,Alimentos y bebidas no alcohólicas
2018-05-01,100.7581504852,POTOSÍ,Alimentos y bebidas no alcohólicas
2018-06-01,101.8216777662,POTOSÍ,Alimentos y bebidas no alcohólicas
2018-07-01,102.2391050529,POTOSÍ,Alimentos y bebidas no alcohólicas
2018-08-01,102.204378998,POTOSÍ,Alimentos y bebidas no alcohólicas
2018-09-01,101.4541284638,POTOSÍ,Alimentos y bebidas no alcohólicas
2018-10-01,101.9750157243,POTOSÍ,Alimentos y bebidas no alcohólicas
2018-11-01,102.8259342304,POTOSÍ,Alimentos y bebidas no alcohólicas
2018-12-01,103.2956772417,POTOSÍ,Alimentos y bebidas no alcohólicas
2019-01-01,103.5330080794,POTOSÍ,Alimentos y bebidas no alcohólicas
2019-02-01,103.1996493217,POTOSÍ,Alimentos y bebidas no alcohólicas
2019-03-01,103.2592042262,POTOSÍ,Alimentos y bebidas no alcohólicas
2019-04-01,103.1466925901,POTOSÍ,Alimentos y bebidas no alcohólicas
2019-05-01,104.9782968066,POTOSÍ,Alimentos y bebidas no alcohólicas
2019-06-01,106.3233126276,POTOSÍ,Alimentos y bebidas no alcohólicas
2019-07-01,106.6534530892,POTOSÍ,Alimentos y bebidas no alcohólicas
2019-08-01,108.7266811284,POTOSÍ,Alimentos y bebidas no alcohólicas
2019-09-01,109.275927308,POTOSÍ,Alimentos y bebidas no alcohólicas
2019-10-01,111.0077280276,POTOSÍ,Alimentos y bebidas no alcohólicas
2019-11-01,111.2904106572,POTOSÍ,Alimentos y bebidas no alcohólicas
2019-12-01,105.3305627022,POTOSÍ,Alimentos y bebidas no alcohólicas
2020-01-01,103.5242124977,POTOSÍ,Alimentos y bebidas no alcohólicas
2020-02-01,103.0242352454,POTOSÍ,Alimentos y bebidas no alcohólicas
2020-03-01,103.9742168355,POTOSÍ,Alimentos y bebidas no alcohólicas
2020-04-01,105.3007391143,POTOSÍ,Alimentos y bebidas no alcohólicas
2020-05-01,103.536606198,POTOSÍ,Alimentos y bebidas no alcohólicas
2020-06-01,104.1796499687,POTOSÍ,Alimentos y bebidas no alcohólicas
2020-07-01,105.274584937,POTOSÍ,Alimentos y bebidas no alcohólicas
2020-08-01,107.6378931428,POTOSÍ,Alimentos y bebidas no alcohólicas
2020-09-01,103.0580204251,POTOSÍ,Alimentos y bebidas no alcohólicas
2020-10-01,103.8530377143,POTOSÍ,Alimentos y bebidas no alcohólicas
2020-11-01,103.9139468095,POTOSÍ,Alimentos y bebidas no alcohólicas
2020-12-01,104.1221423668,POTOSÍ,Alimentos y bebidas no alcohólicas
2021-01-01,105.0051530351,POTOSÍ,Alimentos y bebidas no alcohólicas
2021-02-01,105.030579975,POTOSÍ,Alimentos y bebidas no alcohólicas
2021-03-01,104.3952026536,POTOSÍ,Alimentos y bebidas no alcohólicas
2021-04-01,103.2826641215,POTOSÍ,Alimentos y bebidas no alcohólicas
2021-05-01,103.8093837852,POTOSÍ,Alimentos y bebidas no alcohólicas
2021-06-01,103.9499128485,POTOSÍ,Alimentos y bebidas no alcohólicas
2021-07-01,106.2394542,POTOSÍ,Alimentos y bebidas no alcohólicas
2021-08-01,106.4262822291,POTOSÍ,Alimentos y bebidas no alcohólicas
2021-09-01,105.1670369182,POTOSÍ,Alimentos y bebidas no alcohólicas
2021-10-01,103.6823783746,POTOSÍ,Alimentos y bebidas no alcohólicas
2021-11-01,103.9960641751,POTOSÍ,Alimentos y bebidas no alcohólicas
2021-12-01,104.5880751074,POTOSÍ,Alimentos y bebidas no alcohólicas
2022-01-01,104.59916152,POTOSÍ,Alimentos y bebidas no alcohólicas
2022-02-01,105.4343532373,POTOSÍ,Alimentos y bebidas no alcohólicas
2022-03-01,104.6283557035,POTOSÍ,Alimentos y bebidas no alcohólicas
2022-04-01,104.5589251167,POTOSÍ,Alimentos y bebidas no alcohólicas
2022-05-01,105.8098874829,POTOSÍ,Alimentos y bebidas no alcohólicas
2022-06-01,108.4130356401,POTOSÍ,Alimentos y bebidas no alcohólicas
2022-07-01,108.9365146933,POTOSÍ,Alimentos y bebidas no alcohólicas
2022-08-01,108.6638597316,POTOSÍ,Alimentos y bebidas no alcohólicas
2022-09-01,109.6776659402,POTOSÍ,Alimentos y bebidas no alcohólicas
2022-10-01,111.9154815085,POTOSÍ,Alimentos y bebidas no alcohólicas
2022-11-01,111.9322566,POTOSÍ,Alimentos y bebidas no alcohólicas
2022-12-01,112.1445928206,POTOSÍ,Alimentos y bebidas no alcohólicas
2023-01-01,111.4798742149,POTOSÍ,Alimentos y bebidas no alcohólicas
2023-02-01,109.7397020431,POTOSÍ,Alimentos y bebidas no alcohólicas
2023-03-01,109.1049320402,POTOSÍ,Alimentos y bebidas no alcohólicas
2023-04-01,108.0856314081,POTOSÍ,Alimentos y bebidas no alcohólicas
2023-05-01,109.934580198,POTOSÍ,Alimentos y bebidas no alcohólicas
2023-06-01,110.2536012662,POTOSÍ,Alimentos y bebidas no alcohólicas
2023-07-01,113.2802085,POTOSÍ,Alimentos y bebidas no alcohólicas
2023-08-01,115.0911455749,POTOSÍ,Alimentos y bebidas no alcohólicas
2023-09-01,114.4475235603,POTOSÍ,Alimentos y bebidas no alcohólicas
2023-10-01,114.9648902972,POTOSÍ,Alimentos y bebidas no alcohólicas
2023-11-01,115.062171,POTOSÍ,Alimentos y bebidas no alcohólicas
2023-12-01,116.7686392827,POTOSÍ,Alimentos y bebidas no alcohólicas
2024-01-01,116.9219126714,POTOSÍ,Alimentos y bebidas no alcohólicas
2024-02-01,115.2235061,POTOSÍ,Alimentos y bebidas no alcohólicas
2024-03-01,115.61286967,POTOSÍ,Alimentos y bebidas no alcohólicas
2024-04-01,119.3095219406,POTOSÍ,Alimentos y bebidas no alcohólicas
2024-05-01,121.3453220499,POTOSÍ,Alimentos y bebidas no alcohólicas
2024-06-01,121.9663768146,POTOSÍ,Alimentos y bebidas no alcohólicas
2024-07-01,122.9599243831,POTOSÍ,Alimentos y bebidas no alcohólicas
2024-08-01,125.189078721,POTOSÍ,Alimentos y bebidas no alcohólicas
2024-09-01,123.7471528695,POTOSÍ,Alimentos y bebidas no alcohólicas
2024-10-01,126.9356706362,POTOSÍ,Alimentos y bebidas no alcohólicas
2024-11-01,131.2342992121,POTOSÍ,Alimentos y bebidas no alcohólicas
2024-12-01,132.539409204,POTOSÍ,Alimentos y bebidas no alcohólicas
2025-01-01,135.3847419419,POTOSÍ,Alimentos y bebidas no alcohólicas
2025-02-01,139.0155116791,POTOSÍ,Alimentos y bebidas no alcohólicas
2025-03-01,143.0328468769,POTOSÍ,Alimentos y bebidas no alcohólicas
2025-04-01,144.7077162977,POTOSÍ,Alimentos y bebidas no alcohólicas
2025-05-01,153.0784186245,POTOSÍ,Alimentos y bebidas no alcohólicas
2025-06-01,168.6304963096,POTOSÍ,Alimentos y bebidas no alcohólicas
2025-07-01,172.3517570869,POTOSÍ,Alimentos y bebidas no alcohólicas
2025-08-01,174.8033204482,POTOSÍ,Alimentos y bebidas no alcohólicas
2025-09-01,175.1688398205,POTOSÍ,Alimentos y bebidas no alcohólicas
2025-10-01,176.1928656015,POTOSÍ,Alimentos y bebidas no alcohólicas
2025-11-01,178.9731066953,POTOSÍ,Alimentos y bebidas no alcohólicas
2025-12-01,178.5970926641,POTOSÍ,Alimentos y bebidas no alcohólicas
2026-01-01,178.8730139755,POTOSÍ,Alimentos y bebidas no alcohólicas
2026-02-01,177.7707932639,POTOSÍ,Alimentos y bebidas no alcohólicas
2026-03-01,176.9016444689,POTOSÍ,Alimentos y bebidas no alcohólicas
2026-04-01,177.0201796934,POTOSÍ,Alimentos y bebidas no alcohólicas
2026-05-01,183.5040019941,POTOSÍ,Alimentos y bebidas no alcohólicas
2026-06-01,197.0480486178,POTOSÍ,Alimentos y bebidas no alcohólicas
2026-07-01,187.3764373062,POTOSÍ,Alimentos y bebidas no alcohólicas
2018-01-01,97.5459493958,POTOSÍ,Bebidas alcohólicas y tabaco
2018-02-01,102.8731473262,POTOSÍ,Bebidas alcohólicas y tabaco
2018-03-01,103.3604468121,POTOSÍ,Bebidas alcohólicas y tabaco
2018-04-01,103.4546834471,POTOSÍ,Bebidas alcohólicas y tabaco
2018-05-01,102.4427416257,POTOSÍ,Bebidas alcohólicas y tabaco
2018-06-01,102.3922809278,POTOSÍ,Bebidas alcohólicas y tabaco
2018-07-01,103.0319249849,POTOSÍ,Bebidas alcohólicas y tabaco
2018-08-01,102.8022091155,POTOSÍ,Bebidas alcohólicas y tabaco
2018-09-01,102.7558017807,POTOSÍ,Bebidas alcohólicas y tabaco
2018-10-01,103.5414957839,POTOSÍ,Bebidas alcohólicas y tabaco
2018-11-01,104.7925336037,POTOSÍ,Bebidas alcohólicas y tabaco
2018-12-01,103.667190011,POTOSÍ,Bebidas alcohólicas y tabaco
2019-01-01,102.8134598449,POTOSÍ,Bebidas alcohólicas y tabaco
2019-02-01,103.8003159587,POTOSÍ,Bebidas alcohólicas y tabaco
2019-03-01,103.6618217461,POTOSÍ,Bebidas alcohólicas y tabaco
2019-04-01,103.340521797,POTOSÍ,Bebidas alcohólicas y tabaco
2019-05-01,103.2406535163,POTOSÍ,Bebidas alcohólicas y tabaco
2019-06-01,103.0670631235,POTOSÍ,Bebidas alcohólicas y tabaco
2019-07-01,103.1419462562,POTOSÍ,Bebidas alcohólicas y tabaco
2019-08-01,104.5766617672,POTOSÍ,Bebidas alcohólicas y tabaco
2019-09-01,105.0807129071,POTOSÍ,Bebidas alcohólicas y tabaco
2019-10-01,106.1684255407,POTOSÍ,Bebidas alcohólicas y tabaco
2019-11-01,105.2853784976,POTOSÍ,Bebidas alcohólicas y tabaco
2019-12-01,104.3855888042,POTOSÍ,Bebidas alcohólicas y tabaco
2020-01-01,105.0081551824,POTOSÍ,Bebidas alcohólicas y tabaco
2020-02-01,105.3587107546,POTOSÍ,Bebidas alcohólicas y tabaco
2020-03-01,105.3716845546,POTOSÍ,Bebidas alcohólicas y tabaco
2020-04-01,106.0109339868,POTOSÍ,Bebidas alcohólicas y tabaco
2020-05-01,105.4107229276,POTOSÍ,Bebidas alcohólicas y tabaco
2020-06-01,105.3537406599,POTOSÍ,Bebidas alcohólicas y tabaco
2020-07-01,106.8366486592,POTOSÍ,Bebidas alcohólicas y tabaco
2020-08-01,105.7268914785,POTOSÍ,Bebidas alcohólicas y tabaco
2020-09-01,107.9409052086,POTOSÍ,Bebidas alcohólicas y tabaco
2020-10-01,107.1109236831,POTOSÍ,Bebidas alcohólicas y tabaco
2020-11-01,105.927038887,POTOSÍ,Bebidas alcohólicas y tabaco
2020-12-01,105.309091531,POTOSÍ,Bebidas alcohólicas y tabaco
2021-01-01,104.5160613549,POTOSÍ,Bebidas alcohólicas y tabaco
2021-02-01,103.8930514685,POTOSÍ,Bebidas alcohólicas y tabaco
2021-03-01,105.399045078,POTOSÍ,Bebidas alcohólicas y tabaco
2021-04-01,105.268658663,POTOSÍ,Bebidas alcohólicas y tabaco
2021-05-01,105.1523420524,POTOSÍ,Bebidas alcohólicas y tabaco
2021-06-01,104.6404726655,POTOSÍ,Bebidas alcohólicas y tabaco
2021-07-01,104.7221229,POTOSÍ,Bebidas alcohólicas y tabaco
2021-08-01,105.804505204,POTOSÍ,Bebidas alcohólicas y tabaco
2021-09-01,104.7319209864,POTOSÍ,Bebidas alcohólicas y tabaco
2021-10-01,105.6827374704,POTOSÍ,Bebidas alcohólicas y tabaco
2021-11-01,105.7619226681,POTOSÍ,Bebidas alcohólicas y tabaco
2021-12-01,106.1978069494,POTOSÍ,Bebidas alcohólicas y tabaco
2022-01-01,105.384420187,POTOSÍ,Bebidas alcohólicas y tabaco
2022-02-01,105.9230156215,POTOSÍ,Bebidas alcohólicas y tabaco
2022-03-01,106.6530781975,POTOSÍ,Bebidas alcohólicas y tabaco
2022-04-01,107.4928265569,POTOSÍ,Bebidas alcohólicas y tabaco
2022-05-01,106.9836829419,POTOSÍ,Bebidas alcohólicas y tabaco
2022-06-01,107.2521153808,POTOSÍ,Bebidas alcohólicas y tabaco
2022-07-01,105.5445098524,POTOSÍ,Bebidas alcohólicas y tabaco
2022-08-01,104.6393669176,POTOSÍ,Bebidas alcohólicas y tabaco
2022-09-01,103.763729366,POTOSÍ,Bebidas alcohólicas y tabaco
2022-10-01,103.7630463129,POTOSÍ,Bebidas alcohólicas y tabaco
2022-11-01,102.9083718,POTOSÍ,Bebidas alcohólicas y tabaco
2022-12-01,104.0694536286,POTOSÍ,Bebidas alcohólicas y tabaco
2023-01-01,105.9800385467,POTOSÍ,Bebidas alcohólicas y tabaco
2023-02-01,104.2433973129,POTOSÍ,Bebidas alcohólicas y tabaco
2023-03-01,104.0839546343,POTOSÍ,Bebidas alcohólicas y tabaco
2023-04-01,103.3072406895,POTOSÍ,Bebidas alcohólicas y tabaco
2023-05-01,102.7187194552,POTOSÍ,Bebidas alcohólicas y tabaco
2023-06-01,102.5510996776,POTOSÍ,Bebidas alcohólicas y tabaco
2023-07-01,103.2571317,POTOSÍ,Bebidas alcohólicas y tabaco
2023-08-01,104.0142752873,POTOSÍ,Bebidas alcohólicas y tabaco
2023-09-01,103.7692066077,POTOSÍ,Bebidas alcohólicas y tabaco
2023-10-01,103.7627867709,POTOSÍ,Bebidas alcohólicas y tabaco
2023-11-01,104.3730069,POTOSÍ,Bebidas alcohólicas y tabaco
2023-12-01,104.4822482314,POTOSÍ,Bebidas alcohólicas y tabaco
2024-01-01,101.7366265396,POTOSÍ,Bebidas alcohólicas y tabaco
2024-02-01,105.7193474,POTOSÍ,Bebidas alcohólicas y tabaco
2024-03-01,105.1203157277,POTOSÍ,Bebidas alcohólicas y tabaco
2024-04-01,105.8961388429,POTOSÍ,Bebidas alcohólicas y tabaco
2024-05-01,105.8670068757,POTOSÍ,Bebidas alcohólicas y tabaco
2024-06-01,106.0047875676,POTOSÍ,Bebidas alcohólicas y tabaco
2024-07-01,105.8572079418,POTOSÍ,Bebidas alcohólicas y tabaco
2024-08-01,107.8981674652,POTOSÍ,Bebidas alcohólicas y tabaco
2024-09-01,106.672798905,POTOSÍ,Bebidas alcohólicas y tabaco
2024-10-01,108.1643744307,POTOSÍ,Bebidas alcohólicas y tabaco
2024-11-01,110.5658569949,POTOSÍ,Bebidas alcohólicas y tabaco
2024-12-01,111.1827418366,POTOSÍ,Bebidas alcohólicas y tabaco
2025-01-01,114.4435988001,POTOSÍ,Bebidas alcohólicas y tabaco
2025-02-01,113.1144476196,POTOSÍ,Bebidas alcohólicas y tabaco
2025-03-01,112.8915137165,POTOSÍ,Bebidas alcohólicas y tabaco
2025-04-01,113.6535217486,POTOSÍ,Bebidas alcohólicas y tabaco
2025-05-01,116.3880289289,POTOSÍ,Bebidas alcohólicas y tabaco
2025-06-01,115.9632075339,POTOSÍ,Bebidas alcohólicas y tabaco
2025-07-01,120.5259965119,POTOSÍ,Bebidas alcohólicas y tabaco
2025-08-01,123.2498334921,POTOSÍ,Bebidas alcohólicas y tabaco
2025-09-01,125.7880819567,POTOSÍ,Bebidas alcohólicas y tabaco
2025-10-01,125.1568148935,POTOSÍ,Bebidas alcohólicas y tabaco
2025-11-01,122.6981805578,POTOSÍ,Bebidas alcohólicas y tabaco
2025-12-01,123.7766592662,POTOSÍ,Bebidas alcohólicas y tabaco
2026-01-01,126.3028825455,POTOSÍ,Bebidas alcohólicas y tabaco
2026-02-01,126.6287329935,POTOSÍ,Bebidas alcohólicas y tabaco
2026-03-01,125.6929395453,POTOSÍ,Bebidas alcohólicas y tabaco
2026-04-01,127.7445565793,POTOSÍ,Bebidas alcohólicas y tabaco
2026-05-01,127.1300452001,POTOSÍ,Bebidas alcohólicas y tabaco
2026-06-01,128.6236742339,POTOSÍ,Bebidas alcohólicas y tabaco
2026-07-01,127.6387437638,POTOSÍ,Bebidas alcohólicas y tabaco
2018-01-01,99.2204616986,POTOSÍ,Bienes y servicios diversos
2018-02-01,99.9151239882,POTOSÍ,Bienes y servicios diversos
2018-03-01,100.8550492331,POTOSÍ,Bienes y servicios diversos
2018-04-01,100.4150205419,POTOSÍ,Bienes y servicios diversos
2018-05-01,100.4955168363,POTOSÍ,Bienes y servicios diversos
2018-06-01,100.7890259028,POTOSÍ,Bienes y servicios diversos
2018-07-01,100.6183010323,POTOSÍ,Bienes y servicios diversos
2018-08-01,100.1819152268,POTOSÍ,Bienes y servicios diversos
2018-09-01,100.2821118535,POTOSÍ,Bienes y servicios diversos
2018-10-01,99.9733068992,POTOSÍ,Bienes y servicios diversos
2018-11-01,100.1191714719,POTOSÍ,Bienes y servicios diversos
2018-12-01,100.210660295,POTOSÍ,Bienes y servicios diversos
2019-01-01,99.7653442397,POTOSÍ,Bienes y servicios diversos
2019-02-01,99.6768868951,POTOSÍ,Bienes y servicios diversos
2019-03-01,100.1092453213,POTOSÍ,Bienes y servicios diversos
2019-04-01,100.1177469067,POTOSÍ,Bienes y servicios diversos
2019-05-01,99.8246314581,POTOSÍ,Bienes y servicios diversos
2019-06-01,99.5443025253,POTOSÍ,Bienes y servicios diversos
2019-07-01,99.9287811832,POTOSÍ,Bienes y servicios diversos
2019-08-01,100.1133697093,POTOSÍ,Bienes y servicios diversos
2019-09-01,99.935485941,POTOSÍ,Bienes y servicios diversos
2019-10-01,99.853965346,POTOSÍ,Bienes y servicios diversos
2019-11-01,100.2112989639,POTOSÍ,Bienes y servicios diversos
2019-12-01,100.1955805168,POTOSÍ,Bienes y servicios diversos
2020-01-01,100.0865604464,POTOSÍ,Bienes y servicios diversos
2020-02-01,99.9661599874,POTOSÍ,Bienes y servicios diversos
2020-03-01,99.9061957098,POTOSÍ,Bienes y servicios diversos
2020-04-01,102.1783079793,POTOSÍ,Bienes y servicios diversos
2020-05-01,103.8183799755,POTOSÍ,Bienes y servicios diversos
2020-06-01,102.46344744,POTOSÍ,Bienes y servicios diversos
2020-07-01,102.5202529786,POTOSÍ,Bienes y servicios diversos
2020-08-01,102.8805227951,POTOSÍ,Bienes y servicios diversos
2020-09-01,101.755746281,POTOSÍ,Bienes y servicios diversos
2020-10-01,100.8740242069,POTOSÍ,Bienes y servicios diversos
2020-11-01,101.2799076755,POTOSÍ,Bienes y servicios diversos
2020-12-01,101.4676182116,POTOSÍ,Bienes y servicios diversos
2021-01-01,101.114793633,POTOSÍ,Bienes y servicios diversos
2021-02-01,100.7850078028,POTOSÍ,Bienes y servicios diversos
2021-03-01,99.8141947007,POTOSÍ,Bienes y servicios diversos
2021-04-01,99.381688439,POTOSÍ,Bienes y servicios diversos
2021-05-01,99.2039799043,POTOSÍ,Bienes y servicios diversos
2021-06-01,98.7483451112,POTOSÍ,Bienes y servicios diversos
2021-07-01,98.57202688,POTOSÍ,Bienes y servicios diversos
2021-08-01,98.450062956,POTOSÍ,Bienes y servicios diversos
2021-09-01,98.4999753302,POTOSÍ,Bienes y servicios diversos
2021-10-01,98.4451158605,POTOSÍ,Bienes y servicios diversos
2021-11-01,97.8962744669,POTOSÍ,Bienes y servicios diversos
2021-12-01,98.1805445415,POTOSÍ,Bienes y servicios diversos
2022-01-01,97.7086625506,POTOSÍ,Bienes y servicios diversos
2022-02-01,97.2389757232,POTOSÍ,Bienes y servicios diversos
2022-03-01,98.708719404,POTOSÍ,Bienes y servicios diversos
2022-04-01,98.7696513219,POTOSÍ,Bienes y servicios diversos
2022-05-01,98.4354916091,POTOSÍ,Bienes y servicios diversos
2022-06-01,98.8018610242,POTOSÍ,Bienes y servicios diversos
2022-07-01,99.2609580679,POTOSÍ,Bienes y servicios diversos
2022-08-01,99.2058122421,POTOSÍ,Bienes y servicios diversos
2022-09-01,99.6098393306,POTOSÍ,Bienes y servicios diversos
2022-10-01,99.7396486337,POTOSÍ,Bienes y servicios diversos
2022-11-01,99.8815399,POTOSÍ,Bienes y servicios diversos
2022-12-01,99.9398284576,POTOSÍ,Bienes y servicios diversos
2023-01-01,100.161070419,POTOSÍ,Bienes y servicios diversos
2023-02-01,100.3253468878,POTOSÍ,Bienes y servicios diversos
2023-03-01,99.8591200521,POTOSÍ,Bienes y servicios diversos
2023-04-01,100.1103745797,POTOSÍ,Bienes y servicios diversos
2023-05-01,100.0190730159,POTOSÍ,Bienes y servicios diversos
2023-06-01,100.5451886892,POTOSÍ,Bienes y servicios diversos
2023-07-01,100.3374545,POTOSÍ,Bienes y servicios diversos
2023-08-01,100.421302262,POTOSÍ,Bienes y servicios diversos
2023-09-01,100.182318185,POTOSÍ,Bienes y servicios diversos
2023-10-01,100.3809068442,POTOSÍ,Bienes y servicios diversos
2023-11-01,100.1548395,POTOSÍ,Bienes y servicios diversos
2023-12-01,100.3988381614,POTOSÍ,Bienes y servicios diversos
2024-01-01,100.7918633877,POTOSÍ,Bienes y servicios diversos
2024-02-01,103.9617796,POTOSÍ,Bienes y servicios diversos
2024-03-01,106.5595552858,POTOSÍ,Bienes y servicios diversos
2024-04-01,109.227671279,POTOSÍ,Bienes y servicios diversos
2024-05-01,111.5995928118,POTOSÍ,Bienes y servicios diversos
2024-06-01,112.3379251157,POTOSÍ,Bienes y servicios diversos
2024-07-01,112.3195950322,POTOSÍ,Bienes y servicios diversos
2024-08-01,115.1265061295,POTOSÍ,Bienes y servicios diversos
2024-09-01,118.5577440724,POTOSÍ,Bienes y servicios diversos
2024-10-01,121.7421493739,POTOSÍ,Bienes y servicios diversos
2024-11-01,123.5899850758,POTOSÍ,Bienes y servicios diversos
2024-12-01,127.6553051361,POTOSÍ,Bienes y servicios diversos
2025-01-01,127.2750096753,POTOSÍ,Bienes y servicios diversos
2025-02-01,130.0127538544,POTOSÍ,Bienes y servicios diversos
2025-03-01,131.0418165662,POTOSÍ,Bienes y servicios diversos
2025-04-01,133.3600392723,POTOSÍ,Bienes y servicios diversos
2025-05-01,141.4906486112,POTOSÍ,Bienes y servicios diversos
2025-06-01,151.6446878568,POTOSÍ,Bienes y servicios diversos
2025-07-01,157.1719524587,POTOSÍ,Bienes y servicios diversos
2025-08-01,158.6386278936,POTOSÍ,Bienes y servicios diversos
2025-09-01,161.3509834878,POTOSÍ,Bienes y servicios diversos
2025-10-01,159.3380200219,POTOSÍ,Bienes y servicios diversos
2025-11-01,159.0385739659,POTOSÍ,Bienes y servicios diversos
2025-12-01,158.0910918493,POTOSÍ,Bienes y servicios diversos
2026-01-01,157.5213111021,POTOSÍ,Bienes y servicios diversos
2026-02-01,157.1147662434,POTOSÍ,Bienes y servicios diversos
2026-03-01,153.7245265656,POTOSÍ,Bienes y servicios diversos
2026-04-01,153.9584688396,POTOSÍ,Bienes y servicios diversos
2026-05-01,151.094577765,POTOSÍ,Bienes y servicios diversos
2026-06-01,151.2130536509,POTOSÍ,Bienes y servicios diversos
2026-07-01,153.2481568829,POTOSÍ,Bienes y servicios diversos
2018-01-01,97.9031357417,POTOSÍ,Comunicaciones
2018-02-01,97.9673725917,POTOSÍ,Comunicaciones
2018-03-01,97.8530454054,POTOSÍ,Comunicaciones
2018-04-01,97.5896533834,POTOSÍ,Comunicaciones
2018-05-01,97.2578524042,POTOSÍ,Comunicaciones
2018-06-01,97.104250296,POTOSÍ,Comunicaciones
2018-07-01,97.0640126841,POTOSÍ,Comunicaciones
2018-08-01,96.7570577683,POTOSÍ,Comunicaciones
2018-09-01,96.3273671897,POTOSÍ,Comunicaciones
2018-10-01,96.4331533389,POTOSÍ,Comunicaciones
2018-11-01,96.3817973135,POTOSÍ,Comunicaciones
2018-12-01,96.2082606698,POTOSÍ,Comunicaciones
2019-01-01,96.4835810567,POTOSÍ,Comunicaciones
2019-02-01,96.4835810567,POTOSÍ,Comunicaciones
2019-03-01,96.6014315946,POTOSÍ,Comunicaciones
2019-04-01,96.2870345463,POTOSÍ,Comunicaciones
2019-05-01,96.2760674613,POTOSÍ,Comunicaciones
2019-06-01,96.2136076803,POTOSÍ,Comunicaciones
2019-07-01,95.9515791888,POTOSÍ,Comunicaciones
2019-08-01,95.9346859844,POTOSÍ,Comunicaciones
2019-09-01,96.103334561,POTOSÍ,Comunicaciones
2019-10-01,96.2340818713,POTOSÍ,Comunicaciones
2019-11-01,96.2870234014,POTOSÍ,Comunicaciones
2019-12-01,96.079529678,POTOSÍ,Comunicaciones
2020-01-01,96.079529678,POTOSÍ,Comunicaciones
2020-02-01,96.4463447619,POTOSÍ,Comunicaciones
2020-03-01,96.3740293399,POTOSÍ,Comunicaciones
2020-04-01,96.3740293399,POTOSÍ,Comunicaciones
2020-05-01,96.3740293399,POTOSÍ,Comunicaciones
2020-06-01,96.3740293399,POTOSÍ,Comunicaciones
2020-07-01,96.6351764522,POTOSÍ,Comunicaciones
2020-08-01,96.6351764539,POTOSÍ,Comunicaciones
2020-09-01,96.5991898971,POTOSÍ,Comunicaciones
2020-10-01,96.3084952456,POTOSÍ,Comunicaciones
2020-11-01,95.8159250228,POTOSÍ,Comunicaciones
2020-12-01,95.8149443268,POTOSÍ,Comunicaciones
2021-01-01,95.8178254112,POTOSÍ,Comunicaciones
2021-02-01,96.159817958,POTOSÍ,Comunicaciones
2021-03-01,96.0244769921,POTOSÍ,Comunicaciones
2021-04-01,95.9235355892,POTOSÍ,Comunicaciones
2021-05-01,95.3700185856,POTOSÍ,Comunicaciones
2021-06-01,95.0793121427,POTOSÍ,Comunicaciones
2021-07-01,94.55060039,POTOSÍ,Comunicaciones
2021-08-01,94.8657559785,POTOSÍ,Comunicaciones
2021-09-01,95.3826559202,POTOSÍ,Comunicaciones
2021-10-01,96.1613011571,POTOSÍ,Comunicaciones
2021-11-01,96.5365376094,POTOSÍ,Comunicaciones
2021-12-01,96.9843845194,POTOSÍ,Comunicaciones
2022-01-01,96.9637821666,POTOSÍ,Comunicaciones
2022-02-01,96.3124426272,POTOSÍ,Comunicaciones
2022-03-01,96.3880465208,POTOSÍ,Comunicaciones
2022-04-01,96.9591301333,POTOSÍ,Comunicaciones
2022-05-01,96.9729867496,POTOSÍ,Comunicaciones
2022-06-01,96.4056560619,POTOSÍ,Comunicaciones
2022-07-01,96.1377024243,POTOSÍ,Comunicaciones
2022-08-01,96.1699860768,POTOSÍ,Comunicaciones
2022-09-01,96.0401110402,POTOSÍ,Comunicaciones
2022-10-01,95.8118398788,POTOSÍ,Comunicaciones
2022-11-01,95.49657514,POTOSÍ,Comunicaciones
2022-12-01,95.6355325334,POTOSÍ,Comunicaciones
2023-01-01,95.729724659,POTOSÍ,Comunicaciones
2023-02-01,95.4483431521,POTOSÍ,Comunicaciones
2023-03-01,95.1735948151,POTOSÍ,Comunicaciones
2023-04-01,94.8485536614,POTOSÍ,Comunicaciones
2023-05-01,94.3338336381,POTOSÍ,Comunicaciones
2023-06-01,94.1270643042,POTOSÍ,Comunicaciones
2023-07-01,93.90740794,POTOSÍ,Comunicaciones
2023-08-01,93.5536256453,POTOSÍ,Comunicaciones
2023-09-01,93.4811332346,POTOSÍ,Comunicaciones
2023-10-01,92.890441227,POTOSÍ,Comunicaciones
2023-11-01,93.07649355,POTOSÍ,Comunicaciones
2023-12-01,93.0985639697,POTOSÍ,Comunicaciones
2024-01-01,92.9373694873,POTOSÍ,Comunicaciones
2024-02-01,93.17024967,POTOSÍ,Comunicaciones
2024-03-01,93.1227437151,POTOSÍ,Comunicaciones
2024-04-01,92.4238390821,POTOSÍ,Comunicaciones
2024-05-01,92.2355447603,POTOSÍ,Comunicaciones
2024-06-01,92.0130148485,POTOSÍ,Comunicaciones
2024-07-01,91.8297735485,POTOSÍ,Comunicaciones
2024-08-01,93.1228937746,POTOSÍ,Comunicaciones
2024-09-01,93.071526551,POTOSÍ,Comunicaciones
2024-10-01,93.0309760227,POTOSÍ,Comunicaciones
2024-11-01,92.3697929485,POTOSÍ,Comunicaciones
2024-12-01,92.2352686404,POTOSÍ,Comunicaciones
2025-01-01,92.4910356016,POTOSÍ,Comunicaciones
2025-02-01,93.6494766055,POTOSÍ,Comunicaciones
2025-03-01,93.2673837022,POTOSÍ,Comunicaciones
2025-04-01,93.4076144891,POTOSÍ,Comunicaciones
2025-05-01,93.7237805328,POTOSÍ,Comunicaciones
2025-06-01,93.7829491818,POTOSÍ,Comunicaciones
2025-07-01,93.472688591,POTOSÍ,Comunicaciones
2025-08-01,93.0732401642,POTOSÍ,Comunicaciones
2025-09-01,92.8863435401,POTOSÍ,Comunicaciones
2025-10-01,92.6096601317,POTOSÍ,Comunicaciones
2025-11-01,91.3705470451,POTOSÍ,Comunicaciones
2025-12-01,90.8793085931,POTOSÍ,Comunicaciones
2026-01-01,91.4083705792,POTOSÍ,Comunicaciones
2026-02-01,90.5039669463,POTOSÍ,Comunicaciones
2026-03-01,90.7597836374,POTOSÍ,Comunicaciones
2026-04-01,91.0771551525,POTOSÍ,Comunicaciones
2026-05-01,91.3678514152,POTOSÍ,Comunicaciones
2026-06-01,91.350405357,POTOSÍ,Comunicaciones
2026-07-01,92.5354727519,POTOSÍ,Comunicaciones
2018-01-01,104.5747324524,POTOSÍ,Educación
2018-02-01,104.887690122,POTOSÍ,Educación
2018-03-01,104.8841653759,POTOSÍ,Educación
2018-04-01,104.8841653759,POTOSÍ,Educación
2018-05-01,104.7368584954,POTOSÍ,Educación
2018-06-01,104.7368584954,POTOSÍ,Educación
2018-07-01,104.7368584954,POTOSÍ,Educación
2018-08-01,104.7368584954,POTOSÍ,Educación
2018-09-01,104.7368584954,POTOSÍ,Educación
2018-10-01,104.7368584954,POTOSÍ,Educación
2018-11-01,104.7368584954,POTOSÍ,Educación
2018-12-01,104.7217180015,POTOSÍ,Educación
2019-01-01,107.2047274825,POTOSÍ,Educación
2019-02-01,107.1066930534,POTOSÍ,Educación
2019-03-01,107.1066930563,POTOSÍ,Educación
2019-04-01,107.1066930563,POTOSÍ,Educación
2019-05-01,107.277384862,POTOSÍ,Educación
2019-06-01,107.277384862,POTOSÍ,Educación
2019-07-01,107.277384862,POTOSÍ,Educación
2019-08-01,107.277384862,POTOSÍ,Educación
2019-09-01,107.277384862,POTOSÍ,Educación
2019-10-01,107.277384862,POTOSÍ,Educación
2019-11-01,107.277384862,POTOSÍ,Educación
2019-12-01,107.277384862,POTOSÍ,Educación
2020-01-01,109.8816162992,POTOSÍ,Educación
2020-02-01,109.7144115777,POTOSÍ,Educación
2020-03-01,110.4181245805,POTOSÍ,Educación
2020-04-01,110.4181245834,POTOSÍ,Educación
2020-05-01,110.4181245834,POTOSÍ,Educación
2020-06-01,110.4181245834,POTOSÍ,Educación
2020-07-01,110.4181245834,POTOSÍ,Educación
2020-08-01,110.4181245834,POTOSÍ,Educación
2020-09-01,110.4181245834,POTOSÍ,Educación
2020-10-01,110.4181245834,POTOSÍ,Educación
2020-11-01,110.4181245834,POTOSÍ,Educación
2020-12-01,110.4181245834,POTOSÍ,Educación
2021-01-01,114.1417101012,POTOSÍ,Educación
2021-02-01,115.0468220753,POTOSÍ,Educación
2021-03-01,116.1059379052,POTOSÍ,Educación
2021-04-01,116.3724147448,POTOSÍ,Educación
2021-05-01,114.8868392104,POTOSÍ,Educación
2021-06-01,114.8868392133,POTOSÍ,Educación
2021-07-01,114.8868392,POTOSÍ,Educación
2021-08-01,114.8868392133,POTOSÍ,Educación
2021-09-01,114.3871007216,POTOSÍ,Educación
2021-10-01,114.3871007246,POTOSÍ,Educación
2021-11-01,114.3871007246,POTOSÍ,Educación
2021-12-01,114.3871007246,POTOSÍ,Educación
2022-01-01,117.2726147381,POTOSÍ,Educación
2022-02-01,121.0946334004,POTOSÍ,Educación
2022-03-01,122.2764400399,POTOSÍ,Educación
2022-04-01,122.2764400428,POTOSÍ,Educación
2022-05-01,122.2764400428,POTOSÍ,Educación
2022-06-01,122.2764400428,POTOSÍ,Educación
2022-07-01,122.2764400428,POTOSÍ,Educación
2022-08-01,122.2764181272,POTOSÍ,Educación
2022-09-01,122.5986622666,POTOSÍ,Educación
2022-10-01,122.5986622666,POTOSÍ,Educación
2022-11-01,122.5986623,POTOSÍ,Educación
2022-12-01,122.5986622666,POTOSÍ,Educación
2023-01-01,123.5017579476,POTOSÍ,Educación
2023-02-01,123.7295225697,POTOSÍ,Educación
2023-03-01,123.930060418,POTOSÍ,Educación
2023-04-01,123.930060418,POTOSÍ,Educación
2023-05-01,123.930060418,POTOSÍ,Educación
2023-06-01,123.930060418,POTOSÍ,Educación
2023-07-01,123.9300604,POTOSÍ,Educación
2023-08-01,123.930060418,POTOSÍ,Educación
2023-09-01,123.930060418,POTOSÍ,Educación
2023-10-01,123.930060418,POTOSÍ,Educación
2023-11-01,123.9300604,POTOSÍ,Educación
2023-12-01,123.930060418,POTOSÍ,Educación
2024-01-01,124.5000960476,POTOSÍ,Educación
2024-02-01,124.5619305,POTOSÍ,Educación
2024-03-01,124.5619304896,POTOSÍ,Educación
2024-04-01,124.5619524052,POTOSÍ,Educación
2024-05-01,124.6243961206,POTOSÍ,Educación
2024-06-01,124.6243961235,POTOSÍ,Educación
2024-07-01,124.6243961235,POTOSÍ,Educación
2024-08-01,125.1856300128,POTOSÍ,Educación
2024-09-01,125.1856300128,POTOSÍ,Educación
2024-10-01,125.1856300128,POTOSÍ,Educación
2024-11-01,125.1856300128,POTOSÍ,Educación
2024-12-01,125.1856300128,POTOSÍ,Educación
2025-01-01,126.3064310312,POTOSÍ,Educación
2025-02-01,126.3298936093,POTOSÍ,Educación
2025-03-01,126.8431108147,POTOSÍ,Educación
2025-04-01,126.8431108147,POTOSÍ,Educación
2025-05-01,126.8431108147,POTOSÍ,Educación
2025-06-01,125.6339026816,POTOSÍ,Educación
2025-07-01,127.1111817063,POTOSÍ,Educación
2025-08-01,127.1111817063,POTOSÍ,Educación
2025-09-01,128.2798200216,POTOSÍ,Educación
2025-10-01,128.2798200216,POTOSÍ,Educación
2025-11-01,128.2798200216,POTOSÍ,Educación
2025-12-01,128.2798200216,POTOSÍ,Educación
2026-01-01,131.7819166303,POTOSÍ,Educación
2026-02-01,132.8997062606,POTOSÍ,Educación
2026-03-01,133.6736178527,POTOSÍ,Educación
2026-04-01,133.6736178527,POTOSÍ,Educación
2026-05-01,133.6736178527,POTOSÍ,Educación
2026-06-01,133.6736178527,POTOSÍ,Educación
2026-07-01,133.7077987469,POTOSÍ,Educación
2018-01-01,104.6281237217,POTOSÍ,"Muebles, bienes y servicios domésticos"
2018-02-01,104.6565137015,POTOSÍ,"Muebles, bienes y servicios domésticos"
2018-03-01,105.5463902553,POTOSÍ,"Muebles, bienes y servicios domésticos"
2018-04-01,104.3220711752,POTOSÍ,"Muebles, bienes y servicios domésticos"
2018-05-01,104.2503709352,POTOSÍ,"Muebles, bienes y servicios domésticos"
2018-06-01,104.8433577963,POTOSÍ,"Muebles, bienes y servicios domésticos"
2018-07-01,104.6638020731,POTOSÍ,"Muebles, bienes y servicios domésticos"
2018-08-01,104.6105472959,POTOSÍ,"Muebles, bienes y servicios domésticos"
2018-09-01,104.2994701737,POTOSÍ,"Muebles, bienes y servicios domésticos"
2018-10-01,104.1963282269,POTOSÍ,"Muebles, bienes y servicios domésticos"
2018-11-01,104.3470576428,POTOSÍ,"Muebles, bienes y servicios domésticos"
2018-12-01,104.9180874069,POTOSÍ,"Muebles, bienes y servicios domésticos"
2019-01-01,104.7001221549,POTOSÍ,"Muebles, bienes y servicios domésticos"
2019-02-01,104.8876888875,POTOSÍ,"Muebles, bienes y servicios domésticos"
2019-03-01,105.0810496847,POTOSÍ,"Muebles, bienes y servicios domésticos"
2019-04-01,104.9173966715,POTOSÍ,"Muebles, bienes y servicios domésticos"
2019-05-01,105.0561784908,POTOSÍ,"Muebles, bienes y servicios domésticos"
2019-06-01,104.74918137,POTOSÍ,"Muebles, bienes y servicios domésticos"
2019-07-01,105.1270964146,POTOSÍ,"Muebles, bienes y servicios domésticos"
2019-08-01,104.9225121767,POTOSÍ,"Muebles, bienes y servicios domésticos"
2019-09-01,104.5120309149,POTOSÍ,"Muebles, bienes y servicios domésticos"
2019-10-01,104.0507373408,POTOSÍ,"Muebles, bienes y servicios domésticos"
2019-11-01,103.8521116448,POTOSÍ,"Muebles, bienes y servicios domésticos"
2019-12-01,104.2334013215,POTOSÍ,"Muebles, bienes y servicios domésticos"
2020-01-01,104.3229695187,POTOSÍ,"Muebles, bienes y servicios domésticos"
2020-02-01,104.4587691999,POTOSÍ,"Muebles, bienes y servicios domésticos"
2020-03-01,104.3441360266,POTOSÍ,"Muebles, bienes y servicios domésticos"
2020-04-01,104.3441266946,POTOSÍ,"Muebles, bienes y servicios domésticos"
2020-05-01,104.4537604831,POTOSÍ,"Muebles, bienes y servicios domésticos"
2020-06-01,104.5002065052,POTOSÍ,"Muebles, bienes y servicios domésticos"
2020-07-01,105.1824437958,POTOSÍ,"Muebles, bienes y servicios domésticos"
2020-08-01,106.4989099447,POTOSÍ,"Muebles, bienes y servicios domésticos"
2020-09-01,104.8049296655,POTOSÍ,"Muebles, bienes y servicios domésticos"
2020-10-01,104.4473327159,POTOSÍ,"Muebles, bienes y servicios domésticos"
2020-11-01,104.5322025967,POTOSÍ,"Muebles, bienes y servicios domésticos"
2020-12-01,105.1247093001,POTOSÍ,"Muebles, bienes y servicios domésticos"
2021-01-01,105.6675572336,POTOSÍ,"Muebles, bienes y servicios domésticos"
2021-02-01,105.9405448914,POTOSÍ,"Muebles, bienes y servicios domésticos"
2021-03-01,105.908777513,POTOSÍ,"Muebles, bienes y servicios domésticos"
2021-04-01,105.8150926513,POTOSÍ,"Muebles, bienes y servicios domésticos"
2021-05-01,105.3593297445,POTOSÍ,"Muebles, bienes y servicios domésticos"
2021-06-01,105.9019887309,POTOSÍ,"Muebles, bienes y servicios domésticos"
2021-07-01,105.9557093,POTOSÍ,"Muebles, bienes y servicios domésticos"
2021-08-01,105.4954179737,POTOSÍ,"Muebles, bienes y servicios domésticos"
2021-09-01,105.2712537266,POTOSÍ,"Muebles, bienes y servicios domésticos"
2021-10-01,105.6805201409,POTOSÍ,"Muebles, bienes y servicios domésticos"
2021-11-01,105.5416450692,POTOSÍ,"Muebles, bienes y servicios domésticos"
2021-12-01,106.2055467201,POTOSÍ,"Muebles, bienes y servicios domésticos"
2022-01-01,106.6200905691,POTOSÍ,"Muebles, bienes y servicios domésticos"
2022-02-01,106.8188098633,POTOSÍ,"Muebles, bienes y servicios domésticos"
2022-03-01,107.5931757462,POTOSÍ,"Muebles, bienes y servicios domésticos"
2022-04-01,107.8893602913,POTOSÍ,"Muebles, bienes y servicios domésticos"
2022-05-01,107.6659680405,POTOSÍ,"Muebles, bienes y servicios domésticos"
2022-06-01,107.6089404756,POTOSÍ,"Muebles, bienes y servicios domésticos"
2022-07-01,108.3428226867,POTOSÍ,"Muebles, bienes y servicios domésticos"
2022-08-01,109.3654764205,POTOSÍ,"Muebles, bienes y servicios domésticos"
2022-09-01,109.1164845524,POTOSÍ,"Muebles, bienes y servicios domésticos"
2022-10-01,109.3683504801,POTOSÍ,"Muebles, bienes y servicios domésticos"
2022-11-01,109.2473013,POTOSÍ,"Muebles, bienes y servicios domésticos"
2022-12-01,109.2097913648,POTOSÍ,"Muebles, bienes y servicios domésticos"
2023-01-01,109.3266551661,POTOSÍ,"Muebles, bienes y servicios domésticos"
2023-02-01,109.2557281119,POTOSÍ,"Muebles, bienes y servicios domésticos"
2023-03-01,109.6335666066,POTOSÍ,"Muebles, bienes y servicios domésticos"
2023-04-01,109.6268296455,POTOSÍ,"Muebles, bienes y servicios domésticos"
2023-05-01,110.6468205844,POTOSÍ,"Muebles, bienes y servicios domésticos"
2023-06-01,111.4376219143,POTOSÍ,"Muebles, bienes y servicios domésticos"
2023-07-01,111.8084016,POTOSÍ,"Muebles, bienes y servicios domésticos"
2023-08-01,111.6995157599,POTOSÍ,"Muebles, bienes y servicios domésticos"
2023-09-01,111.2924997372,POTOSÍ,"Muebles, bienes y servicios domésticos"
2023-10-01,111.1678731519,POTOSÍ,"Muebles, bienes y servicios domésticos"
2023-11-01,110.6269839,POTOSÍ,"Muebles, bienes y servicios domésticos"
2023-12-01,111.089463823,POTOSÍ,"Muebles, bienes y servicios domésticos"
2024-01-01,111.571082478,POTOSÍ,"Muebles, bienes y servicios domésticos"
2024-02-01,112.2910797,POTOSÍ,"Muebles, bienes y servicios domésticos"
2024-03-01,113.0661194221,POTOSÍ,"Muebles, bienes y servicios domésticos"
2024-04-01,114.6570248762,POTOSÍ,"Muebles, bienes y servicios domésticos"
2024-05-01,114.163388479,POTOSÍ,"Muebles, bienes y servicios domésticos"
2024-06-01,114.6564232993,POTOSÍ,"Muebles, bienes y servicios domésticos"
2024-07-01,115.5436858631,POTOSÍ,"Muebles, bienes y servicios domésticos"
2024-08-01,120.5217998506,POTOSÍ,"Muebles, bienes y servicios domésticos"
2024-09-01,121.579492029,POTOSÍ,"Muebles, bienes y servicios domésticos"
2024-10-01,122.482472051,POTOSÍ,"Muebles, bienes y servicios domésticos"
2024-11-01,123.9502450453,POTOSÍ,"Muebles, bienes y servicios domésticos"
2024-12-01,126.6371107618,POTOSÍ,"Muebles, bienes y servicios domésticos"
2025-01-01,127.9822363929,POTOSÍ,"Muebles, bienes y servicios domésticos"
2025-02-01,130.1302894957,POTOSÍ,"Muebles, bienes y servicios domésticos"
2025-03-01,130.536794257,POTOSÍ,"Muebles, bienes y servicios domésticos"
2025-04-01,133.3709801644,POTOSÍ,"Muebles, bienes y servicios domésticos"
2025-05-01,144.3359461156,POTOSÍ,"Muebles, bienes y servicios domésticos"
2025-06-01,151.897171973,POTOSÍ,"Muebles, bienes y servicios domésticos"
2025-07-01,156.9756984977,POTOSÍ,"Muebles, bienes y servicios domésticos"
2025-08-01,157.1807101109,POTOSÍ,"Muebles, bienes y servicios domésticos"
2025-09-01,162.0783998349,POTOSÍ,"Muebles, bienes y servicios domésticos"
2025-10-01,163.0777814062,POTOSÍ,"Muebles, bienes y servicios domésticos"
2025-11-01,159.6603125371,POTOSÍ,"Muebles, bienes y servicios domésticos"
2025-12-01,159.9229893145,POTOSÍ,"Muebles, bienes y servicios domésticos"
2026-01-01,159.7290383303,POTOSÍ,"Muebles, bienes y servicios domésticos"
2026-02-01,160.1871698829,POTOSÍ,"Muebles, bienes y servicios domésticos"
2026-03-01,158.2014645623,POTOSÍ,"Muebles, bienes y servicios domésticos"
2026-04-01,156.6935238031,POTOSÍ,"Muebles, bienes y servicios domésticos"
2026-05-01,155.8254770966,POTOSÍ,"Muebles, bienes y servicios domésticos"
2026-06-01,156.0132781448,POTOSÍ,"Muebles, bienes y servicios domésticos"
2026-07-01,160.9253564122,POTOSÍ,"Muebles, bienes y servicios domésticos"
2018-01-01,99.6334932906,POTOSÍ,Prendas de vestir y calzado
2018-02-01,100.3861361095,POTOSÍ,Prendas de vestir y calzado
2018-03-01,100.496026504,POTOSÍ,Prendas de vestir y calzado
2018-04-01,100.2221212091,POTOSÍ,Prendas de vestir y calzado
2018-05-01,100.2991939077,POTOSÍ,Prendas de vestir y calzado
2018-06-01,100.7632741718,POTOSÍ,Prendas de vestir y calzado
2018-07-01,100.6183647957,POTOSÍ,Prendas de vestir y calzado
2018-08-01,100.8123445328,POTOSÍ,Prendas de vestir y calzado
2018-09-01,100.864036226,POTOSÍ,Prendas de vestir y calzado
2018-10-01,100.5492827002,POTOSÍ,Prendas de vestir y calzado
2018-11-01,100.9921967272,POTOSÍ,Prendas de vestir y calzado
2018-12-01,101.1379997335,POTOSÍ,Prendas de vestir y calzado
2019-01-01,100.6011313825,POTOSÍ,Prendas de vestir y calzado
2019-02-01,101.1863603713,POTOSÍ,Prendas de vestir y calzado
2019-03-01,101.3365312916,POTOSÍ,Prendas de vestir y calzado
2019-04-01,100.8311692279,POTOSÍ,Prendas de vestir y calzado
2019-05-01,100.5291180853,POTOSÍ,Prendas de vestir y calzado
2019-06-01,100.2753957561,POTOSÍ,Prendas de vestir y calzado
2019-07-01,100.1194169376,POTOSÍ,Prendas de vestir y calzado
2019-08-01,100.1737718433,POTOSÍ,Prendas de vestir y calzado
2019-09-01,99.8342999375,POTOSÍ,Prendas de vestir y calzado
2019-10-01,100.0796527418,POTOSÍ,Prendas de vestir y calzado
2019-11-01,99.9309835028,POTOSÍ,Prendas de vestir y calzado
2019-12-01,100.3643449626,POTOSÍ,Prendas de vestir y calzado
2020-01-01,100.2155713725,POTOSÍ,Prendas de vestir y calzado
2020-02-01,100.3239906689,POTOSÍ,Prendas de vestir y calzado
2020-03-01,99.6247111859,POTOSÍ,Prendas de vestir y calzado
2020-04-01,99.5827071168,POTOSÍ,Prendas de vestir y calzado
2020-05-01,99.7705278526,POTOSÍ,Prendas de vestir y calzado
2020-06-01,100.221214731,POTOSÍ,Prendas de vestir y calzado
2020-07-01,100.5499933138,POTOSÍ,Prendas de vestir y calzado
2020-08-01,100.5522350153,POTOSÍ,Prendas de vestir y calzado
2020-09-01,100.6890879697,POTOSÍ,Prendas de vestir y calzado
2020-10-01,99.8083627896,POTOSÍ,Prendas de vestir y calzado
2020-11-01,99.6072723303,POTOSÍ,Prendas de vestir y calzado
2020-12-01,99.4446984747,POTOSÍ,Prendas de vestir y calzado
2021-01-01,99.215838741,POTOSÍ,Prendas de vestir y calzado
2021-02-01,99.4876671144,POTOSÍ,Prendas de vestir y calzado
2021-03-01,99.220376778,POTOSÍ,Prendas de vestir y calzado
2021-04-01,99.4167569768,POTOSÍ,Prendas de vestir y calzado
2021-05-01,99.1648926228,POTOSÍ,Prendas de vestir y calzado
2021-06-01,99.4617919116,POTOSÍ,Prendas de vestir y calzado
2021-07-01,99.52003246,POTOSÍ,Prendas de vestir y calzado
2021-08-01,99.4654520914,POTOSÍ,Prendas de vestir y calzado
2021-09-01,99.7014795205,POTOSÍ,Prendas de vestir y calzado
2021-10-01,99.6685573827,POTOSÍ,Prendas de vestir y calzado
2021-11-01,99.7083171941,POTOSÍ,Prendas de vestir y calzado
2021-12-01,100.01893666,POTOSÍ,Prendas de vestir y calzado
2022-01-01,99.8529758798,POTOSÍ,Prendas de vestir y calzado
2022-02-01,100.3529287564,POTOSÍ,Prendas de vestir y calzado
2022-03-01,100.22642091,POTOSÍ,Prendas de vestir y calzado
2022-04-01,100.4913142173,POTOSÍ,Prendas de vestir y calzado
2022-05-01,100.6450387379,POTOSÍ,Prendas de vestir y calzado
2022-06-01,100.0583911394,POTOSÍ,Prendas de vestir y calzado
2022-07-01,100.6036479332,POTOSÍ,Prendas de vestir y calzado
2022-08-01,100.9100911961,POTOSÍ,Prendas de vestir y calzado
2022-09-01,100.7221066951,POTOSÍ,Prendas de vestir y calzado
2022-10-01,100.9115051102,POTOSÍ,Prendas de vestir y calzado
2022-11-01,101.0584843,POTOSÍ,Prendas de vestir y calzado
2022-12-01,101.0901734247,POTOSÍ,Prendas de vestir y calzado
2023-01-01,101.0726175526,POTOSÍ,Prendas de vestir y calzado
2023-02-01,101.1826934136,POTOSÍ,Prendas de vestir y calzado
2023-03-01,101.3042686456,POTOSÍ,Prendas de vestir y calzado
2023-04-01,101.6337470575,POTOSÍ,Prendas de vestir y calzado
2023-05-01,101.7915757136,POTOSÍ,Prendas de vestir y calzado
2023-06-01,101.9389956827,POTOSÍ,Prendas de vestir y calzado
2023-07-01,101.8807084,POTOSÍ,Prendas de vestir y calzado
2023-08-01,101.9088346504,POTOSÍ,Prendas de vestir y calzado
2023-09-01,102.019840073,POTOSÍ,Prendas de vestir y calzado
2023-10-01,101.8522650744,POTOSÍ,Prendas de vestir y calzado
2023-11-01,101.6585689,POTOSÍ,Prendas de vestir y calzado
2023-12-01,102.1336461508,POTOSÍ,Prendas de vestir y calzado
2024-01-01,102.3649084131,POTOSÍ,Prendas de vestir y calzado
2024-02-01,102.6643694,POTOSÍ,Prendas de vestir y calzado
2024-03-01,102.8870415258,POTOSÍ,Prendas de vestir y calzado
2024-04-01,103.2060435581,POTOSÍ,Prendas de vestir y calzado
2024-05-01,103.8257168078,POTOSÍ,Prendas de vestir y calzado
2024-06-01,104.2188766563,POTOSÍ,Prendas de vestir y calzado
2024-07-01,105.141083782,POTOSÍ,Prendas de vestir y calzado
2024-08-01,107.3453630661,POTOSÍ,Prendas de vestir y calzado
2024-09-01,108.2502130188,POTOSÍ,Prendas de vestir y calzado
2024-10-01,109.7951005083,POTOSÍ,Prendas de vestir y calzado
2024-11-01,110.8020189888,POTOSÍ,Prendas de vestir y calzado
2024-12-01,112.8258527918,POTOSÍ,Prendas de vestir y calzado
2025-01-01,114.3620696746,POTOSÍ,Prendas de vestir y calzado
2025-02-01,116.3533452597,POTOSÍ,Prendas de vestir y calzado
2025-03-01,117.6682907576,POTOSÍ,Prendas de vestir y calzado
2025-04-01,119.2544407148,POTOSÍ,Prendas de vestir y calzado
2025-05-01,122.7073327204,POTOSÍ,Prendas de vestir y calzado
2025-06-01,128.6504339451,POTOSÍ,Prendas de vestir y calzado
2025-07-01,131.8284243844,POTOSÍ,Prendas de vestir y calzado
2025-08-01,134.365786359,POTOSÍ,Prendas de vestir y calzado
2025-09-01,137.4795459354,POTOSÍ,Prendas de vestir y calzado
2025-10-01,137.6535891763,POTOSÍ,Prendas de vestir y calzado
2025-11-01,138.7348982302,POTOSÍ,Prendas de vestir y calzado
2025-12-01,139.6775890576,POTOSÍ,Prendas de vestir y calzado
2026-01-01,140.8578752202,POTOSÍ,Prendas de vestir y calzado
2026-02-01,141.5919603538,POTOSÍ,Prendas de vestir y calzado
2026-03-01,141.527004579,POTOSÍ,Prendas de vestir y calzado
2026-04-01,141.7587548902,POTOSÍ,Prendas de vestir y calzado
2026-05-01,141.9686166723,POTOSÍ,Prendas de vestir y calzado
2026-06-01,142.0992524292,POTOSÍ,Prendas de vestir y calzado
2026-07-01,143.8092329105,POTOSÍ,Prendas de vestir y calzado
2018-01-01,100.9576161762,POTOSÍ,Recreación y cultura
2018-02-01,101.8530889419,POTOSÍ,Recreación y cultura
2018-03-01,102.0346764775,POTOSÍ,Recreación y cultura
2018-04-01,101.8278204344,POTOSÍ,Recreación y cultura
2018-05-01,102.3706854505,POTOSÍ,Recreación y cultura
2018-06-01,103.5691437223,POTOSÍ,Recreación y cultura
2018-07-01,103.005378116,POTOSÍ,Recreación y cultura
2018-08-01,103.1602951884,POTOSÍ,Recreación y cultura
2018-09-01,103.251119985,POTOSÍ,Recreación y cultura
2018-10-01,102.5487369149,POTOSÍ,Recreación y cultura
2018-11-01,102.9104620101,POTOSÍ,Recreación y cultura
2018-12-01,102.8868258403,POTOSÍ,Recreación y cultura
2019-01-01,102.5730878942,POTOSÍ,Recreación y cultura
2019-02-01,102.1020439586,POTOSÍ,Recreación y cultura
2019-03-01,102.2392854778,POTOSÍ,Recreación y cultura
2019-04-01,102.495770175,POTOSÍ,Recreación y cultura
2019-05-01,102.1132220784,POTOSÍ,Recreación y cultura
2019-06-01,101.8143544366,POTOSÍ,Recreación y cultura
2019-07-01,102.1191980245,POTOSÍ,Recreación y cultura
2019-08-01,102.3224647457,POTOSÍ,Recreación y cultura
2019-09-01,102.3693918571,POTOSÍ,Recreación y cultura
2019-10-01,102.5295359768,POTOSÍ,Recreación y cultura
2019-11-01,102.1709895301,POTOSÍ,Recreación y cultura
2019-12-01,102.3581394671,POTOSÍ,Recreación y cultura
2020-01-01,102.3444679786,POTOSÍ,Recreación y cultura
2020-02-01,103.1815272855,POTOSÍ,Recreación y cultura
2020-03-01,103.0273993536,POTOSÍ,Recreación y cultura
2020-04-01,103.0273993536,POTOSÍ,Recreación y cultura
2020-05-01,103.0273993536,POTOSÍ,Recreación y cultura
2020-06-01,103.6783136193,POTOSÍ,Recreación y cultura
2020-07-01,106.7393268296,POTOSÍ,Recreación y cultura
2020-08-01,105.3617406785,POTOSÍ,Recreación y cultura
2020-09-01,106.3920242503,POTOSÍ,Recreación y cultura
2020-10-01,106.2327356922,POTOSÍ,Recreación y cultura
2020-11-01,106.1862399673,POTOSÍ,Recreación y cultura
2020-12-01,106.4874581191,POTOSÍ,Recreación y cultura
2021-01-01,106.7800904772,POTOSÍ,Recreación y cultura
2021-02-01,107.6649034409,POTOSÍ,Recreación y cultura
2021-03-01,107.4650448792,POTOSÍ,Recreación y cultura
2021-04-01,107.9395769691,POTOSÍ,Recreación y cultura
2021-05-01,107.7424676296,POTOSÍ,Recreación y cultura
2021-06-01,108.2701500263,POTOSÍ,Recreación y cultura
2021-07-01,108.0191584,POTOSÍ,Recreación y cultura
2021-08-01,107.6463453681,POTOSÍ,Recreación y cultura
2021-09-01,108.0360973657,POTOSÍ,Recreación y cultura
2021-10-01,108.5077461929,POTOSÍ,Recreación y cultura
2021-11-01,108.1099379352,POTOSÍ,Recreación y cultura
2021-12-01,108.370830242,POTOSÍ,Recreación y cultura
2022-01-01,108.3761938837,POTOSÍ,Recreación y cultura
2022-02-01,108.8449440608,POTOSÍ,Recreación y cultura
2022-03-01,108.5094644599,POTOSÍ,Recreación y cultura
2022-04-01,108.4162997672,POTOSÍ,Recreación y cultura
2022-05-01,108.3953283261,POTOSÍ,Recreación y cultura
2022-06-01,108.9517008048,POTOSÍ,Recreación y cultura
2022-07-01,108.967950506,POTOSÍ,Recreación y cultura
2022-08-01,109.1862896788,POTOSÍ,Recreación y cultura
2022-09-01,109.1254566205,POTOSÍ,Recreación y cultura
2022-10-01,109.3370138547,POTOSÍ,Recreación y cultura
2022-11-01,108.4647894,POTOSÍ,Recreación y cultura
2022-12-01,107.8795117115,POTOSÍ,Recreación y cultura
2023-01-01,107.9975718862,POTOSÍ,Recreación y cultura
2023-02-01,107.7418267382,POTOSÍ,Recreación y cultura
2023-03-01,107.77090618,POTOSÍ,Recreación y cultura
2023-04-01,108.1334096139,POTOSÍ,Recreación y cultura
2023-05-01,109.1054495518,POTOSÍ,Recreación y cultura
2023-06-01,108.7321204541,POTOSÍ,Recreación y cultura
2023-07-01,108.8007039,POTOSÍ,Recreación y cultura
2023-08-01,108.8362333303,POTOSÍ,Recreación y cultura
2023-09-01,108.9602424682,POTOSÍ,Recreación y cultura
2023-10-01,108.9516364984,POTOSÍ,Recreación y cultura
2023-11-01,108.775822,POTOSÍ,Recreación y cultura
2023-12-01,108.1018003234,POTOSÍ,Recreación y cultura
2024-01-01,109.315245511,POTOSÍ,Recreación y cultura
2024-02-01,111.2284582,POTOSÍ,Recreación y cultura
2024-03-01,111.7640729783,POTOSÍ,Recreación y cultura
2024-04-01,112.4343709595,POTOSÍ,Recreación y cultura
2024-05-01,112.9550321912,POTOSÍ,Recreación y cultura
2024-06-01,113.3813778023,POTOSÍ,Recreación y cultura
2024-07-01,114.2109637935,POTOSÍ,Recreación y cultura
2024-08-01,116.8453593484,POTOSÍ,Recreación y cultura
2024-09-01,116.8308441629,POTOSÍ,Recreación y cultura
2024-10-01,116.2598791226,POTOSÍ,Recreación y cultura
2024-11-01,116.4038985428,POTOSÍ,Recreación y cultura
2024-12-01,117.4262765911,POTOSÍ,Recreación y cultura
2025-01-01,118.9670276867,POTOSÍ,Recreación y cultura
2025-02-01,122.1334399676,POTOSÍ,Recreación y cultura
2025-03-01,124.5714588507,POTOSÍ,Recreación y cultura
2025-04-01,126.369327436,POTOSÍ,Recreación y cultura
2025-05-01,133.2760735232,POTOSÍ,Recreación y cultura
2025-06-01,132.7449868997,POTOSÍ,Recreación y cultura
2025-07-01,135.0287863366,POTOSÍ,Recreación y cultura
2025-08-01,137.3461778273,POTOSÍ,Recreación y cultura
2025-09-01,135.5391579468,POTOSÍ,Recreación y cultura
2025-10-01,135.3102467674,POTOSÍ,Recreación y cultura
2025-11-01,131.4110495486,POTOSÍ,Recreación y cultura
2025-12-01,129.4032481296,POTOSÍ,Recreación y cultura
2026-01-01,131.8236934803,POTOSÍ,Recreación y cultura
2026-02-01,130.8875550692,POTOSÍ,Recreación y cultura
2026-03-01,129.0520958403,POTOSÍ,Recreación y cultura
2026-04-01,130.3765336917,POTOSÍ,Recreación y cultura
2026-05-01,130.2927102333,POTOSÍ,Recreación y cultura
2026-06-01,130.8708571391,POTOSÍ,Recreación y cultura
2026-07-01,134.1311594077,POTOSÍ,Recreación y cultura
2018-01-01,102.4097650179,POTOSÍ,Salud
2018-02-01,102.1875350387,POTOSÍ,Salud
2018-03-01,102.6026336567,POTOSÍ,Salud
2018-04-01,102.578051749,POTOSÍ,Salud
2018-05-01,103.0702785535,POTOSÍ,Salud
2018-06-01,104.167929186,POTOSÍ,Salud
2018-07-01,103.827817227,POTOSÍ,Salud
2018-08-01,104.7669318607,POTOSÍ,Salud
2018-09-01,104.6673999615,POTOSÍ,Salud
2018-10-01,104.1398087046,POTOSÍ,Salud
2018-11-01,104.9494057925,POTOSÍ,Salud
2018-12-01,105.3215294501,POTOSÍ,Salud
2019-01-01,106.1886707068,POTOSÍ,Salud
2019-02-01,106.097901915,POTOSÍ,Salud
2019-03-01,106.0600109259,POTOSÍ,Salud
2019-04-01,106.0349568577,POTOSÍ,Salud
2019-05-01,106.116277483,POTOSÍ,Salud
2019-06-01,106.4551236962,POTOSÍ,Salud
2019-07-01,106.5260452194,POTOSÍ,Salud
2019-08-01,106.8625758577,POTOSÍ,Salud
2019-09-01,107.2074344642,POTOSÍ,Salud
2019-10-01,107.0033835936,POTOSÍ,Salud
2019-11-01,107.4411274518,POTOSÍ,Salud
2019-12-01,107.0578905871,POTOSÍ,Salud
2020-01-01,106.8912487096,POTOSÍ,Salud
2020-02-01,106.9539181371,POTOSÍ,Salud
2020-03-01,106.5688601353,POTOSÍ,Salud
2020-04-01,107.925634421,POTOSÍ,Salud
2020-05-01,107.7719396972,POTOSÍ,Salud
2020-06-01,110.6671625436,POTOSÍ,Salud
2020-07-01,112.0356440951,POTOSÍ,Salud
2020-08-01,115.0027081788,POTOSÍ,Salud
2020-09-01,113.8542441256,POTOSÍ,Salud
2020-10-01,113.1699601912,POTOSÍ,Salud
2020-11-01,112.5385592284,POTOSÍ,Salud
2020-12-01,111.7064628566,POTOSÍ,Salud
2021-01-01,111.9064370384,POTOSÍ,Salud
2021-02-01,111.9484080853,POTOSÍ,Salud
2021-03-01,112.5705580653,POTOSÍ,Salud
2021-04-01,112.6864401034,POTOSÍ,Salud
2021-05-01,112.7778165536,POTOSÍ,Salud
2021-06-01,113.9159021471,POTOSÍ,Salud
2021-07-01,114.4022323,POTOSÍ,Salud
2021-08-01,114.7038322834,POTOSÍ,Salud
2021-09-01,114.7329634848,POTOSÍ,Salud
2021-10-01,115.2632218437,POTOSÍ,Salud
2021-11-01,115.136711168,POTOSÍ,Salud
2021-12-01,115.2826932748,POTOSÍ,Salud
2022-01-01,115.5155975853,POTOSÍ,Salud
2022-02-01,115.9037152895,POTOSÍ,Salud
2022-03-01,115.5935877124,POTOSÍ,Salud
2022-04-01,115.8939821488,POTOSÍ,Salud
2022-05-01,116.0201829472,POTOSÍ,Salud
2022-06-01,115.9469305455,POTOSÍ,Salud
2022-07-01,115.9315072869,POTOSÍ,Salud
2022-08-01,115.8383150935,POTOSÍ,Salud
2022-09-01,115.0236815168,POTOSÍ,Salud
2022-10-01,115.0223708922,POTOSÍ,Salud
2022-11-01,115.0296572,POTOSÍ,Salud
2022-12-01,115.0409548404,POTOSÍ,Salud
2023-01-01,115.1389782728,POTOSÍ,Salud
2023-02-01,115.4322636079,POTOSÍ,Salud
2023-03-01,116.0430096369,POTOSÍ,Salud
2023-04-01,116.1834928971,POTOSÍ,Salud
2023-05-01,116.8878027676,POTOSÍ,Salud
2023-06-01,117.0710487233,POTOSÍ,Salud
2023-07-01,117.7767963,POTOSÍ,Salud
2023-08-01,118.0122566367,POTOSÍ,Salud
2023-09-01,118.2692817893,POTOSÍ,Salud
2023-10-01,118.1681521431,POTOSÍ,Salud
2023-11-01,118.3536198,POTOSÍ,Salud
2023-12-01,118.9796218477,POTOSÍ,Salud
2024-01-01,118.8168346628,POTOSÍ,Salud
2024-02-01,119.4850466,POTOSÍ,Salud
2024-03-01,120.3314639815,POTOSÍ,Salud
2024-04-01,121.9417191258,POTOSÍ,Salud
2024-05-01,122.6888590566,POTOSÍ,Salud
2024-06-01,122.8461317952,POTOSÍ,Salud
2024-07-01,123.0821947978,POTOSÍ,Salud
2024-08-01,124.7848514337,POTOSÍ,Salud
2024-09-01,125.1770027066,POTOSÍ,Salud
2024-10-01,125.782304266,POTOSÍ,Salud
2024-11-01,127.1970569103,POTOSÍ,Salud
2024-12-01,128.5722898138,POTOSÍ,Salud
2025-01-01,129.1644648743,POTOSÍ,Salud
2025-02-01,131.2951239092,POTOSÍ,Salud
2025-03-01,134.2810838952,POTOSÍ,Salud
2025-04-01,135.8997294453,POTOSÍ,Salud
2025-05-01,140.8512563758,POTOSÍ,Salud
2025-06-01,146.980324121,POTOSÍ,Salud
2025-07-01,150.021358876,POTOSÍ,Salud
2025-08-01,152.2440452082,POTOSÍ,Salud
2025-09-01,153.6246984573,POTOSÍ,Salud
2025-10-01,154.9145127897,POTOSÍ,Salud
2025-11-01,154.3183066572,POTOSÍ,Salud
2025-12-01,156.0016474837,POTOSÍ,Salud
2026-01-01,156.4290917837,POTOSÍ,Salud
2026-02-01,159.6315068529,POTOSÍ,Salud
2026-03-01,162.128211886,POTOSÍ,Salud
2026-04-01,162.0251318135,POTOSÍ,Salud
2026-05-01,162.4012379057,POTOSÍ,Salud
2026-06-01,162.0246447474,POTOSÍ,Salud
2026-07-01,163.6467894108,POTOSÍ,Salud
2018-01-01,101.2027521681,POTOSÍ,Transporte
2018-02-01,100.4723005896,POTOSÍ,Transporte
2018-03-01,99.6347659301,POTOSÍ,Transporte
2018-04-01,99.2510587751,POTOSÍ,Transporte
2018-05-01,100.3342845886,POTOSÍ,Transporte
2018-06-01,100.0293281427,POTOSÍ,Transporte
2018-07-01,101.1644763089,POTOSÍ,Transporte
2018-08-01,100.8378259023,POTOSÍ,Transporte
2018-09-01,100.9171469211,POTOSÍ,Transporte
2018-10-01,100.8717383377,POTOSÍ,Transporte
2018-11-01,100.9494982631,POTOSÍ,Transporte
2018-12-01,102.0095054109,POTOSÍ,Transporte
2019-01-01,102.4503261682,POTOSÍ,Transporte
2019-02-01,101.3257888975,POTOSÍ,Transporte
2019-03-01,101.6924174886,POTOSÍ,Transporte
2019-04-01,101.7081409109,POTOSÍ,Transporte
2019-05-01,101.8606045283,POTOSÍ,Transporte
2019-06-01,102.2285994621,POTOSÍ,Transporte
2019-07-01,102.7662343208,POTOSÍ,Transporte
2019-08-01,102.0122991735,POTOSÍ,Transporte
2019-09-01,102.2252522331,POTOSÍ,Transporte
2019-10-01,104.8065891388,POTOSÍ,Transporte
2019-11-01,104.28568569,POTOSÍ,Transporte
2019-12-01,105.177921343,POTOSÍ,Transporte
2020-01-01,105.4064524714,POTOSÍ,Transporte
2020-02-01,105.0624719685,POTOSÍ,Transporte
2020-03-01,105.0496151858,POTOSÍ,Transporte
2020-04-01,105.0496151858,POTOSÍ,Transporte
2020-05-01,105.0667119787,POTOSÍ,Transporte
2020-06-01,105.075259401,POTOSÍ,Transporte
2020-07-01,105.383697876,POTOSÍ,Transporte
2020-08-01,105.7199240795,POTOSÍ,Transporte
2020-09-01,109.4634143811,POTOSÍ,Transporte
2020-10-01,110.1681665709,POTOSÍ,Transporte
2020-11-01,109.1514448829,POTOSÍ,Transporte
2020-12-01,108.3221346463,POTOSÍ,Transporte
2021-01-01,108.0481154158,POTOSÍ,Transporte
2021-02-01,107.2613256055,POTOSÍ,Transporte
2021-03-01,106.5279038727,POTOSÍ,Transporte
2021-04-01,106.0290760018,POTOSÍ,Transporte
2021-05-01,105.6538895058,POTOSÍ,Transporte
2021-06-01,105.501782397,POTOSÍ,Transporte
2021-07-01,105.4528703,POTOSÍ,Transporte
2021-08-01,105.6868757912,POTOSÍ,Transporte
2021-09-01,106.2393958283,POTOSÍ,Transporte
2021-10-01,106.2080188889,POTOSÍ,Transporte
2021-11-01,106.7407942443,POTOSÍ,Transporte
2021-12-01,107.7629707086,POTOSÍ,Transporte
2022-01-01,107.2409689144,POTOSÍ,Transporte
2022-02-01,106.9216658083,POTOSÍ,Transporte
2022-03-01,107.1385574206,POTOSÍ,Transporte
2022-04-01,107.2081072454,POTOSÍ,Transporte
2022-05-01,107.3002652921,POTOSÍ,Transporte
2022-06-01,106.8248814857,POTOSÍ,Transporte
2022-07-01,108.1121697857,POTOSÍ,Transporte
2022-08-01,107.3915609997,POTOSÍ,Transporte
2022-09-01,106.9913931103,POTOSÍ,Transporte
2022-10-01,106.8740489003,POTOSÍ,Transporte
2022-11-01,107.1590934,POTOSÍ,Transporte
2022-12-01,108.6560075682,POTOSÍ,Transporte
2023-01-01,108.4984520427,POTOSÍ,Transporte
2023-02-01,108.2799720097,POTOSÍ,Transporte
2023-03-01,108.8437281552,POTOSÍ,Transporte
2023-04-01,107.7739679689,POTOSÍ,Transporte
2023-05-01,107.2866668876,POTOSÍ,Transporte
2023-06-01,107.3646133062,POTOSÍ,Transporte
2023-07-01,108.6501798,POTOSÍ,Transporte
2023-08-01,107.9717385736,POTOSÍ,Transporte
2023-09-01,107.9577248134,POTOSÍ,Transporte
2023-10-01,107.8240394211,POTOSÍ,Transporte
2023-11-01,108.1102241,POTOSÍ,Transporte
2023-12-01,109.3975342066,POTOSÍ,Transporte
2024-01-01,110.2894017842,POTOSÍ,Transporte
2024-02-01,109.5720745,POTOSÍ,Transporte
2024-03-01,108.4496280609,POTOSÍ,Transporte
2024-04-01,109.3972525656,POTOSÍ,Transporte
2024-05-01,110.3593682097,POTOSÍ,Transporte
2024-06-01,111.7887294219,POTOSÍ,Transporte
2024-07-01,114.876741695,POTOSÍ,Transporte
2024-08-01,113.6469995246,POTOSÍ,Transporte
2024-09-01,114.4695400096,POTOSÍ,Transporte
2024-10-01,114.6118756179,POTOSÍ,Transporte
2024-11-01,119.081580403,POTOSÍ,Transporte
2024-12-01,131.9201245437,POTOSÍ,Transporte
2025-01-01,133.3347542298,POTOSÍ,Transporte
2025-02-01,132.5785937149,POTOSÍ,Transporte
2025-03-01,132.0104962219,POTOSÍ,Transporte
2025-04-01,131.5878807404,POTOSÍ,Transporte
2025-05-01,132.0105939346,POTOSÍ,Transporte
2025-06-01,133.1009708158,POTOSÍ,Transporte
2025-07-01,137.3404597271,POTOSÍ,Transporte
2025-08-01,139.4721002749,POTOSÍ,Transporte
2025-09-01,139.6542310808,POTOSÍ,Transporte
2025-10-01,141.8773197781,POTOSÍ,Transporte
2025-11-01,141.4804145206,POTOSÍ,Transporte
2025-12-01,172.3966732228,POTOSÍ,Transporte
2026-01-01,191.5857445131,POTOSÍ,Transporte
2026-02-01,192.6600525781,POTOSÍ,Transporte
2026-03-01,190.9934805245,POTOSÍ,Transporte
2026-04-01,190.6534044613,POTOSÍ,Transporte
2026-05-01,190.4935988407,POTOSÍ,Transporte
2026-06-01,194.3993228039,POTOSÍ,Transporte
2026-07-01,201.8590505787,POTOSÍ,Transporte
2018-01-01,103.1161221173,POTOSÍ,Vivienda y servicios básicos
2018-02-01,103.3098409785,POTOSÍ,Vivienda y servicios básicos
2018-03-01,103.4981032884,POTOSÍ,Vivienda y servicios básicos
2018-04-01,103.4542429849,POTOSÍ,Vivienda y servicios básicos
2018-05-01,103.4403989176,POTOSÍ,Vivienda y servicios básicos
2018-06-01,103.3676783096,POTOSÍ,Vivienda y servicios básicos
2018-07-01,103.2004357428,POTOSÍ,Vivienda y servicios básicos
2018-08-01,102.8863925704,POTOSÍ,Vivienda y servicios básicos
2018-09-01,102.7965510309,POTOSÍ,Vivienda y servicios básicos
2018-10-01,102.8048954161,POTOSÍ,Vivienda y servicios básicos
2018-11-01,102.9087754287,POTOSÍ,Vivienda y servicios básicos
2018-12-01,102.91956471,POTOSÍ,Vivienda y servicios básicos
2019-01-01,102.9467155609,POTOSÍ,Vivienda y servicios básicos
2019-02-01,103.0996969881,POTOSÍ,Vivienda y servicios básicos
2019-03-01,103.302460516,POTOSÍ,Vivienda y servicios básicos
2019-04-01,103.5588027474,POTOSÍ,Vivienda y servicios básicos
2019-05-01,103.6510152164,POTOSÍ,Vivienda y servicios básicos
2019-06-01,103.6554822635,POTOSÍ,Vivienda y servicios básicos
2019-07-01,103.822295176,POTOSÍ,Vivienda y servicios básicos
2019-08-01,103.752725594,POTOSÍ,Vivienda y servicios básicos
2019-09-01,103.6049434743,POTOSÍ,Vivienda y servicios básicos
2019-10-01,103.7069145472,POTOSÍ,Vivienda y servicios básicos
2019-11-01,103.9640024327,POTOSÍ,Vivienda y servicios básicos
2019-12-01,103.5316076397,POTOSÍ,Vivienda y servicios básicos
2020-01-01,103.810654192,POTOSÍ,Vivienda y servicios básicos
2020-02-01,103.7138085063,POTOSÍ,Vivienda y servicios básicos
2020-03-01,103.8031511473,POTOSÍ,Vivienda y servicios básicos
2020-04-01,103.8934844821,POTOSÍ,Vivienda y servicios básicos
2020-05-01,104.0713756234,POTOSÍ,Vivienda y servicios básicos
2020-06-01,103.9974760685,POTOSÍ,Vivienda y servicios básicos
2020-07-01,103.9157485199,POTOSÍ,Vivienda y servicios básicos
2020-08-01,103.8631644212,POTOSÍ,Vivienda y servicios básicos
2020-09-01,104.1483834486,POTOSÍ,Vivienda y servicios básicos
2020-10-01,104.099555481,POTOSÍ,Vivienda y servicios básicos
2020-11-01,104.5037686457,POTOSÍ,Vivienda y servicios básicos
2020-12-01,104.6471965049,POTOSÍ,Vivienda y servicios básicos
2021-01-01,104.5375792127,POTOSÍ,Vivienda y servicios básicos
2021-02-01,104.5903846187,POTOSÍ,Vivienda y servicios básicos
2021-03-01,104.7750420159,POTOSÍ,Vivienda y servicios básicos
2021-04-01,104.6040777663,POTOSÍ,Vivienda y servicios básicos
2021-05-01,104.9057184292,POTOSÍ,Vivienda y servicios básicos
2021-06-01,104.0959308988,POTOSÍ,Vivienda y servicios básicos
2021-07-01,104.0032358,POTOSÍ,Vivienda y servicios básicos
2021-08-01,103.9642010045,POTOSÍ,Vivienda y servicios básicos
2021-09-01,104.1219348311,POTOSÍ,Vivienda y servicios básicos
2021-10-01,104.2033207231,POTOSÍ,Vivienda y servicios básicos
2021-11-01,104.084996917,POTOSÍ,Vivienda y servicios básicos
2021-12-01,104.0683237065,POTOSÍ,Vivienda y servicios básicos
2022-01-01,104.197353765,POTOSÍ,Vivienda y servicios básicos
2022-02-01,104.2711948102,POTOSÍ,Vivienda y servicios básicos
2022-03-01,104.286711137,POTOSÍ,Vivienda y servicios básicos
2022-04-01,104.3466801236,POTOSÍ,Vivienda y servicios básicos
2022-05-01,104.7480948056,POTOSÍ,Vivienda y servicios básicos
2022-06-01,104.6141175869,POTOSÍ,Vivienda y servicios básicos
2022-07-01,104.6011652362,POTOSÍ,Vivienda y servicios básicos
2022-08-01,104.6955942778,POTOSÍ,Vivienda y servicios básicos
2022-09-01,104.7430543861,POTOSÍ,Vivienda y servicios básicos
2022-10-01,104.6651591291,POTOSÍ,Vivienda y servicios básicos
2022-11-01,104.7978633,POTOSÍ,Vivienda y servicios básicos
2022-12-01,104.8464511354,POTOSÍ,Vivienda y servicios básicos
2023-01-01,104.8630282349,POTOSÍ,Vivienda y servicios básicos
2023-02-01,104.9652519798,POTOSÍ,Vivienda y servicios básicos
2023-03-01,105.4421791462,POTOSÍ,Vivienda y servicios básicos
2023-04-01,106.3591680174,POTOSÍ,Vivienda y servicios básicos
2023-05-01,106.8832661723,POTOSÍ,Vivienda y servicios básicos
2023-06-01,106.8813509148,POTOSÍ,Vivienda y servicios básicos
2023-07-01,106.9621594,POTOSÍ,Vivienda y servicios básicos
2023-08-01,106.8407746323,POTOSÍ,Vivienda y servicios básicos
2023-09-01,106.8651908847,POTOSÍ,Vivienda y servicios básicos
2023-10-01,107.256970084,POTOSÍ,Vivienda y servicios básicos
2023-11-01,107.4161267,POTOSÍ,Vivienda y servicios básicos
2023-12-01,107.3733026373,POTOSÍ,Vivienda y servicios básicos
2024-01-01,107.1076488971,POTOSÍ,Vivienda y servicios básicos
2024-02-01,107.4393821,POTOSÍ,Vivienda y servicios básicos
2024-03-01,107.621247744,POTOSÍ,Vivienda y servicios básicos
2024-04-01,107.5964052759,POTOSÍ,Vivienda y servicios básicos
2024-05-01,107.1701029532,POTOSÍ,Vivienda y servicios básicos
2024-06-01,107.5052061784,POTOSÍ,Vivienda y servicios básicos
2024-07-01,107.4865604193,POTOSÍ,Vivienda y servicios básicos
2024-08-01,108.0941297189,POTOSÍ,Vivienda y servicios básicos
2024-09-01,108.8409447759,POTOSÍ,Vivienda y servicios básicos
2024-10-01,109.1661953336,POTOSÍ,Vivienda y servicios básicos
2024-11-01,109.5375560809,POTOSÍ,Vivienda y servicios básicos
2024-12-01,110.568866163,POTOSÍ,Vivienda y servicios básicos
2025-01-01,110.4614973397,POTOSÍ,Vivienda y servicios básicos
2025-02-01,110.8760347138,POTOSÍ,Vivienda y servicios básicos
2025-03-01,111.577632028,POTOSÍ,Vivienda y servicios básicos
2025-04-01,112.0256485515,POTOSÍ,Vivienda y servicios básicos
2025-05-01,113.0230814162,POTOSÍ,Vivienda y servicios básicos
2025-06-01,113.9128825568,POTOSÍ,Vivienda y servicios básicos
2025-07-01,115.6744840444,POTOSÍ,Vivienda y servicios básicos
2025-08-01,116.8091076163,POTOSÍ,Vivienda y servicios básicos
2025-09-01,117.3626428562,POTOSÍ,Vivienda y servicios básicos
2025-10-01,118.4980629757,POTOSÍ,Vivienda y servicios básicos
2025-11-01,119.0354747507,POTOSÍ,Vivienda y servicios básicos
2025-12-01,119.4515761997,POTOSÍ,Vivienda y servicios básicos
2026-01-01,121.5032869463,POTOSÍ,Vivienda y servicios básicos
2026-02-01,123.3252246252,POTOSÍ,Vivienda y servicios básicos
2026-03-01,123.0727065287,POTOSÍ,Vivienda y servicios básicos
2026-04-01,122.7597834791,POTOSÍ,Vivienda y servicios básicos
2026-05-01,123.0325161553,POTOSÍ,Vivienda y servicios básicos
2026-06-01,122.7289328159,POTOSÍ,Vivienda y servicios básicos
2026-07-01,124.3616108428,POTOSÍ,Vivienda y servicios básicos
2018-01-01,101.9517321973,POTOSÍ,ÍNDICE GENERAL
2018-02-01,102.2257868176,POTOSÍ,ÍNDICE GENERAL
2018-03-01,102.0298246893,POTOSÍ,ÍNDICE GENERAL
2018-04-01,101.4215805079,POTOSÍ,ÍNDICE GENERAL
2018-05-01,101.5558173427,POTOSÍ,ÍNDICE GENERAL
2018-06-01,102.060735379,POTOSÍ,ÍNDICE GENERAL
2018-07-01,102.1768416642,POTOSÍ,ÍNDICE GENERAL
2018-08-01,102.1993302593,POTOSÍ,ÍNDICE GENERAL
2018-09-01,101.9746601802,POTOSÍ,ÍNDICE GENERAL
2018-10-01,102.0369185217,POTOSÍ,ÍNDICE GENERAL
2018-11-01,102.4332990381,POTOSÍ,ÍNDICE GENERAL
2018-12-01,102.7430011753,POTOSÍ,ÍNDICE GENERAL
2019-01-01,102.8349794676,POTOSÍ,ÍNDICE GENERAL
2019-02-01,102.7162055919,POTOSÍ,ÍNDICE GENERAL
2019-03-01,102.8694234736,POTOSÍ,ÍNDICE GENERAL
2019-04-01,102.7836452563,POTOSÍ,ÍNDICE GENERAL
2019-05-01,103.2956385014,POTOSÍ,ÍNDICE GENERAL
2019-06-01,103.6151964289,POTOSÍ,ÍNDICE GENERAL
2019-07-01,103.8095701104,POTOSÍ,ÍNDICE GENERAL
2019-08-01,104.4479413102,POTOSÍ,ÍNDICE GENERAL
2019-09-01,104.5946193343,POTOSÍ,ÍNDICE GENERAL
2019-10-01,105.3374668395,POTOSÍ,ÍNDICE GENERAL
2019-11-01,105.4428866712,POTOSÍ,ÍNDICE GENERAL
2019-12-01,103.7918620217,POTOSÍ,ÍNDICE GENERAL
2020-01-01,103.3671543485,POTOSÍ,ÍNDICE GENERAL
2020-02-01,103.2700278859,POTOSÍ,ÍNDICE GENERAL
2020-03-01,103.4948434218,POTOSÍ,ÍNDICE GENERAL
2020-04-01,104.1137099759,POTOSÍ,ÍNDICE GENERAL
2020-05-01,103.7345641538,POTOSÍ,ÍNDICE GENERAL
2020-06-01,104.0257356636,POTOSÍ,ÍNDICE GENERAL
2020-07-01,104.7712881038,POTOSÍ,ÍNDICE GENERAL
2020-08-01,105.6453776013,POTOSÍ,ÍNDICE GENERAL
2020-09-01,104.4596186429,POTOSÍ,ÍNDICE GENERAL
2020-10-01,104.5003392238,POTOSÍ,ÍNDICE GENERAL
2020-11-01,104.4845404116,POTOSÍ,ÍNDICE GENERAL
2020-12-01,104.5288454469,POTOSÍ,ÍNDICE GENERAL
2021-01-01,104.8630558095,POTOSÍ,ÍNDICE GENERAL
2021-02-01,104.91699014,POTOSÍ,ÍNDICE GENERAL
2021-03-01,104.6316889648,POTOSÍ,ÍNDICE GENERAL
2021-04-01,104.2810035899,POTOSÍ,ÍNDICE GENERAL
2021-05-01,104.2572588573,POTOSÍ,ÍNDICE GENERAL
2021-06-01,104.3534259726,POTOSÍ,ÍNDICE GENERAL
2021-07-01,104.9880682,POTOSÍ,ÍNDICE GENERAL
2021-08-01,105.0075911884,POTOSÍ,ÍNDICE GENERAL
2021-09-01,104.7495103839,POTOSÍ,ÍNDICE GENERAL
2021-10-01,104.465849043,POTOSÍ,ÍNDICE GENERAL
2021-11-01,104.5558308984,POTOSÍ,ÍNDICE GENERAL
2021-12-01,105.0080507519,POTOSÍ,ÍNDICE GENERAL
2022-01-01,105.042263217,POTOSÍ,ÍNDICE GENERAL
2022-02-01,105.4337630244,POTOSÍ,ÍNDICE GENERAL
2022-03-01,105.3984604988,POTOSÍ,ÍNDICE GENERAL
2022-04-01,105.5119490355,POTOSÍ,ÍNDICE GENERAL
2022-05-01,105.897658606,POTOSÍ,ÍNDICE GENERAL
2022-06-01,106.6510921024,POTOSÍ,ÍNDICE GENERAL
2022-07-01,107.021327082,POTOSÍ,ÍNDICE GENERAL
2022-08-01,107.0108497062,POTOSÍ,ÍNDICE GENERAL
2022-09-01,107.2244298818,POTOSÍ,ÍNDICE GENERAL
2022-10-01,107.9489246495,POTOSÍ,ÍNDICE GENERAL
2022-11-01,107.9277683,POTOSÍ,ÍNDICE GENERAL
2022-12-01,108.1032454649,POTOSÍ,ÍNDICE GENERAL
2023-01-01,108.0486922678,POTOSÍ,ÍNDICE GENERAL
2023-02-01,107.5704667287,POTOSÍ,ÍNDICE GENERAL
2023-03-01,107.5136895711,POTOSÍ,ÍNDICE GENERAL
2023-04-01,107.2668653762,POTOSÍ,ÍNDICE GENERAL
2023-05-01,107.9539789304,POTOSÍ,ÍNDICE GENERAL
2023-06-01,108.12508905,POTOSÍ,ÍNDICE GENERAL
2023-07-01,109.1656996,POTOSÍ,ÍNDICE GENERAL
2023-08-01,109.6574985933,POTOSÍ,ÍNDICE GENERAL
2023-09-01,109.4671178453,POTOSÍ,ÍNDICE GENERAL
2023-10-01,109.5942914946,POTOSÍ,ÍNDICE GENERAL
2023-11-01,109.5765087,POTOSÍ,ÍNDICE GENERAL
2023-12-01,110.2477114195,POTOSÍ,ÍNDICE GENERAL
2024-01-01,110.5224844315,POTOSÍ,ÍNDICE GENERAL
2024-02-01,110.4823522,POTOSÍ,ÍNDICE GENERAL
2024-03-01,110.9377065043,POTOSÍ,ÍNDICE GENERAL
2024-04-01,112.5690173872,POTOSÍ,ÍNDICE GENERAL
2024-05-01,113.5378805204,POTOSÍ,ÍNDICE GENERAL
2024-06-01,114.078869431,POTOSÍ,ÍNDICE GENERAL
2024-07-01,114.8663183579,POTOSÍ,ÍNDICE GENERAL
2024-08-01,116.8907379734,POTOSÍ,ÍNDICE GENERAL
2024-09-01,117.1554983062,POTOSÍ,ÍNDICE GENERAL
2024-10-01,118.761597619,POTOSÍ,ÍNDICE GENERAL
2024-11-01,121.2320602852,POTOSÍ,ÍNDICE GENERAL
2024-12-01,123.6795136683,POTOSÍ,ÍNDICE GENERAL
2025-01-01,125.1575012621,POTOSÍ,ÍNDICE GENERAL
2025-02-01,127.3110397065,POTOSÍ,ÍNDICE GENERAL
2025-03-01,129.1413534454,POTOSÍ,ÍNDICE GENERAL
2025-04-01,130.6314673401,POTOSÍ,ÍNDICE GENERAL
2025-05-01,136.0558602384,POTOSÍ,ÍNDICE GENERAL
2025-06-01,143.2945265579,POTOSÍ,ÍNDICE GENERAL
2025-07-01,146.7677526221,POTOSÍ,ÍNDICE GENERAL
2025-08-01,148.666410309,POTOSÍ,ÍNDICE GENERAL
2025-09-01,149.7447430443,POTOSÍ,ÍNDICE GENERAL
2025-10-01,150.4062548175,POTOSÍ,ÍNDICE GENERAL
2025-11-01,150.8354475847,POTOSÍ,ÍNDICE GENERAL
2025-12-01,153.3465697754,POTOSÍ,ÍNDICE GENERAL
2026-01-01,155.8717034805,POTOSÍ,ÍNDICE GENERAL
2026-02-01,156.1032320107,POTOSÍ,ÍNDICE GENERAL
2026-03-01,155.5772098093,POTOSÍ,ÍNDICE GENERAL
2026-04-01,155.761070376,POTOSÍ,ÍNDICE GENERAL
2026-05-01,157.489380088,POTOSÍ,ÍNDICE GENERAL
2026-06-01,162.3344374226,POTOSÍ,ÍNDICE GENERAL
2026-07-01,161.3479547134,POTOSÍ,ÍNDICE GENERAL
2018-01-01,102.3272333801,REGION METROPOLITANA KANATA,Alimentos y bebidas consumidos fuera del hogar
2018-02-01,102.9307886476,REGION METROPOLITANA KANATA,Alimentos y bebidas consumidos fuera del hogar
2018-03-01,102.8743015946,REGION METROPOLITANA KANATA,Alimentos y bebidas consumidos fuera del hogar
2018-04-01,103.1030529582,REGION METROPOLITANA KANATA,Alimentos y bebidas consumidos fuera del hogar
2018-05-01,103.1217698621,REGION METROPOLITANA KANATA,Alimentos y bebidas consumidos fuera del hogar
2018-06-01,103.183578002,REGION METROPOLITANA KANATA,Alimentos y bebidas consumidos fuera del hogar
2018-07-01,103.3007903209,REGION METROPOLITANA KANATA,Alimentos y bebidas consumidos fuera del hogar
2018-08-01,103.3361839054,REGION METROPOLITANA KANATA,Alimentos y bebidas consumidos fuera del hogar
2018-09-01,103.5734700902,REGION METROPOLITANA KANATA,Alimentos y bebidas consumidos fuera del hogar
2018-10-01,103.5698062025,REGION METROPOLITANA KANATA,Alimentos y bebidas consumidos fuera del hogar
2018-11-01,103.6537053523,REGION METROPOLITANA KANATA,Alimentos y bebidas consumidos fuera del hogar
2018-12-01,104.2875116808,REGION METROPOLITANA KANATA,Alimentos y bebidas consumidos fuera del hogar
2019-01-01,105.2347998896,REGION METROPOLITANA KANATA,Alimentos y bebidas consumidos fuera del hogar
2019-02-01,105.084218922,REGION METROPOLITANA KANATA,Alimentos y bebidas consumidos fuera del hogar
2019-03-01,105.1173306534,REGION METROPOLITANA KANATA,Alimentos y bebidas consumidos fuera del hogar
2019-04-01,105.3248833212,REGION METROPOLITANA KANATA,Alimentos y bebidas consumidos fuera del hogar
2019-05-01,105.3654297416,REGION METROPOLITANA KANATA,Alimentos y bebidas consumidos fuera del hogar
2019-06-01,105.5687317598,REGION METROPOLITANA KANATA,Alimentos y bebidas consumidos fuera del hogar
2019-07-01,105.9586323541,REGION METROPOLITANA KANATA,Alimentos y bebidas consumidos fuera del hogar
2019-08-01,106.0691787456,REGION METROPOLITANA KANATA,Alimentos y bebidas consumidos fuera del hogar
2019-09-01,106.1806658628,REGION METROPOLITANA KANATA,Alimentos y bebidas consumidos fuera del hogar
2019-10-01,106.2591147556,REGION METROPOLITANA KANATA,Alimentos y bebidas consumidos fuera del hogar
2019-11-01,107.5041083297,REGION METROPOLITANA KANATA,Alimentos y bebidas consumidos fuera del hogar
2019-12-01,107.2855785711,REGION METROPOLITANA KANATA,Alimentos y bebidas consumidos fuera del hogar
2020-01-01,107.2430444501,REGION METROPOLITANA KANATA,Alimentos y bebidas consumidos fuera del hogar
2020-02-01,107.537217067,REGION METROPOLITANA KANATA,Alimentos y bebidas consumidos fuera del hogar
2020-03-01,107.5278037526,REGION METROPOLITANA KANATA,Alimentos y bebidas consumidos fuera del hogar
2020-04-01,107.5278037526,REGION METROPOLITANA KANATA,Alimentos y bebidas consumidos fuera del hogar
2020-05-01,107.584181587,REGION METROPOLITANA KANATA,Alimentos y bebidas consumidos fuera del hogar
2020-06-01,107.4990336302,REGION METROPOLITANA KANATA,Alimentos y bebidas consumidos fuera del hogar
2020-07-01,108.0361617522,REGION METROPOLITANA KANATA,Alimentos y bebidas consumidos fuera del hogar
2020-08-01,107.680209352,REGION METROPOLITANA KANATA,Alimentos y bebidas consumidos fuera del hogar
2020-09-01,107.7547669766,REGION METROPOLITANA KANATA,Alimentos y bebidas consumidos fuera del hogar
2020-10-01,108.7098024698,REGION METROPOLITANA KANATA,Alimentos y bebidas consumidos fuera del hogar
2020-11-01,109.0528350859,REGION METROPOLITANA KANATA,Alimentos y bebidas consumidos fuera del hogar
2020-12-01,108.9316262618,REGION METROPOLITANA KANATA,Alimentos y bebidas consumidos fuera del hogar
2021-01-01,109.0800899432,REGION METROPOLITANA KANATA,Alimentos y bebidas consumidos fuera del hogar
2021-02-01,109.0157522222,REGION METROPOLITANA KANATA,Alimentos y bebidas consumidos fuera del hogar
2021-03-01,109.1529535563,REGION METROPOLITANA KANATA,Alimentos y bebidas consumidos fuera del hogar
2021-04-01,109.1028441793,REGION METROPOLITANA KANATA,Alimentos y bebidas consumidos fuera del hogar
2021-05-01,109.3181300407,REGION METROPOLITANA KANATA,Alimentos y bebidas consumidos fuera del hogar
2021-06-01,109.3985638791,REGION METROPOLITANA KANATA,Alimentos y bebidas consumidos fuera del hogar
2021-07-01,109.4801172,REGION METROPOLITANA KANATA,Alimentos y bebidas consumidos fuera del hogar
2021-08-01,109.5823600034,REGION METROPOLITANA KANATA,Alimentos y bebidas consumidos fuera del hogar
2021-09-01,109.4948123016,REGION METROPOLITANA KANATA,Alimentos y bebidas consumidos fuera del hogar
2021-10-01,109.6351294027,REGION METROPOLITANA KANATA,Alimentos y bebidas consumidos fuera del hogar
2021-11-01,109.7226610806,REGION METROPOLITANA KANATA,Alimentos y bebidas consumidos fuera del hogar
2021-12-01,109.853029991,REGION METROPOLITANA KANATA,Alimentos y bebidas consumidos fuera del hogar
2022-01-01,109.9035150245,REGION METROPOLITANA KANATA,Alimentos y bebidas consumidos fuera del hogar
2022-02-01,109.9782329329,REGION METROPOLITANA KANATA,Alimentos y bebidas consumidos fuera del hogar
2022-03-01,110.1128781185,REGION METROPOLITANA KANATA,Alimentos y bebidas consumidos fuera del hogar
2022-04-01,110.067140799,REGION METROPOLITANA KANATA,Alimentos y bebidas consumidos fuera del hogar
2022-05-01,110.2988822972,REGION METROPOLITANA KANATA,Alimentos y bebidas consumidos fuera del hogar
2022-06-01,110.7524036936,REGION METROPOLITANA KANATA,Alimentos y bebidas consumidos fuera del hogar
2022-07-01,111.1116018327,REGION METROPOLITANA KANATA,Alimentos y bebidas consumidos fuera del hogar
2022-08-01,111.1610343552,REGION METROPOLITANA KANATA,Alimentos y bebidas consumidos fuera del hogar
2022-09-01,111.4919085991,REGION METROPOLITANA KANATA,Alimentos y bebidas consumidos fuera del hogar
2022-10-01,111.7877537814,REGION METROPOLITANA KANATA,Alimentos y bebidas consumidos fuera del hogar
2022-11-01,113.3976238,REGION METROPOLITANA KANATA,Alimentos y bebidas consumidos fuera del hogar
2022-12-01,113.5924898156,REGION METROPOLITANA KANATA,Alimentos y bebidas consumidos fuera del hogar
2023-01-01,114.1894229783,REGION METROPOLITANA KANATA,Alimentos y bebidas consumidos fuera del hogar
2023-02-01,114.6339408043,REGION METROPOLITANA KANATA,Alimentos y bebidas consumidos fuera del hogar
2023-03-01,114.571633541,REGION METROPOLITANA KANATA,Alimentos y bebidas consumidos fuera del hogar
2023-04-01,114.6175670967,REGION METROPOLITANA KANATA,Alimentos y bebidas consumidos fuera del hogar
2023-05-01,114.7002590544,REGION METROPOLITANA KANATA,Alimentos y bebidas consumidos fuera del hogar
2023-06-01,114.9354731193,REGION METROPOLITANA KANATA,Alimentos y bebidas consumidos fuera del hogar
2023-07-01,115.1529717,REGION METROPOLITANA KANATA,Alimentos y bebidas consumidos fuera del hogar
2023-08-01,115.1678395429,REGION METROPOLITANA KANATA,Alimentos y bebidas consumidos fuera del hogar
2023-09-01,115.2639191657,REGION METROPOLITANA KANATA,Alimentos y bebidas consumidos fuera del hogar
2023-10-01,115.2442471235,REGION METROPOLITANA KANATA,Alimentos y bebidas consumidos fuera del hogar
2023-11-01,115.3371686,REGION METROPOLITANA KANATA,Alimentos y bebidas consumidos fuera del hogar
2023-12-01,115.3067039105,REGION METROPOLITANA KANATA,Alimentos y bebidas consumidos fuera del hogar
2024-01-01,115.3619527704,REGION METROPOLITANA KANATA,Alimentos y bebidas consumidos fuera del hogar
2024-02-01,115.7357779,REGION METROPOLITANA KANATA,Alimentos y bebidas consumidos fuera del hogar
2024-03-01,115.9182305168,REGION METROPOLITANA KANATA,Alimentos y bebidas consumidos fuera del hogar
2024-04-01,116.1518930913,REGION METROPOLITANA KANATA,Alimentos y bebidas consumidos fuera del hogar
2024-05-01,116.4966157298,REGION METROPOLITANA KANATA,Alimentos y bebidas consumidos fuera del hogar
2024-06-01,116.9029550402,REGION METROPOLITANA KANATA,Alimentos y bebidas consumidos fuera del hogar
2024-07-01,116.9767260721,REGION METROPOLITANA KANATA,Alimentos y bebidas consumidos fuera del hogar
2024-08-01,118.875480061,REGION METROPOLITANA KANATA,Alimentos y bebidas consumidos fuera del hogar
2024-09-01,119.7243879326,REGION METROPOLITANA KANATA,Alimentos y bebidas consumidos fuera del hogar
2024-10-01,121.486861882,REGION METROPOLITANA KANATA,Alimentos y bebidas consumidos fuera del hogar
2024-11-01,125.1256559913,REGION METROPOLITANA KANATA,Alimentos y bebidas consumidos fuera del hogar
2024-12-01,125.9403331658,REGION METROPOLITANA KANATA,Alimentos y bebidas consumidos fuera del hogar
2025-01-01,127.5105103126,REGION METROPOLITANA KANATA,Alimentos y bebidas consumidos fuera del hogar
2025-02-01,128.5137216495,REGION METROPOLITANA KANATA,Alimentos y bebidas consumidos fuera del hogar
2025-03-01,130.0324933501,REGION METROPOLITANA KANATA,Alimentos y bebidas consumidos fuera del hogar
2025-04-01,130.8595208485,REGION METROPOLITANA KANATA,Alimentos y bebidas consumidos fuera del hogar
2025-05-01,134.5596065128,REGION METROPOLITANA KANATA,Alimentos y bebidas consumidos fuera del hogar
2025-06-01,140.172150154,REGION METROPOLITANA KANATA,Alimentos y bebidas consumidos fuera del hogar
2025-07-01,142.7335165214,REGION METROPOLITANA KANATA,Alimentos y bebidas consumidos fuera del hogar
2025-08-01,143.5645460581,REGION METROPOLITANA KANATA,Alimentos y bebidas consumidos fuera del hogar
2025-09-01,144.0693073619,REGION METROPOLITANA KANATA,Alimentos y bebidas consumidos fuera del hogar
2025-10-01,143.8056908281,REGION METROPOLITANA KANATA,Alimentos y bebidas consumidos fuera del hogar
2025-11-01,145.7519932384,REGION METROPOLITANA KANATA,Alimentos y bebidas consumidos fuera del hogar
2025-12-01,147.0518302706,REGION METROPOLITANA KANATA,Alimentos y bebidas consumidos fuera del hogar
2026-01-01,149.1491168426,REGION METROPOLITANA KANATA,Alimentos y bebidas consumidos fuera del hogar
2026-02-01,149.52873417,REGION METROPOLITANA KANATA,Alimentos y bebidas consumidos fuera del hogar
2026-03-01,150.0356697767,REGION METROPOLITANA KANATA,Alimentos y bebidas consumidos fuera del hogar
2026-04-01,150.5716857033,REGION METROPOLITANA KANATA,Alimentos y bebidas consumidos fuera del hogar
2026-05-01,151.4362675312,REGION METROPOLITANA KANATA,Alimentos y bebidas consumidos fuera del hogar
2026-06-01,154.0980513549,REGION METROPOLITANA KANATA,Alimentos y bebidas consumidos fuera del hogar
2026-07-01,155.0240932991,REGION METROPOLITANA KANATA,Alimentos y bebidas consumidos fuera del hogar
2018-01-01,102.4859501665,REGION METROPOLITANA KANATA,Alimentos y bebidas no alcohólicas
2018-02-01,102.4103947545,REGION METROPOLITANA KANATA,Alimentos y bebidas no alcohólicas
2018-03-01,101.5171318288,REGION METROPOLITANA KANATA,Alimentos y bebidas no alcohólicas
2018-04-01,100.4646636288,REGION METROPOLITANA KANATA,Alimentos y bebidas no alcohólicas
2018-05-01,100.5945459763,REGION METROPOLITANA KANATA,Alimentos y bebidas no alcohólicas
2018-06-01,100.6283396369,REGION METROPOLITANA KANATA,Alimentos y bebidas no alcohólicas
2018-07-01,100.6445420107,REGION METROPOLITANA KANATA,Alimentos y bebidas no alcohólicas
2018-08-01,101.5680122252,REGION METROPOLITANA KANATA,Alimentos y bebidas no alcohólicas
2018-09-01,100.8347026799,REGION METROPOLITANA KANATA,Alimentos y bebidas no alcohólicas
2018-10-01,101.6520952892,REGION METROPOLITANA KANATA,Alimentos y bebidas no alcohólicas
2018-11-01,102.1920752722,REGION METROPOLITANA KANATA,Alimentos y bebidas no alcohólicas
2018-12-01,102.7967973223,REGION METROPOLITANA KANATA,Alimentos y bebidas no alcohólicas
2019-01-01,103.0118394069,REGION METROPOLITANA KANATA,Alimentos y bebidas no alcohólicas
2019-02-01,102.3345636334,REGION METROPOLITANA KANATA,Alimentos y bebidas no alcohólicas
2019-03-01,101.5669690157,REGION METROPOLITANA KANATA,Alimentos y bebidas no alcohólicas
2019-04-01,102.404661925,REGION METROPOLITANA KANATA,Alimentos y bebidas no alcohólicas
2019-05-01,104.7416831197,REGION METROPOLITANA KANATA,Alimentos y bebidas no alcohólicas
2019-06-01,105.4853313505,REGION METROPOLITANA KANATA,Alimentos y bebidas no alcohólicas
2019-07-01,107.2580203415,REGION METROPOLITANA KANATA,Alimentos y bebidas no alcohólicas
2019-08-01,111.2870021612,REGION METROPOLITANA KANATA,Alimentos y bebidas no alcohólicas
2019-09-01,110.9271632017,REGION METROPOLITANA KANATA,Alimentos y bebidas no alcohólicas
2019-10-01,111.9138142366,REGION METROPOLITANA KANATA,Alimentos y bebidas no alcohólicas
2019-11-01,115.6765249196,REGION METROPOLITANA KANATA,Alimentos y bebidas no alcohólicas
2019-12-01,105.9040361615,REGION METROPOLITANA KANATA,Alimentos y bebidas no alcohólicas
2020-01-01,105.4410923744,REGION METROPOLITANA KANATA,Alimentos y bebidas no alcohólicas
2020-02-01,104.4850332986,REGION METROPOLITANA KANATA,Alimentos y bebidas no alcohólicas
2020-03-01,105.356760427,REGION METROPOLITANA KANATA,Alimentos y bebidas no alcohólicas
2020-04-01,105.9357973451,REGION METROPOLITANA KANATA,Alimentos y bebidas no alcohólicas
2020-05-01,103.863156286,REGION METROPOLITANA KANATA,Alimentos y bebidas no alcohólicas
2020-06-01,105.6923753711,REGION METROPOLITANA KANATA,Alimentos y bebidas no alcohólicas
2020-07-01,107.244413042,REGION METROPOLITANA KANATA,Alimentos y bebidas no alcohólicas
2020-08-01,108.7708503065,REGION METROPOLITANA KANATA,Alimentos y bebidas no alcohólicas
2020-09-01,103.456699263,REGION METROPOLITANA KANATA,Alimentos y bebidas no alcohólicas
2020-10-01,105.949378555,REGION METROPOLITANA KANATA,Alimentos y bebidas no alcohólicas
2020-11-01,104.0011635063,REGION METROPOLITANA KANATA,Alimentos y bebidas no alcohólicas
2020-12-01,104.6267657431,REGION METROPOLITANA KANATA,Alimentos y bebidas no alcohólicas
2021-01-01,106.1432486468,REGION METROPOLITANA KANATA,Alimentos y bebidas no alcohólicas
2021-02-01,106.2860787236,REGION METROPOLITANA KANATA,Alimentos y bebidas no alcohólicas
2021-03-01,106.5355950855,REGION METROPOLITANA KANATA,Alimentos y bebidas no alcohólicas
2021-04-01,106.1422144061,REGION METROPOLITANA KANATA,Alimentos y bebidas no alcohólicas
2021-05-01,105.6202725478,REGION METROPOLITANA KANATA,Alimentos y bebidas no alcohólicas
2021-06-01,106.3810251016,REGION METROPOLITANA KANATA,Alimentos y bebidas no alcohólicas
2021-07-01,107.2042376,REGION METROPOLITANA KANATA,Alimentos y bebidas no alcohólicas
2021-08-01,109.2844514816,REGION METROPOLITANA KANATA,Alimentos y bebidas no alcohólicas
2021-09-01,106.8694847802,REGION METROPOLITANA KANATA,Alimentos y bebidas no alcohólicas
2021-10-01,104.1961585546,REGION METROPOLITANA KANATA,Alimentos y bebidas no alcohólicas
2021-11-01,104.5071855202,REGION METROPOLITANA KANATA,Alimentos y bebidas no alcohólicas
2021-12-01,104.7393937626,REGION METROPOLITANA KANATA,Alimentos y bebidas no alcohólicas
2022-01-01,106.7260889595,REGION METROPOLITANA KANATA,Alimentos y bebidas no alcohólicas
2022-02-01,107.9286928455,REGION METROPOLITANA KANATA,Alimentos y bebidas no alcohólicas
2022-03-01,105.5194136341,REGION METROPOLITANA KANATA,Alimentos y bebidas no alcohólicas
2022-04-01,104.5356853962,REGION METROPOLITANA KANATA,Alimentos y bebidas no alcohólicas
2022-05-01,106.0880750711,REGION METROPOLITANA KANATA,Alimentos y bebidas no alcohólicas
2022-06-01,107.2723567665,REGION METROPOLITANA KANATA,Alimentos y bebidas no alcohólicas
2022-07-01,108.9958083269,REGION METROPOLITANA KANATA,Alimentos y bebidas no alcohólicas
2022-08-01,109.7445329498,REGION METROPOLITANA KANATA,Alimentos y bebidas no alcohólicas
2022-09-01,110.7498552343,REGION METROPOLITANA KANATA,Alimentos y bebidas no alcohólicas
2022-10-01,112.6930901145,REGION METROPOLITANA KANATA,Alimentos y bebidas no alcohólicas
2022-11-01,114.7298737,REGION METROPOLITANA KANATA,Alimentos y bebidas no alcohólicas
2022-12-01,114.8577222274,REGION METROPOLITANA KANATA,Alimentos y bebidas no alcohólicas
2023-01-01,116.2269233578,REGION METROPOLITANA KANATA,Alimentos y bebidas no alcohólicas
2023-02-01,112.385692804,REGION METROPOLITANA KANATA,Alimentos y bebidas no alcohólicas
2023-03-01,111.8986764415,REGION METROPOLITANA KANATA,Alimentos y bebidas no alcohólicas
2023-04-01,111.727161072,REGION METROPOLITANA KANATA,Alimentos y bebidas no alcohólicas
2023-05-01,114.3451928367,REGION METROPOLITANA KANATA,Alimentos y bebidas no alcohólicas
2023-06-01,114.2906808693,REGION METROPOLITANA KANATA,Alimentos y bebidas no alcohólicas
2023-07-01,115.2233282,REGION METROPOLITANA KANATA,Alimentos y bebidas no alcohólicas
2023-08-01,117.3084103295,REGION METROPOLITANA KANATA,Alimentos y bebidas no alcohólicas
2023-09-01,116.6770934599,REGION METROPOLITANA KANATA,Alimentos y bebidas no alcohólicas
2023-10-01,116.9528067764,REGION METROPOLITANA KANATA,Alimentos y bebidas no alcohólicas
2023-11-01,116.8219401,REGION METROPOLITANA KANATA,Alimentos y bebidas no alcohólicas
2023-12-01,117.979994514,REGION METROPOLITANA KANATA,Alimentos y bebidas no alcohólicas
2024-01-01,116.3665376867,REGION METROPOLITANA KANATA,Alimentos y bebidas no alcohólicas
2024-02-01,116.4156254,REGION METROPOLITANA KANATA,Alimentos y bebidas no alcohólicas
2024-03-01,116.6610497939,REGION METROPOLITANA KANATA,Alimentos y bebidas no alcohólicas
2024-04-01,118.3833151198,REGION METROPOLITANA KANATA,Alimentos y bebidas no alcohólicas
2024-05-01,120.4686523406,REGION METROPOLITANA KANATA,Alimentos y bebidas no alcohólicas
2024-06-01,121.7470605046,REGION METROPOLITANA KANATA,Alimentos y bebidas no alcohólicas
2024-07-01,122.3986860183,REGION METROPOLITANA KANATA,Alimentos y bebidas no alcohólicas
2024-08-01,124.8865336623,REGION METROPOLITANA KANATA,Alimentos y bebidas no alcohólicas
2024-09-01,124.9982017241,REGION METROPOLITANA KANATA,Alimentos y bebidas no alcohólicas
2024-10-01,131.1412594066,REGION METROPOLITANA KANATA,Alimentos y bebidas no alcohólicas
2024-11-01,134.5446080616,REGION METROPOLITANA KANATA,Alimentos y bebidas no alcohólicas
2024-12-01,135.0927728625,REGION METROPOLITANA KANATA,Alimentos y bebidas no alcohólicas
2025-01-01,138.2281062169,REGION METROPOLITANA KANATA,Alimentos y bebidas no alcohólicas
2025-02-01,140.6034780873,REGION METROPOLITANA KANATA,Alimentos y bebidas no alcohólicas
2025-03-01,145.9137381694,REGION METROPOLITANA KANATA,Alimentos y bebidas no alcohólicas
2025-04-01,145.4436937881,REGION METROPOLITANA KANATA,Alimentos y bebidas no alcohólicas
2025-05-01,153.5758844104,REGION METROPOLITANA KANATA,Alimentos y bebidas no alcohólicas
2025-06-01,169.6133671729,REGION METROPOLITANA KANATA,Alimentos y bebidas no alcohólicas
2025-07-01,166.5977895873,REGION METROPOLITANA KANATA,Alimentos y bebidas no alcohólicas
2025-08-01,168.0782322818,REGION METROPOLITANA KANATA,Alimentos y bebidas no alcohólicas
2025-09-01,167.1052385031,REGION METROPOLITANA KANATA,Alimentos y bebidas no alcohólicas
2025-10-01,171.0765648995,REGION METROPOLITANA KANATA,Alimentos y bebidas no alcohólicas
2025-11-01,172.9146340831,REGION METROPOLITANA KANATA,Alimentos y bebidas no alcohólicas
2025-12-01,170.1553578761,REGION METROPOLITANA KANATA,Alimentos y bebidas no alcohólicas
2026-01-01,168.4425760096,REGION METROPOLITANA KANATA,Alimentos y bebidas no alcohólicas
2026-02-01,166.8764539359,REGION METROPOLITANA KANATA,Alimentos y bebidas no alcohólicas
2026-03-01,166.8353673383,REGION METROPOLITANA KANATA,Alimentos y bebidas no alcohólicas
2026-04-01,167.0254360902,REGION METROPOLITANA KANATA,Alimentos y bebidas no alcohólicas
2026-05-01,171.4148421879,REGION METROPOLITANA KANATA,Alimentos y bebidas no alcohólicas
2026-06-01,187.5126505517,REGION METROPOLITANA KANATA,Alimentos y bebidas no alcohólicas
2026-07-01,168.3528641262,REGION METROPOLITANA KANATA,Alimentos y bebidas no alcohólicas
2018-01-01,105.9740548556,REGION METROPOLITANA KANATA,Bebidas alcohólicas y tabaco
2018-02-01,108.4090739485,REGION METROPOLITANA KANATA,Bebidas alcohólicas y tabaco
2018-03-01,108.3272919457,REGION METROPOLITANA KANATA,Bebidas alcohólicas y tabaco
2018-04-01,107.9266925754,REGION METROPOLITANA KANATA,Bebidas alcohólicas y tabaco
2018-05-01,107.8997521638,REGION METROPOLITANA KANATA,Bebidas alcohólicas y tabaco
2018-06-01,106.4364263304,REGION METROPOLITANA KANATA,Bebidas alcohólicas y tabaco
2018-07-01,107.3616676386,REGION METROPOLITANA KANATA,Bebidas alcohólicas y tabaco
2018-08-01,107.7825849789,REGION METROPOLITANA KANATA,Bebidas alcohólicas y tabaco
2018-09-01,108.5565113882,REGION METROPOLITANA KANATA,Bebidas alcohólicas y tabaco
2018-10-01,109.0118902456,REGION METROPOLITANA KANATA,Bebidas alcohólicas y tabaco
2018-11-01,109.6132272945,REGION METROPOLITANA KANATA,Bebidas alcohólicas y tabaco
2018-12-01,109.6402503045,REGION METROPOLITANA KANATA,Bebidas alcohólicas y tabaco
2019-01-01,111.9243176655,REGION METROPOLITANA KANATA,Bebidas alcohólicas y tabaco
2019-02-01,112.0677272122,REGION METROPOLITANA KANATA,Bebidas alcohólicas y tabaco
2019-03-01,112.1464366068,REGION METROPOLITANA KANATA,Bebidas alcohólicas y tabaco
2019-04-01,112.2748629061,REGION METROPOLITANA KANATA,Bebidas alcohólicas y tabaco
2019-05-01,112.6874940187,REGION METROPOLITANA KANATA,Bebidas alcohólicas y tabaco
2019-06-01,113.7736642387,REGION METROPOLITANA KANATA,Bebidas alcohólicas y tabaco
2019-07-01,113.2243820999,REGION METROPOLITANA KANATA,Bebidas alcohólicas y tabaco
2019-08-01,112.8921098663,REGION METROPOLITANA KANATA,Bebidas alcohólicas y tabaco
2019-09-01,113.3843597901,REGION METROPOLITANA KANATA,Bebidas alcohólicas y tabaco
2019-10-01,113.2623768777,REGION METROPOLITANA KANATA,Bebidas alcohólicas y tabaco
2019-11-01,113.3847384653,REGION METROPOLITANA KANATA,Bebidas alcohólicas y tabaco
2019-12-01,113.2752864522,REGION METROPOLITANA KANATA,Bebidas alcohólicas y tabaco
2020-01-01,113.7117355254,REGION METROPOLITANA KANATA,Bebidas alcohólicas y tabaco
2020-02-01,113.4944125981,REGION METROPOLITANA KANATA,Bebidas alcohólicas y tabaco
2020-03-01,113.702615382,REGION METROPOLITANA KANATA,Bebidas alcohólicas y tabaco
2020-04-01,113.702615382,REGION METROPOLITANA KANATA,Bebidas alcohólicas y tabaco
2020-05-01,114.1692843702,REGION METROPOLITANA KANATA,Bebidas alcohólicas y tabaco
2020-06-01,114.7067209724,REGION METROPOLITANA KANATA,Bebidas alcohólicas y tabaco
2020-07-01,115.6281376099,REGION METROPOLITANA KANATA,Bebidas alcohólicas y tabaco
2020-08-01,112.8394730054,REGION METROPOLITANA KANATA,Bebidas alcohólicas y tabaco
2020-09-01,113.1918220678,REGION METROPOLITANA KANATA,Bebidas alcohólicas y tabaco
2020-10-01,113.1483877891,REGION METROPOLITANA KANATA,Bebidas alcohólicas y tabaco
2020-11-01,113.4633324174,REGION METROPOLITANA KANATA,Bebidas alcohólicas y tabaco
2020-12-01,113.5116930576,REGION METROPOLITANA KANATA,Bebidas alcohólicas y tabaco
2021-01-01,113.1849122262,REGION METROPOLITANA KANATA,Bebidas alcohólicas y tabaco
2021-02-01,113.0362127251,REGION METROPOLITANA KANATA,Bebidas alcohólicas y tabaco
2021-03-01,113.1049646182,REGION METROPOLITANA KANATA,Bebidas alcohólicas y tabaco
2021-04-01,113.6678087792,REGION METROPOLITANA KANATA,Bebidas alcohólicas y tabaco
2021-05-01,113.5804132421,REGION METROPOLITANA KANATA,Bebidas alcohólicas y tabaco
2021-06-01,113.6148306653,REGION METROPOLITANA KANATA,Bebidas alcohólicas y tabaco
2021-07-01,113.8327585,REGION METROPOLITANA KANATA,Bebidas alcohólicas y tabaco
2021-08-01,113.6078392544,REGION METROPOLITANA KANATA,Bebidas alcohólicas y tabaco
2021-09-01,113.9170479323,REGION METROPOLITANA KANATA,Bebidas alcohólicas y tabaco
2021-10-01,113.1637153238,REGION METROPOLITANA KANATA,Bebidas alcohólicas y tabaco
2021-11-01,113.7830368796,REGION METROPOLITANA KANATA,Bebidas alcohólicas y tabaco
2021-12-01,113.5519441829,REGION METROPOLITANA KANATA,Bebidas alcohólicas y tabaco
2022-01-01,111.2398334597,REGION METROPOLITANA KANATA,Bebidas alcohólicas y tabaco
2022-02-01,109.6198598503,REGION METROPOLITANA KANATA,Bebidas alcohólicas y tabaco
2022-03-01,109.2938737558,REGION METROPOLITANA KANATA,Bebidas alcohólicas y tabaco
2022-04-01,110.1432383961,REGION METROPOLITANA KANATA,Bebidas alcohólicas y tabaco
2022-05-01,109.8646319991,REGION METROPOLITANA KANATA,Bebidas alcohólicas y tabaco
2022-06-01,109.7466824803,REGION METROPOLITANA KANATA,Bebidas alcohólicas y tabaco
2022-07-01,110.4526979035,REGION METROPOLITANA KANATA,Bebidas alcohólicas y tabaco
2022-08-01,109.7297402218,REGION METROPOLITANA KANATA,Bebidas alcohólicas y tabaco
2022-09-01,110.0513187721,REGION METROPOLITANA KANATA,Bebidas alcohólicas y tabaco
2022-10-01,109.6775493747,REGION METROPOLITANA KANATA,Bebidas alcohólicas y tabaco
2022-11-01,109.6413682,REGION METROPOLITANA KANATA,Bebidas alcohólicas y tabaco
2022-12-01,110.4376371502,REGION METROPOLITANA KANATA,Bebidas alcohólicas y tabaco
2023-01-01,111.1100198086,REGION METROPOLITANA KANATA,Bebidas alcohólicas y tabaco
2023-02-01,110.2820175692,REGION METROPOLITANA KANATA,Bebidas alcohólicas y tabaco
2023-03-01,109.9274134723,REGION METROPOLITANA KANATA,Bebidas alcohólicas y tabaco
2023-04-01,110.0010761476,REGION METROPOLITANA KANATA,Bebidas alcohólicas y tabaco
2023-05-01,110.1719582137,REGION METROPOLITANA KANATA,Bebidas alcohólicas y tabaco
2023-06-01,109.9911413939,REGION METROPOLITANA KANATA,Bebidas alcohólicas y tabaco
2023-07-01,110.6224785,REGION METROPOLITANA KANATA,Bebidas alcohólicas y tabaco
2023-08-01,110.7233253638,REGION METROPOLITANA KANATA,Bebidas alcohólicas y tabaco
2023-09-01,111.4326396137,REGION METROPOLITANA KANATA,Bebidas alcohólicas y tabaco
2023-10-01,111.7433228908,REGION METROPOLITANA KANATA,Bebidas alcohólicas y tabaco
2023-11-01,111.1679395,REGION METROPOLITANA KANATA,Bebidas alcohólicas y tabaco
2023-12-01,111.3356962135,REGION METROPOLITANA KANATA,Bebidas alcohólicas y tabaco
2024-01-01,110.8021142694,REGION METROPOLITANA KANATA,Bebidas alcohólicas y tabaco
2024-02-01,110.8717286,REGION METROPOLITANA KANATA,Bebidas alcohólicas y tabaco
2024-03-01,110.7509585908,REGION METROPOLITANA KANATA,Bebidas alcohólicas y tabaco
2024-04-01,110.7772353228,REGION METROPOLITANA KANATA,Bebidas alcohólicas y tabaco
2024-05-01,110.8776260138,REGION METROPOLITANA KANATA,Bebidas alcohólicas y tabaco
2024-06-01,110.719152786,REGION METROPOLITANA KANATA,Bebidas alcohólicas y tabaco
2024-07-01,110.5725323166,REGION METROPOLITANA KANATA,Bebidas alcohólicas y tabaco
2024-08-01,111.9320721048,REGION METROPOLITANA KANATA,Bebidas alcohólicas y tabaco
2024-09-01,111.5758043283,REGION METROPOLITANA KANATA,Bebidas alcohólicas y tabaco
2024-10-01,112.1587623143,REGION METROPOLITANA KANATA,Bebidas alcohólicas y tabaco
2024-11-01,116.8937689888,REGION METROPOLITANA KANATA,Bebidas alcohólicas y tabaco
2024-12-01,117.2018084066,REGION METROPOLITANA KANATA,Bebidas alcohólicas y tabaco
2025-01-01,117.298634643,REGION METROPOLITANA KANATA,Bebidas alcohólicas y tabaco
2025-02-01,117.7078644041,REGION METROPOLITANA KANATA,Bebidas alcohólicas y tabaco
2025-03-01,121.1647121894,REGION METROPOLITANA KANATA,Bebidas alcohólicas y tabaco
2025-04-01,122.8135500174,REGION METROPOLITANA KANATA,Bebidas alcohólicas y tabaco
2025-05-01,123.7200122947,REGION METROPOLITANA KANATA,Bebidas alcohólicas y tabaco
2025-06-01,123.7531615348,REGION METROPOLITANA KANATA,Bebidas alcohólicas y tabaco
2025-07-01,127.4643318163,REGION METROPOLITANA KANATA,Bebidas alcohólicas y tabaco
2025-08-01,130.9813442396,REGION METROPOLITANA KANATA,Bebidas alcohólicas y tabaco
2025-09-01,130.8054803087,REGION METROPOLITANA KANATA,Bebidas alcohólicas y tabaco
2025-10-01,130.4167158285,REGION METROPOLITANA KANATA,Bebidas alcohólicas y tabaco
2025-11-01,133.9313211333,REGION METROPOLITANA KANATA,Bebidas alcohólicas y tabaco
2025-12-01,135.7469408097,REGION METROPOLITANA KANATA,Bebidas alcohólicas y tabaco
2026-01-01,140.5967412996,REGION METROPOLITANA KANATA,Bebidas alcohólicas y tabaco
2026-02-01,140.6230607769,REGION METROPOLITANA KANATA,Bebidas alcohólicas y tabaco
2026-03-01,141.3159365033,REGION METROPOLITANA KANATA,Bebidas alcohólicas y tabaco
2026-04-01,140.7325295936,REGION METROPOLITANA KANATA,Bebidas alcohólicas y tabaco
2026-05-01,141.2905928762,REGION METROPOLITANA KANATA,Bebidas alcohólicas y tabaco
2026-06-01,141.1148012699,REGION METROPOLITANA KANATA,Bebidas alcohólicas y tabaco
2026-07-01,141.8362020201,REGION METROPOLITANA KANATA,Bebidas alcohólicas y tabaco
2018-01-01,98.6010295111,REGION METROPOLITANA KANATA,Bienes y servicios diversos
2018-02-01,98.9161822109,REGION METROPOLITANA KANATA,Bienes y servicios diversos
2018-03-01,99.1167080317,REGION METROPOLITANA KANATA,Bienes y servicios diversos
2018-04-01,98.9730240933,REGION METROPOLITANA KANATA,Bienes y servicios diversos
2018-05-01,98.9437583588,REGION METROPOLITANA KANATA,Bienes y servicios diversos
2018-06-01,99.2550932196,REGION METROPOLITANA KANATA,Bienes y servicios diversos
2018-07-01,99.0358301661,REGION METROPOLITANA KANATA,Bienes y servicios diversos
2018-08-01,99.1653760962,REGION METROPOLITANA KANATA,Bienes y servicios diversos
2018-09-01,99.109924768,REGION METROPOLITANA KANATA,Bienes y servicios diversos
2018-10-01,98.9322637562,REGION METROPOLITANA KANATA,Bienes y servicios diversos
2018-11-01,98.9842163415,REGION METROPOLITANA KANATA,Bienes y servicios diversos
2018-12-01,99.1531688826,REGION METROPOLITANA KANATA,Bienes y servicios diversos
2019-01-01,99.4207567981,REGION METROPOLITANA KANATA,Bienes y servicios diversos
2019-02-01,99.6280667421,REGION METROPOLITANA KANATA,Bienes y servicios diversos
2019-03-01,99.7977647409,REGION METROPOLITANA KANATA,Bienes y servicios diversos
2019-04-01,100.0017631604,REGION METROPOLITANA KANATA,Bienes y servicios diversos
2019-05-01,99.8745089354,REGION METROPOLITANA KANATA,Bienes y servicios diversos
2019-06-01,100.2155176558,REGION METROPOLITANA KANATA,Bienes y servicios diversos
2019-07-01,100.3181393809,REGION METROPOLITANA KANATA,Bienes y servicios diversos
2019-08-01,100.0395118487,REGION METROPOLITANA KANATA,Bienes y servicios diversos
2019-09-01,100.0625832611,REGION METROPOLITANA KANATA,Bienes y servicios diversos
2019-10-01,100.088513387,REGION METROPOLITANA KANATA,Bienes y servicios diversos
2019-11-01,99.9259510907,REGION METROPOLITANA KANATA,Bienes y servicios diversos
2019-12-01,99.9843324262,REGION METROPOLITANA KANATA,Bienes y servicios diversos
2020-01-01,99.7933672303,REGION METROPOLITANA KANATA,Bienes y servicios diversos
2020-02-01,99.9100059346,REGION METROPOLITANA KANATA,Bienes y servicios diversos
2020-03-01,100.2096169482,REGION METROPOLITANA KANATA,Bienes y servicios diversos
2020-04-01,103.6687057082,REGION METROPOLITANA KANATA,Bienes y servicios diversos
2020-05-01,102.8590558796,REGION METROPOLITANA KANATA,Bienes y servicios diversos
2020-06-01,100.9666891877,REGION METROPOLITANA KANATA,Bienes y servicios diversos
2020-07-01,101.0549631147,REGION METROPOLITANA KANATA,Bienes y servicios diversos
2020-08-01,100.3911459302,REGION METROPOLITANA KANATA,Bienes y servicios diversos
2020-09-01,100.2914141833,REGION METROPOLITANA KANATA,Bienes y servicios diversos
2020-10-01,100.0683097982,REGION METROPOLITANA KANATA,Bienes y servicios diversos
2020-11-01,99.6677829093,REGION METROPOLITANA KANATA,Bienes y servicios diversos
2020-12-01,99.6837838278,REGION METROPOLITANA KANATA,Bienes y servicios diversos
2021-01-01,99.5372650579,REGION METROPOLITANA KANATA,Bienes y servicios diversos
2021-02-01,99.470877586,REGION METROPOLITANA KANATA,Bienes y servicios diversos
2021-03-01,99.1302162743,REGION METROPOLITANA KANATA,Bienes y servicios diversos
2021-04-01,97.9346202609,REGION METROPOLITANA KANATA,Bienes y servicios diversos
2021-05-01,97.8542532729,REGION METROPOLITANA KANATA,Bienes y servicios diversos
2021-06-01,97.7087198905,REGION METROPOLITANA KANATA,Bienes y servicios diversos
2021-07-01,97.6505455,REGION METROPOLITANA KANATA,Bienes y servicios diversos
2021-08-01,97.7479336277,REGION METROPOLITANA KANATA,Bienes y servicios diversos
2021-09-01,97.3776187577,REGION METROPOLITANA KANATA,Bienes y servicios diversos
2021-10-01,97.178658518,REGION METROPOLITANA KANATA,Bienes y servicios diversos
2021-11-01,97.1942398922,REGION METROPOLITANA KANATA,Bienes y servicios diversos
2021-12-01,97.5053851949,REGION METROPOLITANA KANATA,Bienes y servicios diversos
2022-01-01,97.1394727573,REGION METROPOLITANA KANATA,Bienes y servicios diversos
2022-02-01,96.8589875534,REGION METROPOLITANA KANATA,Bienes y servicios diversos
2022-03-01,97.9598325681,REGION METROPOLITANA KANATA,Bienes y servicios diversos
2022-04-01,98.5118903385,REGION METROPOLITANA KANATA,Bienes y servicios diversos
2022-05-01,99.061401684,REGION METROPOLITANA KANATA,Bienes y servicios diversos
2022-06-01,99.4990231385,REGION METROPOLITANA KANATA,Bienes y servicios diversos
2022-07-01,99.6485584629,REGION METROPOLITANA KANATA,Bienes y servicios diversos
2022-08-01,99.8673560131,REGION METROPOLITANA KANATA,Bienes y servicios diversos
2022-09-01,100.1731399744,REGION METROPOLITANA KANATA,Bienes y servicios diversos
2022-10-01,100.1563977026,REGION METROPOLITANA KANATA,Bienes y servicios diversos
2022-11-01,100.3990444,REGION METROPOLITANA KANATA,Bienes y servicios diversos
2022-12-01,100.5386448314,REGION METROPOLITANA KANATA,Bienes y servicios diversos
2023-01-01,100.5542575366,REGION METROPOLITANA KANATA,Bienes y servicios diversos
2023-02-01,100.4484538912,REGION METROPOLITANA KANATA,Bienes y servicios diversos
2023-03-01,100.8997667833,REGION METROPOLITANA KANATA,Bienes y servicios diversos
2023-04-01,100.8839974781,REGION METROPOLITANA KANATA,Bienes y servicios diversos
2023-05-01,101.2989439646,REGION METROPOLITANA KANATA,Bienes y servicios diversos
2023-06-01,101.2870306353,REGION METROPOLITANA KANATA,Bienes y servicios diversos
2023-07-01,101.5696148,REGION METROPOLITANA KANATA,Bienes y servicios diversos
2023-08-01,101.9312380734,REGION METROPOLITANA KANATA,Bienes y servicios diversos
2023-09-01,102.1802403017,REGION METROPOLITANA KANATA,Bienes y servicios diversos
2023-10-01,101.9206885901,REGION METROPOLITANA KANATA,Bienes y servicios diversos
2023-11-01,101.8071764,REGION METROPOLITANA KANATA,Bienes y servicios diversos
2023-12-01,102.1725379416,REGION METROPOLITANA KANATA,Bienes y servicios diversos
2024-01-01,102.7127397722,REGION METROPOLITANA KANATA,Bienes y servicios diversos
2024-02-01,104.2128425,REGION METROPOLITANA KANATA,Bienes y servicios diversos
2024-03-01,105.8870587352,REGION METROPOLITANA KANATA,Bienes y servicios diversos
2024-04-01,106.8493893116,REGION METROPOLITANA KANATA,Bienes y servicios diversos
2024-05-01,108.234686475,REGION METROPOLITANA KANATA,Bienes y servicios diversos
2024-06-01,109.3041083387,REGION METROPOLITANA KANATA,Bienes y servicios diversos
2024-07-01,110.1444567519,REGION METROPOLITANA KANATA,Bienes y servicios diversos
2024-08-01,114.9527754604,REGION METROPOLITANA KANATA,Bienes y servicios diversos
2024-09-01,118.8025317736,REGION METROPOLITANA KANATA,Bienes y servicios diversos
2024-10-01,121.5516771852,REGION METROPOLITANA KANATA,Bienes y servicios diversos
2024-11-01,123.6248412654,REGION METROPOLITANA KANATA,Bienes y servicios diversos
2024-12-01,125.253856168,REGION METROPOLITANA KANATA,Bienes y servicios diversos
2025-01-01,128.0608453698,REGION METROPOLITANA KANATA,Bienes y servicios diversos
2025-02-01,129.905490225,REGION METROPOLITANA KANATA,Bienes y servicios diversos
2025-03-01,131.6094462526,REGION METROPOLITANA KANATA,Bienes y servicios diversos
2025-04-01,137.5650560389,REGION METROPOLITANA KANATA,Bienes y servicios diversos
2025-05-01,150.3900859091,REGION METROPOLITANA KANATA,Bienes y servicios diversos
2025-06-01,163.8842628319,REGION METROPOLITANA KANATA,Bienes y servicios diversos
2025-07-01,170.3471505519,REGION METROPOLITANA KANATA,Bienes y servicios diversos
2025-08-01,170.4378658246,REGION METROPOLITANA KANATA,Bienes y servicios diversos
2025-09-01,169.7077882518,REGION METROPOLITANA KANATA,Bienes y servicios diversos
2025-10-01,167.0677357424,REGION METROPOLITANA KANATA,Bienes y servicios diversos
2025-11-01,163.5187040352,REGION METROPOLITANA KANATA,Bienes y servicios diversos
2025-12-01,159.0590418228,REGION METROPOLITANA KANATA,Bienes y servicios diversos
2026-01-01,156.7107522867,REGION METROPOLITANA KANATA,Bienes y servicios diversos
2026-02-01,153.9955000692,REGION METROPOLITANA KANATA,Bienes y servicios diversos
2026-03-01,151.1314627499,REGION METROPOLITANA KANATA,Bienes y servicios diversos
2026-04-01,148.5215706772,REGION METROPOLITANA KANATA,Bienes y servicios diversos
2026-05-01,147.3912185373,REGION METROPOLITANA KANATA,Bienes y servicios diversos
2026-06-01,145.4944905521,REGION METROPOLITANA KANATA,Bienes y servicios diversos
2026-07-01,146.0007309197,REGION METROPOLITANA KANATA,Bienes y servicios diversos
2018-01-01,95.7310640914,REGION METROPOLITANA KANATA,Comunicaciones
2018-02-01,95.6673008154,REGION METROPOLITANA KANATA,Comunicaciones
2018-03-01,95.7871892246,REGION METROPOLITANA KANATA,Comunicaciones
2018-04-01,95.7676001202,REGION METROPOLITANA KANATA,Comunicaciones
2018-05-01,95.7220242503,REGION METROPOLITANA KANATA,Comunicaciones
2018-06-01,95.6567825077,REGION METROPOLITANA KANATA,Comunicaciones
2018-07-01,95.5546067951,REGION METROPOLITANA KANATA,Comunicaciones
2018-08-01,95.3723497547,REGION METROPOLITANA KANATA,Comunicaciones
2018-09-01,95.3717823248,REGION METROPOLITANA KANATA,Comunicaciones
2018-10-01,95.3242926026,REGION METROPOLITANA KANATA,Comunicaciones
2018-11-01,95.3169933376,REGION METROPOLITANA KANATA,Comunicaciones
2018-12-01,95.5403304449,REGION METROPOLITANA KANATA,Comunicaciones
2019-01-01,95.5362589003,REGION METROPOLITANA KANATA,Comunicaciones
2019-02-01,95.8071768135,REGION METROPOLITANA KANATA,Comunicaciones
2019-03-01,96.046662656,REGION METROPOLITANA KANATA,Comunicaciones
2019-04-01,96.1350699267,REGION METROPOLITANA KANATA,Comunicaciones
2019-05-01,96.1511044293,REGION METROPOLITANA KANATA,Comunicaciones
2019-06-01,96.1788434122,REGION METROPOLITANA KANATA,Comunicaciones
2019-07-01,96.1841124758,REGION METROPOLITANA KANATA,Comunicaciones
2019-08-01,96.1613337997,REGION METROPOLITANA KANATA,Comunicaciones
2019-09-01,96.1596260114,REGION METROPOLITANA KANATA,Comunicaciones
2019-10-01,96.1425829286,REGION METROPOLITANA KANATA,Comunicaciones
2019-11-01,96.136934054,REGION METROPOLITANA KANATA,Comunicaciones
2019-12-01,96.1300524791,REGION METROPOLITANA KANATA,Comunicaciones
2020-01-01,96.1800966598,REGION METROPOLITANA KANATA,Comunicaciones
2020-02-01,96.4357985224,REGION METROPOLITANA KANATA,Comunicaciones
2020-03-01,96.5658729499,REGION METROPOLITANA KANATA,Comunicaciones
2020-04-01,96.5658729517,REGION METROPOLITANA KANATA,Comunicaciones
2020-05-01,96.5658729517,REGION METROPOLITANA KANATA,Comunicaciones
2020-06-01,97.465348211,REGION METROPOLITANA KANATA,Comunicaciones
2020-07-01,97.5622711906,REGION METROPOLITANA KANATA,Comunicaciones
2020-08-01,97.2508110355,REGION METROPOLITANA KANATA,Comunicaciones
2020-09-01,96.9843510663,REGION METROPOLITANA KANATA,Comunicaciones
2020-10-01,96.8091298542,REGION METROPOLITANA KANATA,Comunicaciones
2020-11-01,96.7003455807,REGION METROPOLITANA KANATA,Comunicaciones
2020-12-01,96.5858620306,REGION METROPOLITANA KANATA,Comunicaciones
2021-01-01,96.8019728952,REGION METROPOLITANA KANATA,Comunicaciones
2021-02-01,97.033783652,REGION METROPOLITANA KANATA,Comunicaciones
2021-03-01,96.8637903421,REGION METROPOLITANA KANATA,Comunicaciones
2021-04-01,96.6562493036,REGION METROPOLITANA KANATA,Comunicaciones
2021-05-01,96.4686270736,REGION METROPOLITANA KANATA,Comunicaciones
2021-06-01,96.4057000468,REGION METROPOLITANA KANATA,Comunicaciones
2021-07-01,96.287307,REGION METROPOLITANA KANATA,Comunicaciones
2021-08-01,96.3529767919,REGION METROPOLITANA KANATA,Comunicaciones
2021-09-01,96.5155565445,REGION METROPOLITANA KANATA,Comunicaciones
2021-10-01,96.6458149735,REGION METROPOLITANA KANATA,Comunicaciones
2021-11-01,96.8995024674,REGION METROPOLITANA KANATA,Comunicaciones
2021-12-01,96.8890127093,REGION METROPOLITANA KANATA,Comunicaciones
2022-01-01,96.8838893392,REGION METROPOLITANA KANATA,Comunicaciones
2022-02-01,96.8669445476,REGION METROPOLITANA KANATA,Comunicaciones
2022-03-01,96.9444057145,REGION METROPOLITANA KANATA,Comunicaciones
2022-04-01,96.8628716651,REGION METROPOLITANA KANATA,Comunicaciones
2022-05-01,96.8648369552,REGION METROPOLITANA KANATA,Comunicaciones
2022-06-01,96.8311713835,REGION METROPOLITANA KANATA,Comunicaciones
2022-07-01,96.924614739,REGION METROPOLITANA KANATA,Comunicaciones
2022-08-01,96.8909642016,REGION METROPOLITANA KANATA,Comunicaciones
2022-09-01,96.8930721164,REGION METROPOLITANA KANATA,Comunicaciones
2022-10-01,96.894133675,REGION METROPOLITANA KANATA,Comunicaciones
2022-11-01,96.75843152,REGION METROPOLITANA KANATA,Comunicaciones
2022-12-01,96.6912292756,REGION METROPOLITANA KANATA,Comunicaciones
2023-01-01,96.646268303,REGION METROPOLITANA KANATA,Comunicaciones
2023-02-01,96.5905055223,REGION METROPOLITANA KANATA,Comunicaciones
2023-03-01,96.6695335454,REGION METROPOLITANA KANATA,Comunicaciones
2023-04-01,96.7700959718,REGION METROPOLITANA KANATA,Comunicaciones
2023-05-01,96.7927967481,REGION METROPOLITANA KANATA,Comunicaciones
2023-06-01,96.7196146166,REGION METROPOLITANA KANATA,Comunicaciones
2023-07-01,96.51076689,REGION METROPOLITANA KANATA,Comunicaciones
2023-08-01,96.3945272429,REGION METROPOLITANA KANATA,Comunicaciones
2023-09-01,96.4014738179,REGION METROPOLITANA KANATA,Comunicaciones
2023-10-01,96.369250313,REGION METROPOLITANA KANATA,Comunicaciones
2023-11-01,96.33835804,REGION METROPOLITANA KANATA,Comunicaciones
2023-12-01,96.3086772677,REGION METROPOLITANA KANATA,Comunicaciones
2024-01-01,96.4574109014,REGION METROPOLITANA KANATA,Comunicaciones
2024-02-01,96.60625599,REGION METROPOLITANA KANATA,Comunicaciones
2024-03-01,96.6569650323,REGION METROPOLITANA KANATA,Comunicaciones
2024-04-01,96.4948111259,REGION METROPOLITANA KANATA,Comunicaciones
2024-05-01,96.4011948129,REGION METROPOLITANA KANATA,Comunicaciones
2024-06-01,96.400242814,REGION METROPOLITANA KANATA,Comunicaciones
2024-07-01,96.4707777973,REGION METROPOLITANA KANATA,Comunicaciones
2024-08-01,96.6229076117,REGION METROPOLITANA KANATA,Comunicaciones
2024-09-01,96.5760620514,REGION METROPOLITANA KANATA,Comunicaciones
2024-10-01,96.5297617752,REGION METROPOLITANA KANATA,Comunicaciones
2024-11-01,96.6300459172,REGION METROPOLITANA KANATA,Comunicaciones
2024-12-01,96.6570696295,REGION METROPOLITANA KANATA,Comunicaciones
2025-01-01,96.6867278926,REGION METROPOLITANA KANATA,Comunicaciones
2025-02-01,96.7276094957,REGION METROPOLITANA KANATA,Comunicaciones
2025-03-01,96.8780123198,REGION METROPOLITANA KANATA,Comunicaciones
2025-04-01,97.2496803796,REGION METROPOLITANA KANATA,Comunicaciones
2025-05-01,97.660666063,REGION METROPOLITANA KANATA,Comunicaciones
2025-06-01,97.9363313825,REGION METROPOLITANA KANATA,Comunicaciones
2025-07-01,97.4604640568,REGION METROPOLITANA KANATA,Comunicaciones
2025-08-01,97.0305898692,REGION METROPOLITANA KANATA,Comunicaciones
2025-09-01,96.7372628653,REGION METROPOLITANA KANATA,Comunicaciones
2025-10-01,96.6905420874,REGION METROPOLITANA KANATA,Comunicaciones
2025-11-01,96.1513415812,REGION METROPOLITANA KANATA,Comunicaciones
2025-12-01,95.3412304835,REGION METROPOLITANA KANATA,Comunicaciones
2026-01-01,95.3027062475,REGION METROPOLITANA KANATA,Comunicaciones
2026-02-01,95.2577592917,REGION METROPOLITANA KANATA,Comunicaciones
2026-03-01,95.3273613514,REGION METROPOLITANA KANATA,Comunicaciones
2026-04-01,95.5079024565,REGION METROPOLITANA KANATA,Comunicaciones
2026-05-01,95.6370567333,REGION METROPOLITANA KANATA,Comunicaciones
2026-06-01,95.7603051334,REGION METROPOLITANA KANATA,Comunicaciones
2026-07-01,95.9838510476,REGION METROPOLITANA KANATA,Comunicaciones
2018-01-01,108.7267059263,REGION METROPOLITANA KANATA,Educación
2018-02-01,108.6117736489,REGION METROPOLITANA KANATA,Educación
2018-03-01,108.7155316357,REGION METROPOLITANA KANATA,Educación
2018-04-01,108.5994312095,REGION METROPOLITANA KANATA,Educación
2018-05-01,108.6553882793,REGION METROPOLITANA KANATA,Educación
2018-06-01,108.7774711207,REGION METROPOLITANA KANATA,Educación
2018-07-01,108.8168538535,REGION METROPOLITANA KANATA,Educación
2018-08-01,109.0064095799,REGION METROPOLITANA KANATA,Educación
2018-09-01,109.0678674683,REGION METROPOLITANA KANATA,Educación
2018-10-01,109.2319012739,REGION METROPOLITANA KANATA,Educación
2018-11-01,109.391226421,REGION METROPOLITANA KANATA,Educación
2018-12-01,109.4580405124,REGION METROPOLITANA KANATA,Educación
2019-01-01,111.9453876378,REGION METROPOLITANA KANATA,Educación
2019-02-01,112.3291833509,REGION METROPOLITANA KANATA,Educación
2019-03-01,112.2900564556,REGION METROPOLITANA KANATA,Educación
2019-04-01,112.3047874006,REGION METROPOLITANA KANATA,Educación
2019-05-01,112.2023012088,REGION METROPOLITANA KANATA,Educación
2019-06-01,112.4176344099,REGION METROPOLITANA KANATA,Educación
2019-07-01,112.4978732445,REGION METROPOLITANA KANATA,Educación
2019-08-01,112.5106669719,REGION METROPOLITANA KANATA,Educación
2019-09-01,112.4610786661,REGION METROPOLITANA KANATA,Educación
2019-10-01,112.4610786661,REGION METROPOLITANA KANATA,Educación
2019-11-01,112.4610786661,REGION METROPOLITANA KANATA,Educación
2019-12-01,112.3866447083,REGION METROPOLITANA KANATA,Educación
2020-01-01,115.2406387833,REGION METROPOLITANA KANATA,Educación
2020-02-01,115.534069827,REGION METROPOLITANA KANATA,Educación
2020-03-01,115.5261934685,REGION METROPOLITANA KANATA,Educación
2020-04-01,115.5261934685,REGION METROPOLITANA KANATA,Educación
2020-05-01,115.5261934685,REGION METROPOLITANA KANATA,Educación
2020-06-01,115.5261934685,REGION METROPOLITANA KANATA,Educación
2020-07-01,115.5261934685,REGION METROPOLITANA KANATA,Educación
2020-08-01,115.5261934685,REGION METROPOLITANA KANATA,Educación
2020-09-01,115.5261934685,REGION METROPOLITANA KANATA,Educación
2020-10-01,115.5468411603,REGION METROPOLITANA KANATA,Educación
2020-11-01,115.6745699071,REGION METROPOLITANA KANATA,Educación
2020-12-01,115.8209312576,REGION METROPOLITANA KANATA,Educación
2021-01-01,130.3241752627,REGION METROPOLITANA KANATA,Educación
2021-02-01,130.7698153005,REGION METROPOLITANA KANATA,Educación
2021-03-01,127.3436904988,REGION METROPOLITANA KANATA,Educación
2021-04-01,125.341288429,REGION METROPOLITANA KANATA,Educación
2021-05-01,125.2080354525,REGION METROPOLITANA KANATA,Educación
2021-06-01,125.2080354525,REGION METROPOLITANA KANATA,Educación
2021-07-01,125.3626148,REGION METROPOLITANA KANATA,Educación
2021-08-01,125.3912516084,REGION METROPOLITANA KANATA,Educación
2021-09-01,125.080755128,REGION METROPOLITANA KANATA,Educación
2021-10-01,125.0807551302,REGION METROPOLITANA KANATA,Educación
2021-11-01,125.0841507556,REGION METROPOLITANA KANATA,Educación
2021-12-01,125.1529809842,REGION METROPOLITANA KANATA,Educación
2022-01-01,131.8374038526,REGION METROPOLITANA KANATA,Educación
2022-02-01,131.0228560779,REGION METROPOLITANA KANATA,Educación
2022-03-01,130.962654068,REGION METROPOLITANA KANATA,Educación
2022-04-01,130.9626540659,REGION METROPOLITANA KANATA,Educación
2022-05-01,130.9875897162,REGION METROPOLITANA KANATA,Educación
2022-06-01,131.0008016362,REGION METROPOLITANA KANATA,Educación
2022-07-01,131.174767826,REGION METROPOLITANA KANATA,Educación
2022-08-01,132.2873564304,REGION METROPOLITANA KANATA,Educación
2022-09-01,132.2873564304,REGION METROPOLITANA KANATA,Educación
2022-10-01,132.2873564304,REGION METROPOLITANA KANATA,Educación
2022-11-01,132.1994017,REGION METROPOLITANA KANATA,Educación
2022-12-01,132.1994017268,REGION METROPOLITANA KANATA,Educación
2023-01-01,132.5925545917,REGION METROPOLITANA KANATA,Educación
2023-02-01,132.428685719,REGION METROPOLITANA KANATA,Educación
2023-03-01,132.5264904778,REGION METROPOLITANA KANATA,Educación
2023-04-01,132.552677512,REGION METROPOLITANA KANATA,Educación
2023-05-01,132.552677512,REGION METROPOLITANA KANATA,Educación
2023-06-01,132.5168813755,REGION METROPOLITANA KANATA,Educación
2023-07-01,132.6548546,REGION METROPOLITANA KANATA,Educación
2023-08-01,132.8061724474,REGION METROPOLITANA KANATA,Educación
2023-09-01,132.8061724474,REGION METROPOLITANA KANATA,Educación
2023-10-01,132.7292242294,REGION METROPOLITANA KANATA,Educación
2023-11-01,132.7292242,REGION METROPOLITANA KANATA,Educación
2023-12-01,132.6517066681,REGION METROPOLITANA KANATA,Educación
2024-01-01,136.0773684123,REGION METROPOLITANA KANATA,Educación
2024-02-01,136.3632522,REGION METROPOLITANA KANATA,Educación
2024-03-01,136.4933433698,REGION METROPOLITANA KANATA,Educación
2024-04-01,136.5026575821,REGION METROPOLITANA KANATA,Educación
2024-05-01,136.5489897909,REGION METROPOLITANA KANATA,Educación
2024-06-01,136.5489897909,REGION METROPOLITANA KANATA,Educación
2024-07-01,136.5891008448,REGION METROPOLITANA KANATA,Educación
2024-08-01,136.4098164258,REGION METROPOLITANA KANATA,Educación
2024-09-01,136.357529827,REGION METROPOLITANA KANATA,Educación
2024-10-01,136.4556279684,REGION METROPOLITANA KANATA,Educación
2024-11-01,136.6114285373,REGION METROPOLITANA KANATA,Educación
2024-12-01,136.7893028717,REGION METROPOLITANA KANATA,Educación
2025-01-01,138.9183502587,REGION METROPOLITANA KANATA,Educación
2025-02-01,139.4293218696,REGION METROPOLITANA KANATA,Educación
2025-03-01,139.3851990055,REGION METROPOLITANA KANATA,Educación
2025-04-01,139.3159427294,REGION METROPOLITANA KANATA,Educación
2025-05-01,139.3481236924,REGION METROPOLITANA KANATA,Educación
2025-06-01,139.3604586608,REGION METROPOLITANA KANATA,Educación
2025-07-01,140.4582134139,REGION METROPOLITANA KANATA,Educación
2025-08-01,140.5104798532,REGION METROPOLITANA KANATA,Educación
2025-09-01,141.085554107,REGION METROPOLITANA KANATA,Educación
2025-10-01,141.1253819893,REGION METROPOLITANA KANATA,Educación
2025-11-01,141.1310393188,REGION METROPOLITANA KANATA,Educación
2025-12-01,141.2416227562,REGION METROPOLITANA KANATA,Educación
2026-01-01,149.9431669276,REGION METROPOLITANA KANATA,Educación
2026-02-01,149.8256280867,REGION METROPOLITANA KANATA,Educación
2026-03-01,150.118833399,REGION METROPOLITANA KANATA,Educación
2026-04-01,150.1094462308,REGION METROPOLITANA KANATA,Educación
2026-05-01,150.1356475461,REGION METROPOLITANA KANATA,Educación
2026-06-01,150.0582968453,REGION METROPOLITANA KANATA,Educación
2026-07-01,150.3209337658,REGION METROPOLITANA KANATA,Educación
2018-01-01,100.7238757519,REGION METROPOLITANA KANATA,"Muebles, bienes y servicios domésticos"
2018-02-01,100.4411457997,REGION METROPOLITANA KANATA,"Muebles, bienes y servicios domésticos"
2018-03-01,100.2538323813,REGION METROPOLITANA KANATA,"Muebles, bienes y servicios domésticos"
2018-04-01,100.481341906,REGION METROPOLITANA KANATA,"Muebles, bienes y servicios domésticos"
2018-05-01,101.4655522154,REGION METROPOLITANA KANATA,"Muebles, bienes y servicios domésticos"
2018-06-01,101.4248517804,REGION METROPOLITANA KANATA,"Muebles, bienes y servicios domésticos"
2018-07-01,101.3920740073,REGION METROPOLITANA KANATA,"Muebles, bienes y servicios domésticos"
2018-08-01,100.5104003034,REGION METROPOLITANA KANATA,"Muebles, bienes y servicios domésticos"
2018-09-01,100.4124849915,REGION METROPOLITANA KANATA,"Muebles, bienes y servicios domésticos"
2018-10-01,100.5681985457,REGION METROPOLITANA KANATA,"Muebles, bienes y servicios domésticos"
2018-11-01,101.1881725029,REGION METROPOLITANA KANATA,"Muebles, bienes y servicios domésticos"
2018-12-01,102.0127108824,REGION METROPOLITANA KANATA,"Muebles, bienes y servicios domésticos"
2019-01-01,101.905172147,REGION METROPOLITANA KANATA,"Muebles, bienes y servicios domésticos"
2019-02-01,101.6864601667,REGION METROPOLITANA KANATA,"Muebles, bienes y servicios domésticos"
2019-03-01,102.0501132018,REGION METROPOLITANA KANATA,"Muebles, bienes y servicios domésticos"
2019-04-01,101.7792854076,REGION METROPOLITANA KANATA,"Muebles, bienes y servicios domésticos"
2019-05-01,101.6191368474,REGION METROPOLITANA KANATA,"Muebles, bienes y servicios domésticos"
2019-06-01,102.2128627911,REGION METROPOLITANA KANATA,"Muebles, bienes y servicios domésticos"
2019-07-01,102.1113756925,REGION METROPOLITANA KANATA,"Muebles, bienes y servicios domésticos"
2019-08-01,101.6074596251,REGION METROPOLITANA KANATA,"Muebles, bienes y servicios domésticos"
2019-09-01,101.3991183519,REGION METROPOLITANA KANATA,"Muebles, bienes y servicios domésticos"
2019-10-01,101.2588648867,REGION METROPOLITANA KANATA,"Muebles, bienes y servicios domésticos"
2019-11-01,100.78023431,REGION METROPOLITANA KANATA,"Muebles, bienes y servicios domésticos"
2019-12-01,101.1713728056,REGION METROPOLITANA KANATA,"Muebles, bienes y servicios domésticos"
2020-01-01,101.5924396495,REGION METROPOLITANA KANATA,"Muebles, bienes y servicios domésticos"
2020-02-01,101.2737325787,REGION METROPOLITANA KANATA,"Muebles, bienes y servicios domésticos"
2020-03-01,101.6522606847,REGION METROPOLITANA KANATA,"Muebles, bienes y servicios domésticos"
2020-04-01,106.6568546746,REGION METROPOLITANA KANATA,"Muebles, bienes y servicios domésticos"
2020-05-01,104.3474960975,REGION METROPOLITANA KANATA,"Muebles, bienes y servicios domésticos"
2020-06-01,102.1628873255,REGION METROPOLITANA KANATA,"Muebles, bienes y servicios domésticos"
2020-07-01,103.0324840824,REGION METROPOLITANA KANATA,"Muebles, bienes y servicios domésticos"
2020-08-01,102.419835645,REGION METROPOLITANA KANATA,"Muebles, bienes y servicios domésticos"
2020-09-01,101.6998069187,REGION METROPOLITANA KANATA,"Muebles, bienes y servicios domésticos"
2020-10-01,101.2894807059,REGION METROPOLITANA KANATA,"Muebles, bienes y servicios domésticos"
2020-11-01,101.3243334268,REGION METROPOLITANA KANATA,"Muebles, bienes y servicios domésticos"
2020-12-01,100.7640024215,REGION METROPOLITANA KANATA,"Muebles, bienes y servicios domésticos"
2021-01-01,101.0111526249,REGION METROPOLITANA KANATA,"Muebles, bienes y servicios domésticos"
2021-02-01,101.5032143523,REGION METROPOLITANA KANATA,"Muebles, bienes y servicios domésticos"
2021-03-01,101.4315074269,REGION METROPOLITANA KANATA,"Muebles, bienes y servicios domésticos"
2021-04-01,101.0474598362,REGION METROPOLITANA KANATA,"Muebles, bienes y servicios domésticos"
2021-05-01,100.8288983507,REGION METROPOLITANA KANATA,"Muebles, bienes y servicios domésticos"
2021-06-01,101.1582747546,REGION METROPOLITANA KANATA,"Muebles, bienes y servicios domésticos"
2021-07-01,100.834857,REGION METROPOLITANA KANATA,"Muebles, bienes y servicios domésticos"
2021-08-01,101.0219565494,REGION METROPOLITANA KANATA,"Muebles, bienes y servicios domésticos"
2021-09-01,100.813147447,REGION METROPOLITANA KANATA,"Muebles, bienes y servicios domésticos"
2021-10-01,100.819414898,REGION METROPOLITANA KANATA,"Muebles, bienes y servicios domésticos"
2021-11-01,100.9962537844,REGION METROPOLITANA KANATA,"Muebles, bienes y servicios domésticos"
2021-12-01,101.5075609147,REGION METROPOLITANA KANATA,"Muebles, bienes y servicios domésticos"
2022-01-01,102.1609892803,REGION METROPOLITANA KANATA,"Muebles, bienes y servicios domésticos"
2022-02-01,102.3975005771,REGION METROPOLITANA KANATA,"Muebles, bienes y servicios domésticos"
2022-03-01,103.6138068404,REGION METROPOLITANA KANATA,"Muebles, bienes y servicios domésticos"
2022-04-01,104.1718710927,REGION METROPOLITANA KANATA,"Muebles, bienes y servicios domésticos"
2022-05-01,104.6409029944,REGION METROPOLITANA KANATA,"Muebles, bienes y servicios domésticos"
2022-06-01,105.1562242503,REGION METROPOLITANA KANATA,"Muebles, bienes y servicios domésticos"
2022-07-01,105.4379636105,REGION METROPOLITANA KANATA,"Muebles, bienes y servicios domésticos"
2022-08-01,106.4871401506,REGION METROPOLITANA KANATA,"Muebles, bienes y servicios domésticos"
2022-09-01,106.5781840128,REGION METROPOLITANA KANATA,"Muebles, bienes y servicios domésticos"
2022-10-01,107.2054107257,REGION METROPOLITANA KANATA,"Muebles, bienes y servicios domésticos"
2022-11-01,107.437034,REGION METROPOLITANA KANATA,"Muebles, bienes y servicios domésticos"
2022-12-01,107.6511361939,REGION METROPOLITANA KANATA,"Muebles, bienes y servicios domésticos"
2023-01-01,108.3378706176,REGION METROPOLITANA KANATA,"Muebles, bienes y servicios domésticos"
2023-02-01,108.5685104197,REGION METROPOLITANA KANATA,"Muebles, bienes y servicios domésticos"
2023-03-01,108.5826879212,REGION METROPOLITANA KANATA,"Muebles, bienes y servicios domésticos"
2023-04-01,108.7200803356,REGION METROPOLITANA KANATA,"Muebles, bienes y servicios domésticos"
2023-05-01,109.9986000392,REGION METROPOLITANA KANATA,"Muebles, bienes y servicios domésticos"
2023-06-01,111.3023207976,REGION METROPOLITANA KANATA,"Muebles, bienes y servicios domésticos"
2023-07-01,110.9150721,REGION METROPOLITANA KANATA,"Muebles, bienes y servicios domésticos"
2023-08-01,110.8920668309,REGION METROPOLITANA KANATA,"Muebles, bienes y servicios domésticos"
2023-09-01,110.5920370602,REGION METROPOLITANA KANATA,"Muebles, bienes y servicios domésticos"
2023-10-01,110.9534923509,REGION METROPOLITANA KANATA,"Muebles, bienes y servicios domésticos"
2023-11-01,111.41616,REGION METROPOLITANA KANATA,"Muebles, bienes y servicios domésticos"
2023-12-01,111.6750056296,REGION METROPOLITANA KANATA,"Muebles, bienes y servicios domésticos"
2024-01-01,111.1218354422,REGION METROPOLITANA KANATA,"Muebles, bienes y servicios domésticos"
2024-02-01,112.1963969,REGION METROPOLITANA KANATA,"Muebles, bienes y servicios domésticos"
2024-03-01,113.2906631782,REGION METROPOLITANA KANATA,"Muebles, bienes y servicios domésticos"
2024-04-01,113.6916555486,REGION METROPOLITANA KANATA,"Muebles, bienes y servicios domésticos"
2024-05-01,114.0612247096,REGION METROPOLITANA KANATA,"Muebles, bienes y servicios domésticos"
2024-06-01,114.4432291902,REGION METROPOLITANA KANATA,"Muebles, bienes y servicios domésticos"
2024-07-01,114.9622494014,REGION METROPOLITANA KANATA,"Muebles, bienes y servicios domésticos"
2024-08-01,119.1699191597,REGION METROPOLITANA KANATA,"Muebles, bienes y servicios domésticos"
2024-09-01,121.043868005,REGION METROPOLITANA KANATA,"Muebles, bienes y servicios domésticos"
2024-10-01,122.0856944765,REGION METROPOLITANA KANATA,"Muebles, bienes y servicios domésticos"
2024-11-01,123.4386242234,REGION METROPOLITANA KANATA,"Muebles, bienes y servicios domésticos"
2024-12-01,125.1341552228,REGION METROPOLITANA KANATA,"Muebles, bienes y servicios domésticos"
2025-01-01,126.2912880404,REGION METROPOLITANA KANATA,"Muebles, bienes y servicios domésticos"
2025-02-01,127.6489286724,REGION METROPOLITANA KANATA,"Muebles, bienes y servicios domésticos"
2025-03-01,128.0859361401,REGION METROPOLITANA KANATA,"Muebles, bienes y servicios domésticos"
2025-04-01,130.8015142213,REGION METROPOLITANA KANATA,"Muebles, bienes y servicios domésticos"
2025-05-01,140.3078707837,REGION METROPOLITANA KANATA,"Muebles, bienes y servicios domésticos"
2025-06-01,148.248009382,REGION METROPOLITANA KANATA,"Muebles, bienes y servicios domésticos"
2025-07-01,152.085504552,REGION METROPOLITANA KANATA,"Muebles, bienes y servicios domésticos"
2025-08-01,152.2423927383,REGION METROPOLITANA KANATA,"Muebles, bienes y servicios domésticos"
2025-09-01,152.977216917,REGION METROPOLITANA KANATA,"Muebles, bienes y servicios domésticos"
2025-10-01,152.0832619614,REGION METROPOLITANA KANATA,"Muebles, bienes y servicios domésticos"
2025-11-01,150.7814715467,REGION METROPOLITANA KANATA,"Muebles, bienes y servicios domésticos"
2025-12-01,147.6575986689,REGION METROPOLITANA KANATA,"Muebles, bienes y servicios domésticos"
2026-01-01,150.2844849089,REGION METROPOLITANA KANATA,"Muebles, bienes y servicios domésticos"
2026-02-01,149.3322427809,REGION METROPOLITANA KANATA,"Muebles, bienes y servicios domésticos"
2026-03-01,148.2897132573,REGION METROPOLITANA KANATA,"Muebles, bienes y servicios domésticos"
2026-04-01,147.2481327629,REGION METROPOLITANA KANATA,"Muebles, bienes y servicios domésticos"
2026-05-01,146.8294938162,REGION METROPOLITANA KANATA,"Muebles, bienes y servicios domésticos"
2026-06-01,146.7071565556,REGION METROPOLITANA KANATA,"Muebles, bienes y servicios domésticos"
2026-07-01,146.5428210451,REGION METROPOLITANA KANATA,"Muebles, bienes y servicios domésticos"
2018-01-01,95.3939321793,REGION METROPOLITANA KANATA,Prendas de vestir y calzado
2018-02-01,95.3818919133,REGION METROPOLITANA KANATA,Prendas de vestir y calzado
2018-03-01,94.3309565441,REGION METROPOLITANA KANATA,Prendas de vestir y calzado
2018-04-01,94.5383084489,REGION METROPOLITANA KANATA,Prendas de vestir y calzado
2018-05-01,94.7183416759,REGION METROPOLITANA KANATA,Prendas de vestir y calzado
2018-06-01,94.4279275506,REGION METROPOLITANA KANATA,Prendas de vestir y calzado
2018-07-01,95.0930652307,REGION METROPOLITANA KANATA,Prendas de vestir y calzado
2018-08-01,95.2359688741,REGION METROPOLITANA KANATA,Prendas de vestir y calzado
2018-09-01,95.2340705442,REGION METROPOLITANA KANATA,Prendas de vestir y calzado
2018-10-01,95.3636802957,REGION METROPOLITANA KANATA,Prendas de vestir y calzado
2018-11-01,95.2558498865,REGION METROPOLITANA KANATA,Prendas de vestir y calzado
2018-12-01,95.4159377592,REGION METROPOLITANA KANATA,Prendas de vestir y calzado
2019-01-01,95.4449997889,REGION METROPOLITANA KANATA,Prendas de vestir y calzado
2019-02-01,95.1685248197,REGION METROPOLITANA KANATA,Prendas de vestir y calzado
2019-03-01,95.430083236,REGION METROPOLITANA KANATA,Prendas de vestir y calzado
2019-04-01,95.7170780231,REGION METROPOLITANA KANATA,Prendas de vestir y calzado
2019-05-01,95.5932400247,REGION METROPOLITANA KANATA,Prendas de vestir y calzado
2019-06-01,95.3080644763,REGION METROPOLITANA KANATA,Prendas de vestir y calzado
2019-07-01,95.2589166665,REGION METROPOLITANA KANATA,Prendas de vestir y calzado
2019-08-01,95.1649985449,REGION METROPOLITANA KANATA,Prendas de vestir y calzado
2019-09-01,95.3977077728,REGION METROPOLITANA KANATA,Prendas de vestir y calzado
2019-10-01,95.1447223671,REGION METROPOLITANA KANATA,Prendas de vestir y calzado
2019-11-01,94.9293145903,REGION METROPOLITANA KANATA,Prendas de vestir y calzado
2019-12-01,95.6931593964,REGION METROPOLITANA KANATA,Prendas de vestir y calzado
2020-01-01,95.9467380533,REGION METROPOLITANA KANATA,Prendas de vestir y calzado
2020-02-01,95.7533920021,REGION METROPOLITANA KANATA,Prendas de vestir y calzado
2020-03-01,95.5173759873,REGION METROPOLITANA KANATA,Prendas de vestir y calzado
2020-04-01,95.6760924116,REGION METROPOLITANA KANATA,Prendas de vestir y calzado
2020-05-01,95.6631013799,REGION METROPOLITANA KANATA,Prendas de vestir y calzado
2020-06-01,95.1693007309,REGION METROPOLITANA KANATA,Prendas de vestir y calzado
2020-07-01,94.9426814307,REGION METROPOLITANA KANATA,Prendas de vestir y calzado
2020-08-01,94.5455122421,REGION METROPOLITANA KANATA,Prendas de vestir y calzado
2020-09-01,94.4780584318,REGION METROPOLITANA KANATA,Prendas de vestir y calzado
2020-10-01,94.1318027273,REGION METROPOLITANA KANATA,Prendas de vestir y calzado
2020-11-01,93.8086699958,REGION METROPOLITANA KANATA,Prendas de vestir y calzado
2020-12-01,93.9717198141,REGION METROPOLITANA KANATA,Prendas de vestir y calzado
2021-01-01,94.0105989894,REGION METROPOLITANA KANATA,Prendas de vestir y calzado
2021-02-01,94.0990040225,REGION METROPOLITANA KANATA,Prendas de vestir y calzado
2021-03-01,93.8207594962,REGION METROPOLITANA KANATA,Prendas de vestir y calzado
2021-04-01,93.4015269611,REGION METROPOLITANA KANATA,Prendas de vestir y calzado
2021-05-01,93.1992382107,REGION METROPOLITANA KANATA,Prendas de vestir y calzado
2021-06-01,93.1823193974,REGION METROPOLITANA KANATA,Prendas de vestir y calzado
2021-07-01,93.07205061,REGION METROPOLITANA KANATA,Prendas de vestir y calzado
2021-08-01,92.9716575221,REGION METROPOLITANA KANATA,Prendas de vestir y calzado
2021-09-01,93.1563247386,REGION METROPOLITANA KANATA,Prendas de vestir y calzado
2021-10-01,93.1574908446,REGION METROPOLITANA KANATA,Prendas de vestir y calzado
2021-11-01,92.7796250623,REGION METROPOLITANA KANATA,Prendas de vestir y calzado
2021-12-01,93.7841631613,REGION METROPOLITANA KANATA,Prendas de vestir y calzado
2022-01-01,93.6466057158,REGION METROPOLITANA KANATA,Prendas de vestir y calzado
2022-02-01,93.4875856013,REGION METROPOLITANA KANATA,Prendas de vestir y calzado
2022-03-01,93.7261393885,REGION METROPOLITANA KANATA,Prendas de vestir y calzado
2022-04-01,93.7112018806,REGION METROPOLITANA KANATA,Prendas de vestir y calzado
2022-05-01,93.599701539,REGION METROPOLITANA KANATA,Prendas de vestir y calzado
2022-06-01,93.5715156023,REGION METROPOLITANA KANATA,Prendas de vestir y calzado
2022-07-01,94.0557200045,REGION METROPOLITANA KANATA,Prendas de vestir y calzado
2022-08-01,93.6158265954,REGION METROPOLITANA KANATA,Prendas de vestir y calzado
2022-09-01,93.3658895236,REGION METROPOLITANA KANATA,Prendas de vestir y calzado
2022-10-01,93.1832459664,REGION METROPOLITANA KANATA,Prendas de vestir y calzado
2022-11-01,93.36119068,REGION METROPOLITANA KANATA,Prendas de vestir y calzado
2022-12-01,93.7331050105,REGION METROPOLITANA KANATA,Prendas de vestir y calzado
2023-01-01,93.6881895008,REGION METROPOLITANA KANATA,Prendas de vestir y calzado
2023-02-01,93.6082199295,REGION METROPOLITANA KANATA,Prendas de vestir y calzado
2023-03-01,93.2519478169,REGION METROPOLITANA KANATA,Prendas de vestir y calzado
2023-04-01,93.2751207959,REGION METROPOLITANA KANATA,Prendas de vestir y calzado
2023-05-01,93.3244634012,REGION METROPOLITANA KANATA,Prendas de vestir y calzado
2023-06-01,93.5107574421,REGION METROPOLITANA KANATA,Prendas de vestir y calzado
2023-07-01,93.3057471,REGION METROPOLITANA KANATA,Prendas de vestir y calzado
2023-08-01,93.279750906,REGION METROPOLITANA KANATA,Prendas de vestir y calzado
2023-09-01,93.1786917188,REGION METROPOLITANA KANATA,Prendas de vestir y calzado
2023-10-01,92.7826882406,REGION METROPOLITANA KANATA,Prendas de vestir y calzado
2023-11-01,92.47296731,REGION METROPOLITANA KANATA,Prendas de vestir y calzado
2023-12-01,92.4555879776,REGION METROPOLITANA KANATA,Prendas de vestir y calzado
2024-01-01,92.7064056934,REGION METROPOLITANA KANATA,Prendas de vestir y calzado
2024-02-01,92.99910622,REGION METROPOLITANA KANATA,Prendas de vestir y calzado
2024-03-01,93.0661578104,REGION METROPOLITANA KANATA,Prendas de vestir y calzado
2024-04-01,93.1964693687,REGION METROPOLITANA KANATA,Prendas de vestir y calzado
2024-05-01,93.5161428943,REGION METROPOLITANA KANATA,Prendas de vestir y calzado
2024-06-01,93.6569616426,REGION METROPOLITANA KANATA,Prendas de vestir y calzado
2024-07-01,94.354739887,REGION METROPOLITANA KANATA,Prendas de vestir y calzado
2024-08-01,97.4506580661,REGION METROPOLITANA KANATA,Prendas de vestir y calzado
2024-09-01,98.9895358542,REGION METROPOLITANA KANATA,Prendas de vestir y calzado
2024-10-01,99.5862271518,REGION METROPOLITANA KANATA,Prendas de vestir y calzado
2024-11-01,100.1092091252,REGION METROPOLITANA KANATA,Prendas de vestir y calzado
2024-12-01,102.2198755118,REGION METROPOLITANA KANATA,Prendas de vestir y calzado
2025-01-01,103.704736723,REGION METROPOLITANA KANATA,Prendas de vestir y calzado
2025-02-01,104.8472012103,REGION METROPOLITANA KANATA,Prendas de vestir y calzado
2025-03-01,105.7473824339,REGION METROPOLITANA KANATA,Prendas de vestir y calzado
2025-04-01,107.6641254425,REGION METROPOLITANA KANATA,Prendas de vestir y calzado
2025-05-01,114.1840640415,REGION METROPOLITANA KANATA,Prendas de vestir y calzado
2025-06-01,118.7039166503,REGION METROPOLITANA KANATA,Prendas de vestir y calzado
2025-07-01,120.5728896455,REGION METROPOLITANA KANATA,Prendas de vestir y calzado
2025-08-01,121.734256058,REGION METROPOLITANA KANATA,Prendas de vestir y calzado
2025-09-01,122.7897011076,REGION METROPOLITANA KANATA,Prendas de vestir y calzado
2025-10-01,122.8426632033,REGION METROPOLITANA KANATA,Prendas de vestir y calzado
2025-11-01,122.530835863,REGION METROPOLITANA KANATA,Prendas de vestir y calzado
2025-12-01,122.6666847016,REGION METROPOLITANA KANATA,Prendas de vestir y calzado
2026-01-01,123.689838652,REGION METROPOLITANA KANATA,Prendas de vestir y calzado
2026-02-01,123.1636370386,REGION METROPOLITANA KANATA,Prendas de vestir y calzado
2026-03-01,123.4414344544,REGION METROPOLITANA KANATA,Prendas de vestir y calzado
2026-04-01,123.0460691837,REGION METROPOLITANA KANATA,Prendas de vestir y calzado
2026-05-01,122.8405665423,REGION METROPOLITANA KANATA,Prendas de vestir y calzado
2026-06-01,122.6133850746,REGION METROPOLITANA KANATA,Prendas de vestir y calzado
2026-07-01,122.4106010285,REGION METROPOLITANA KANATA,Prendas de vestir y calzado
2018-01-01,97.2759941501,REGION METROPOLITANA KANATA,Recreación y cultura
2018-02-01,97.7036677099,REGION METROPOLITANA KANATA,Recreación y cultura
2018-03-01,97.7563978043,REGION METROPOLITANA KANATA,Recreación y cultura
2018-04-01,97.4848683463,REGION METROPOLITANA KANATA,Recreación y cultura
2018-05-01,97.5616628743,REGION METROPOLITANA KANATA,Recreación y cultura
2018-06-01,97.8896526778,REGION METROPOLITANA KANATA,Recreación y cultura
2018-07-01,98.1553705664,REGION METROPOLITANA KANATA,Recreación y cultura
2018-08-01,97.6526539293,REGION METROPOLITANA KANATA,Recreación y cultura
2018-09-01,97.7353378137,REGION METROPOLITANA KANATA,Recreación y cultura
2018-10-01,97.38613294,REGION METROPOLITANA KANATA,Recreación y cultura
2018-11-01,97.8232979781,REGION METROPOLITANA KANATA,Recreación y cultura
2018-12-01,97.6939601724,REGION METROPOLITANA KANATA,Recreación y cultura
2019-01-01,97.8129892638,REGION METROPOLITANA KANATA,Recreación y cultura
2019-02-01,97.6022849434,REGION METROPOLITANA KANATA,Recreación y cultura
2019-03-01,97.6664145272,REGION METROPOLITANA KANATA,Recreación y cultura
2019-04-01,97.9300213522,REGION METROPOLITANA KANATA,Recreación y cultura
2019-05-01,97.7894596669,REGION METROPOLITANA KANATA,Recreación y cultura
2019-06-01,97.2951294621,REGION METROPOLITANA KANATA,Recreación y cultura
2019-07-01,96.9639370127,REGION METROPOLITANA KANATA,Recreación y cultura
2019-08-01,96.6684705579,REGION METROPOLITANA KANATA,Recreación y cultura
2019-09-01,96.5759341913,REGION METROPOLITANA KANATA,Recreación y cultura
2019-10-01,96.9218978594,REGION METROPOLITANA KANATA,Recreación y cultura
2019-11-01,96.4241366602,REGION METROPOLITANA KANATA,Recreación y cultura
2019-12-01,96.6933407391,REGION METROPOLITANA KANATA,Recreación y cultura
2020-01-01,96.8627860342,REGION METROPOLITANA KANATA,Recreación y cultura
2020-02-01,96.7916632932,REGION METROPOLITANA KANATA,Recreación y cultura
2020-03-01,97.2820503413,REGION METROPOLITANA KANATA,Recreación y cultura
2020-04-01,97.2820503413,REGION METROPOLITANA KANATA,Recreación y cultura
2020-05-01,97.2444657539,REGION METROPOLITANA KANATA,Recreación y cultura
2020-06-01,97.2648962971,REGION METROPOLITANA KANATA,Recreación y cultura
2020-07-01,97.9104498149,REGION METROPOLITANA KANATA,Recreación y cultura
2020-08-01,98.1111150575,REGION METROPOLITANA KANATA,Recreación y cultura
2020-09-01,98.3196700779,REGION METROPOLITANA KANATA,Recreación y cultura
2020-10-01,98.6953333738,REGION METROPOLITANA KANATA,Recreación y cultura
2020-11-01,98.5523510999,REGION METROPOLITANA KANATA,Recreación y cultura
2020-12-01,98.511507557,REGION METROPOLITANA KANATA,Recreación y cultura
2021-01-01,98.8242921961,REGION METROPOLITANA KANATA,Recreación y cultura
2021-02-01,99.4093031676,REGION METROPOLITANA KANATA,Recreación y cultura
2021-03-01,99.4208899118,REGION METROPOLITANA KANATA,Recreación y cultura
2021-04-01,99.173118343,REGION METROPOLITANA KANATA,Recreación y cultura
2021-05-01,99.074298273,REGION METROPOLITANA KANATA,Recreación y cultura
2021-06-01,99.3323953737,REGION METROPOLITANA KANATA,Recreación y cultura
2021-07-01,99.57091534,REGION METROPOLITANA KANATA,Recreación y cultura
2021-08-01,99.3938002505,REGION METROPOLITANA KANATA,Recreación y cultura
2021-09-01,99.654245363,REGION METROPOLITANA KANATA,Recreación y cultura
2021-10-01,99.722566776,REGION METROPOLITANA KANATA,Recreación y cultura
2021-11-01,99.8653992494,REGION METROPOLITANA KANATA,Recreación y cultura
2021-12-01,100.2589155808,REGION METROPOLITANA KANATA,Recreación y cultura
2022-01-01,100.154060292,REGION METROPOLITANA KANATA,Recreación y cultura
2022-02-01,100.6748212052,REGION METROPOLITANA KANATA,Recreación y cultura
2022-03-01,100.9849516929,REGION METROPOLITANA KANATA,Recreación y cultura
2022-04-01,101.5629252137,REGION METROPOLITANA KANATA,Recreación y cultura
2022-05-01,101.0409134421,REGION METROPOLITANA KANATA,Recreación y cultura
2022-06-01,101.1765708892,REGION METROPOLITANA KANATA,Recreación y cultura
2022-07-01,100.6746835732,REGION METROPOLITANA KANATA,Recreación y cultura
2022-08-01,100.5872123354,REGION METROPOLITANA KANATA,Recreación y cultura
2022-09-01,100.4148670446,REGION METROPOLITANA KANATA,Recreación y cultura
2022-10-01,100.1754995058,REGION METROPOLITANA KANATA,Recreación y cultura
2022-11-01,100.4672749,REGION METROPOLITANA KANATA,Recreación y cultura
2022-12-01,100.6238274481,REGION METROPOLITANA KANATA,Recreación y cultura
2023-01-01,101.1811428029,REGION METROPOLITANA KANATA,Recreación y cultura
2023-02-01,102.6990575958,REGION METROPOLITANA KANATA,Recreación y cultura
2023-03-01,102.9673390027,REGION METROPOLITANA KANATA,Recreación y cultura
2023-04-01,103.3416918203,REGION METROPOLITANA KANATA,Recreación y cultura
2023-05-01,103.1704626948,REGION METROPOLITANA KANATA,Recreación y cultura
2023-06-01,103.5810685511,REGION METROPOLITANA KANATA,Recreación y cultura
2023-07-01,103.4240715,REGION METROPOLITANA KANATA,Recreación y cultura
2023-08-01,104.0473151766,REGION METROPOLITANA KANATA,Recreación y cultura
2023-09-01,103.9849391189,REGION METROPOLITANA KANATA,Recreación y cultura
2023-10-01,104.0036109111,REGION METROPOLITANA KANATA,Recreación y cultura
2023-11-01,103.867492,REGION METROPOLITANA KANATA,Recreación y cultura
2023-12-01,103.7572031809,REGION METROPOLITANA KANATA,Recreación y cultura
2024-01-01,104.426459513,REGION METROPOLITANA KANATA,Recreación y cultura
2024-02-01,106.7664693,REGION METROPOLITANA KANATA,Recreación y cultura
2024-03-01,108.1910884713,REGION METROPOLITANA KANATA,Recreación y cultura
2024-04-01,108.1176152719,REGION METROPOLITANA KANATA,Recreación y cultura
2024-05-01,108.0955547618,REGION METROPOLITANA KANATA,Recreación y cultura
2024-06-01,108.484321461,REGION METROPOLITANA KANATA,Recreación y cultura
2024-07-01,109.2825056813,REGION METROPOLITANA KANATA,Recreación y cultura
2024-08-01,114.4273158272,REGION METROPOLITANA KANATA,Recreación y cultura
2024-09-01,116.2158909145,REGION METROPOLITANA KANATA,Recreación y cultura
2024-10-01,115.7548290703,REGION METROPOLITANA KANATA,Recreación y cultura
2024-11-01,115.9719213684,REGION METROPOLITANA KANATA,Recreación y cultura
2024-12-01,115.7387441071,REGION METROPOLITANA KANATA,Recreación y cultura
2025-01-01,121.6474858123,REGION METROPOLITANA KANATA,Recreación y cultura
2025-02-01,122.0854586484,REGION METROPOLITANA KANATA,Recreación y cultura
2025-03-01,123.3320673427,REGION METROPOLITANA KANATA,Recreación y cultura
2025-04-01,124.4504794718,REGION METROPOLITANA KANATA,Recreación y cultura
2025-05-01,128.6569562826,REGION METROPOLITANA KANATA,Recreación y cultura
2025-06-01,129.6630672377,REGION METROPOLITANA KANATA,Recreación y cultura
2025-07-01,129.7159970931,REGION METROPOLITANA KANATA,Recreación y cultura
2025-08-01,138.0604127524,REGION METROPOLITANA KANATA,Recreación y cultura
2025-09-01,135.6912402156,REGION METROPOLITANA KANATA,Recreación y cultura
2025-10-01,135.308356847,REGION METROPOLITANA KANATA,Recreación y cultura
2025-11-01,132.9801668952,REGION METROPOLITANA KANATA,Recreación y cultura
2025-12-01,130.9851528797,REGION METROPOLITANA KANATA,Recreación y cultura
2026-01-01,133.263348939,REGION METROPOLITANA KANATA,Recreación y cultura
2026-02-01,135.0220251694,REGION METROPOLITANA KANATA,Recreación y cultura
2026-03-01,132.9374815122,REGION METROPOLITANA KANATA,Recreación y cultura
2026-04-01,133.3836309286,REGION METROPOLITANA KANATA,Recreación y cultura
2026-05-01,133.2647661025,REGION METROPOLITANA KANATA,Recreación y cultura
2026-06-01,134.1436775473,REGION METROPOLITANA KANATA,Recreación y cultura
2026-07-01,134.3182547744,REGION METROPOLITANA KANATA,Recreación y cultura
2018-01-01,104.5662956007,REGION METROPOLITANA KANATA,Salud
2018-02-01,104.1987192766,REGION METROPOLITANA KANATA,Salud
2018-03-01,105.3449417552,REGION METROPOLITANA KANATA,Salud
2018-04-01,106.51744329,REGION METROPOLITANA KANATA,Salud
2018-05-01,106.742594858,REGION METROPOLITANA KANATA,Salud
2018-06-01,107.0197464268,REGION METROPOLITANA KANATA,Salud
2018-07-01,108.0693227019,REGION METROPOLITANA KANATA,Salud
2018-08-01,108.2547979354,REGION METROPOLITANA KANATA,Salud
2018-09-01,108.6998224558,REGION METROPOLITANA KANATA,Salud
2018-10-01,108.5639437476,REGION METROPOLITANA KANATA,Salud
2018-11-01,108.8105540067,REGION METROPOLITANA KANATA,Salud
2018-12-01,108.9950318887,REGION METROPOLITANA KANATA,Salud
2019-01-01,109.7055210802,REGION METROPOLITANA KANATA,Salud
2019-02-01,109.6944968969,REGION METROPOLITANA KANATA,Salud
2019-03-01,109.7567065535,REGION METROPOLITANA KANATA,Salud
2019-04-01,110.2337272236,REGION METROPOLITANA KANATA,Salud
2019-05-01,110.3734709589,REGION METROPOLITANA KANATA,Salud
2019-06-01,110.2266261092,REGION METROPOLITANA KANATA,Salud
2019-07-01,110.7186864189,REGION METROPOLITANA KANATA,Salud
2019-08-01,110.8906853555,REGION METROPOLITANA KANATA,Salud
2019-09-01,110.5372133595,REGION METROPOLITANA KANATA,Salud
2019-10-01,111.1283705431,REGION METROPOLITANA KANATA,Salud
2019-11-01,110.9952694118,REGION METROPOLITANA KANATA,Salud
2019-12-01,110.7937491163,REGION METROPOLITANA KANATA,Salud
2020-01-01,110.6152713354,REGION METROPOLITANA KANATA,Salud
2020-02-01,111.7529441137,REGION METROPOLITANA KANATA,Salud
2020-03-01,112.1400493855,REGION METROPOLITANA KANATA,Salud
2020-04-01,113.0507673347,REGION METROPOLITANA KANATA,Salud
2020-05-01,116.3343305701,REGION METROPOLITANA KANATA,Salud
2020-06-01,115.3553173812,REGION METROPOLITANA KANATA,Salud
2020-07-01,120.6479792168,REGION METROPOLITANA KANATA,Salud
2020-08-01,119.3317072371,REGION METROPOLITANA KANATA,Salud
2020-09-01,120.2358567184,REGION METROPOLITANA KANATA,Salud
2020-10-01,119.0265424309,REGION METROPOLITANA KANATA,Salud
2020-11-01,118.35867051,REGION METROPOLITANA KANATA,Salud
2020-12-01,119.0514141198,REGION METROPOLITANA KANATA,Salud
2021-01-01,119.842000346,REGION METROPOLITANA KANATA,Salud
2021-02-01,120.55543489,REGION METROPOLITANA KANATA,Salud
2021-03-01,119.9648790742,REGION METROPOLITANA KANATA,Salud
2021-04-01,119.2198596485,REGION METROPOLITANA KANATA,Salud
2021-05-01,119.8932358978,REGION METROPOLITANA KANATA,Salud
2021-06-01,120.8756592099,REGION METROPOLITANA KANATA,Salud
2021-07-01,120.729219,REGION METROPOLITANA KANATA,Salud
2021-08-01,121.2270554763,REGION METROPOLITANA KANATA,Salud
2021-09-01,121.2949278541,REGION METROPOLITANA KANATA,Salud
2021-10-01,121.5264624425,REGION METROPOLITANA KANATA,Salud
2021-11-01,121.8594198918,REGION METROPOLITANA KANATA,Salud
2021-12-01,121.8942099965,REGION METROPOLITANA KANATA,Salud
2022-01-01,122.4526956879,REGION METROPOLITANA KANATA,Salud
2022-02-01,122.3664745767,REGION METROPOLITANA KANATA,Salud
2022-03-01,122.7516168408,REGION METROPOLITANA KANATA,Salud
2022-04-01,122.8594189989,REGION METROPOLITANA KANATA,Salud
2022-05-01,122.5824988353,REGION METROPOLITANA KANATA,Salud
2022-06-01,122.1379132052,REGION METROPOLITANA KANATA,Salud
2022-07-01,121.6686278034,REGION METROPOLITANA KANATA,Salud
2022-08-01,121.5360849897,REGION METROPOLITANA KANATA,Salud
2022-09-01,122.2193021363,REGION METROPOLITANA KANATA,Salud
2022-10-01,122.4026774213,REGION METROPOLITANA KANATA,Salud
2022-11-01,122.3203492,REGION METROPOLITANA KANATA,Salud
2022-12-01,122.3305213142,REGION METROPOLITANA KANATA,Salud
2023-01-01,122.6671835151,REGION METROPOLITANA KANATA,Salud
2023-02-01,122.1702904515,REGION METROPOLITANA KANATA,Salud
2023-03-01,122.5624168919,REGION METROPOLITANA KANATA,Salud
2023-04-01,122.5648906069,REGION METROPOLITANA KANATA,Salud
2023-05-01,122.6164992948,REGION METROPOLITANA KANATA,Salud
2023-06-01,123.0668211396,REGION METROPOLITANA KANATA,Salud
2023-07-01,123.63086,REGION METROPOLITANA KANATA,Salud
2023-08-01,123.4575132984,REGION METROPOLITANA KANATA,Salud
2023-09-01,123.5340706529,REGION METROPOLITANA KANATA,Salud
2023-10-01,123.7082395651,REGION METROPOLITANA KANATA,Salud
2023-11-01,123.7746858,REGION METROPOLITANA KANATA,Salud
2023-12-01,124.3045992174,REGION METROPOLITANA KANATA,Salud
2024-01-01,124.6096511581,REGION METROPOLITANA KANATA,Salud
2024-02-01,125.0933508,REGION METROPOLITANA KANATA,Salud
2024-03-01,125.8743490528,REGION METROPOLITANA KANATA,Salud
2024-04-01,125.9075391323,REGION METROPOLITANA KANATA,Salud
2024-05-01,126.0918076497,REGION METROPOLITANA KANATA,Salud
2024-06-01,127.1328130476,REGION METROPOLITANA KANATA,Salud
2024-07-01,127.4757989244,REGION METROPOLITANA KANATA,Salud
2024-08-01,128.3393547334,REGION METROPOLITANA KANATA,Salud
2024-09-01,130.0330272785,REGION METROPOLITANA KANATA,Salud
2024-10-01,131.2535013305,REGION METROPOLITANA KANATA,Salud
2024-11-01,132.6978276406,REGION METROPOLITANA KANATA,Salud
2024-12-01,133.0273482795,REGION METROPOLITANA KANATA,Salud
2025-01-01,134.1612590533,REGION METROPOLITANA KANATA,Salud
2025-02-01,135.3424402279,REGION METROPOLITANA KANATA,Salud
2025-03-01,135.8732483468,REGION METROPOLITANA KANATA,Salud
2025-04-01,137.8550524731,REGION METROPOLITANA KANATA,Salud
2025-05-01,141.462160023,REGION METROPOLITANA KANATA,Salud
2025-06-01,147.4459795235,REGION METROPOLITANA KANATA,Salud
2025-07-01,152.3127507441,REGION METROPOLITANA KANATA,Salud
2025-08-01,153.9013002486,REGION METROPOLITANA KANATA,Salud
2025-09-01,154.6058621869,REGION METROPOLITANA KANATA,Salud
2025-10-01,154.4492023862,REGION METROPOLITANA KANATA,Salud
2025-11-01,154.6521873377,REGION METROPOLITANA KANATA,Salud
2025-12-01,155.4095562325,REGION METROPOLITANA KANATA,Salud
2026-01-01,156.4039361707,REGION METROPOLITANA KANATA,Salud
2026-02-01,157.7466256087,REGION METROPOLITANA KANATA,Salud
2026-03-01,157.9096117417,REGION METROPOLITANA KANATA,Salud
2026-04-01,157.9222276341,REGION METROPOLITANA KANATA,Salud
2026-05-01,157.4892360063,REGION METROPOLITANA KANATA,Salud
2026-06-01,157.4213218094,REGION METROPOLITANA KANATA,Salud
2026-07-01,159.1179294846,REGION METROPOLITANA KANATA,Salud
2018-01-01,101.5192874711,REGION METROPOLITANA KANATA,Transporte
2018-02-01,101.2876278687,REGION METROPOLITANA KANATA,Transporte
2018-03-01,101.4492896092,REGION METROPOLITANA KANATA,Transporte
2018-04-01,101.5015865647,REGION METROPOLITANA KANATA,Transporte
2018-05-01,101.3811915877,REGION METROPOLITANA KANATA,Transporte
2018-06-01,101.1859699249,REGION METROPOLITANA KANATA,Transporte
2018-07-01,102.0578139562,REGION METROPOLITANA KANATA,Transporte
2018-08-01,102.0620247645,REGION METROPOLITANA KANATA,Transporte
2018-09-01,101.9730138807,REGION METROPOLITANA KANATA,Transporte
2018-10-01,101.7423479339,REGION METROPOLITANA KANATA,Transporte
2018-11-01,101.9675030383,REGION METROPOLITANA KANATA,Transporte
2018-12-01,102.9060195023,REGION METROPOLITANA KANATA,Transporte
2019-01-01,103.5545136938,REGION METROPOLITANA KANATA,Transporte
2019-02-01,102.4909080794,REGION METROPOLITANA KANATA,Transporte
2019-03-01,102.7486406634,REGION METROPOLITANA KANATA,Transporte
2019-04-01,103.3725258228,REGION METROPOLITANA KANATA,Transporte
2019-05-01,103.2432989047,REGION METROPOLITANA KANATA,Transporte
2019-06-01,103.547137206,REGION METROPOLITANA KANATA,Transporte
2019-07-01,104.246286012,REGION METROPOLITANA KANATA,Transporte
2019-08-01,103.7027379948,REGION METROPOLITANA KANATA,Transporte
2019-09-01,103.7094012918,REGION METROPOLITANA KANATA,Transporte
2019-10-01,103.6155876287,REGION METROPOLITANA KANATA,Transporte
2019-11-01,103.839213753,REGION METROPOLITANA KANATA,Transporte
2019-12-01,105.2258538907,REGION METROPOLITANA KANATA,Transporte
2020-01-01,105.4119303236,REGION METROPOLITANA KANATA,Transporte
2020-02-01,105.0102586888,REGION METROPOLITANA KANATA,Transporte
2020-03-01,104.6991286315,REGION METROPOLITANA KANATA,Transporte
2020-04-01,104.6991286315,REGION METROPOLITANA KANATA,Transporte
2020-05-01,104.6991286315,REGION METROPOLITANA KANATA,Transporte
2020-06-01,105.0908222427,REGION METROPOLITANA KANATA,Transporte
2020-07-01,105.2280427311,REGION METROPOLITANA KANATA,Transporte
2020-08-01,105.3654604272,REGION METROPOLITANA KANATA,Transporte
2020-09-01,106.4160357617,REGION METROPOLITANA KANATA,Transporte
2020-10-01,105.9772773529,REGION METROPOLITANA KANATA,Transporte
2020-11-01,105.7543984821,REGION METROPOLITANA KANATA,Transporte
2020-12-01,105.8361281179,REGION METROPOLITANA KANATA,Transporte
2021-01-01,105.6654379471,REGION METROPOLITANA KANATA,Transporte
2021-02-01,105.4737228084,REGION METROPOLITANA KANATA,Transporte
2021-03-01,105.4554875885,REGION METROPOLITANA KANATA,Transporte
2021-04-01,105.5260769831,REGION METROPOLITANA KANATA,Transporte
2021-05-01,105.1229698421,REGION METROPOLITANA KANATA,Transporte
2021-06-01,105.111552291,REGION METROPOLITANA KANATA,Transporte
2021-07-01,104.830632,REGION METROPOLITANA KANATA,Transporte
2021-08-01,105.703157378,REGION METROPOLITANA KANATA,Transporte
2021-09-01,105.9708566638,REGION METROPOLITANA KANATA,Transporte
2021-10-01,106.0121339997,REGION METROPOLITANA KANATA,Transporte
2021-11-01,105.9637195988,REGION METROPOLITANA KANATA,Transporte
2021-12-01,108.3404683567,REGION METROPOLITANA KANATA,Transporte
2022-01-01,106.9014922289,REGION METROPOLITANA KANATA,Transporte
2022-02-01,107.2896252427,REGION METROPOLITANA KANATA,Transporte
2022-03-01,107.0019401028,REGION METROPOLITANA KANATA,Transporte
2022-04-01,107.7811277275,REGION METROPOLITANA KANATA,Transporte
2022-05-01,107.4881069117,REGION METROPOLITANA KANATA,Transporte
2022-06-01,107.1388942108,REGION METROPOLITANA KANATA,Transporte
2022-07-01,109.8985513678,REGION METROPOLITANA KANATA,Transporte
2022-08-01,107.8520989755,REGION METROPOLITANA KANATA,Transporte
2022-09-01,107.7346251841,REGION METROPOLITANA KANATA,Transporte
2022-10-01,107.3760037942,REGION METROPOLITANA KANATA,Transporte
2022-11-01,106.7338581,REGION METROPOLITANA KANATA,Transporte
2022-12-01,110.3616363253,REGION METROPOLITANA KANATA,Transporte
2023-01-01,110.1018758694,REGION METROPOLITANA KANATA,Transporte
2023-02-01,108.6645931788,REGION METROPOLITANA KANATA,Transporte
2023-03-01,108.1392630911,REGION METROPOLITANA KANATA,Transporte
2023-04-01,108.6131076654,REGION METROPOLITANA KANATA,Transporte
2023-05-01,107.6389684538,REGION METROPOLITANA KANATA,Transporte
2023-06-01,107.5768810751,REGION METROPOLITANA KANATA,Transporte
2023-07-01,110.7448738,REGION METROPOLITANA KANATA,Transporte
2023-08-01,108.3063325407,REGION METROPOLITANA KANATA,Transporte
2023-09-01,108.2502498785,REGION METROPOLITANA KANATA,Transporte
2023-10-01,108.2228474297,REGION METROPOLITANA KANATA,Transporte
2023-11-01,107.8157193,REGION METROPOLITANA KANATA,Transporte
2023-12-01,111.5132615033,REGION METROPOLITANA KANATA,Transporte
2024-01-01,112.4994386602,REGION METROPOLITANA KANATA,Transporte
2024-02-01,110.4281251,REGION METROPOLITANA KANATA,Transporte
2024-03-01,108.8646360701,REGION METROPOLITANA KANATA,Transporte
2024-04-01,108.483242362,REGION METROPOLITANA KANATA,Transporte
2024-05-01,108.455308896,REGION METROPOLITANA KANATA,Transporte
2024-06-01,109.1718704748,REGION METROPOLITANA KANATA,Transporte
2024-07-01,113.2780403771,REGION METROPOLITANA KANATA,Transporte
2024-08-01,111.3831956827,REGION METROPOLITANA KANATA,Transporte
2024-09-01,110.2406803097,REGION METROPOLITANA KANATA,Transporte
2024-10-01,110.6317099657,REGION METROPOLITANA KANATA,Transporte
2024-11-01,112.9956598352,REGION METROPOLITANA KANATA,Transporte
2024-12-01,115.0412699377,REGION METROPOLITANA KANATA,Transporte
2025-01-01,126.8568023037,REGION METROPOLITANA KANATA,Transporte
2025-02-01,128.8219551683,REGION METROPOLITANA KANATA,Transporte
2025-03-01,128.3843645963,REGION METROPOLITANA KANATA,Transporte
2025-04-01,128.6509757873,REGION METROPOLITANA KANATA,Transporte
2025-05-01,130.0515067481,REGION METROPOLITANA KANATA,Transporte
2025-06-01,130.9916551485,REGION METROPOLITANA KANATA,Transporte
2025-07-01,134.8551583741,REGION METROPOLITANA KANATA,Transporte
2025-08-01,133.3943529813,REGION METROPOLITANA KANATA,Transporte
2025-09-01,132.9879994525,REGION METROPOLITANA KANATA,Transporte
2025-10-01,133.3262901379,REGION METROPOLITANA KANATA,Transporte
2025-11-01,132.1485348925,REGION METROPOLITANA KANATA,Transporte
2025-12-01,149.7427776268,REGION METROPOLITANA KANATA,Transporte
2026-01-01,165.1175794822,REGION METROPOLITANA KANATA,Transporte
2026-02-01,163.4077817309,REGION METROPOLITANA KANATA,Transporte
2026-03-01,163.3814585583,REGION METROPOLITANA KANATA,Transporte
2026-04-01,163.0862866523,REGION METROPOLITANA KANATA,Transporte
2026-05-01,162.4832564921,REGION METROPOLITANA KANATA,Transporte
2026-06-01,162.6806149206,REGION METROPOLITANA KANATA,Transporte
2026-07-01,166.7561093923,REGION METROPOLITANA KANATA,Transporte
2018-01-01,105.0656335703,REGION METROPOLITANA KANATA,Vivienda y servicios básicos
2018-02-01,105.2379390935,REGION METROPOLITANA KANATA,Vivienda y servicios básicos
2018-03-01,105.237105569,REGION METROPOLITANA KANATA,Vivienda y servicios básicos
2018-04-01,105.1538157517,REGION METROPOLITANA KANATA,Vivienda y servicios básicos
2018-05-01,105.0927966321,REGION METROPOLITANA KANATA,Vivienda y servicios básicos
2018-06-01,105.2035883134,REGION METROPOLITANA KANATA,Vivienda y servicios básicos
2018-07-01,105.1505405123,REGION METROPOLITANA KANATA,Vivienda y servicios básicos
2018-08-01,105.3988205461,REGION METROPOLITANA KANATA,Vivienda y servicios básicos
2018-09-01,105.3435610615,REGION METROPOLITANA KANATA,Vivienda y servicios básicos
2018-10-01,105.1483952659,REGION METROPOLITANA KANATA,Vivienda y servicios básicos
2018-11-01,105.2909445752,REGION METROPOLITANA KANATA,Vivienda y servicios básicos
2018-12-01,105.6657779806,REGION METROPOLITANA KANATA,Vivienda y servicios básicos
2019-01-01,105.6268513521,REGION METROPOLITANA KANATA,Vivienda y servicios básicos
2019-02-01,105.6718374994,REGION METROPOLITANA KANATA,Vivienda y servicios básicos
2019-03-01,105.839350576,REGION METROPOLITANA KANATA,Vivienda y servicios básicos
2019-04-01,105.8863908923,REGION METROPOLITANA KANATA,Vivienda y servicios básicos
2019-05-01,106.0436471402,REGION METROPOLITANA KANATA,Vivienda y servicios básicos
2019-06-01,106.0866768145,REGION METROPOLITANA KANATA,Vivienda y servicios básicos
2019-07-01,106.1084090209,REGION METROPOLITANA KANATA,Vivienda y servicios básicos
2019-08-01,106.4505138505,REGION METROPOLITANA KANATA,Vivienda y servicios básicos
2019-09-01,106.3848095933,REGION METROPOLITANA KANATA,Vivienda y servicios básicos
2019-10-01,106.2028858782,REGION METROPOLITANA KANATA,Vivienda y servicios básicos
2019-11-01,106.4322966541,REGION METROPOLITANA KANATA,Vivienda y servicios básicos
2019-12-01,106.4632078985,REGION METROPOLITANA KANATA,Vivienda y servicios básicos
2020-01-01,105.8477437287,REGION METROPOLITANA KANATA,Vivienda y servicios básicos
2020-02-01,106.0606900164,REGION METROPOLITANA KANATA,Vivienda y servicios básicos
2020-03-01,105.7910988763,REGION METROPOLITANA KANATA,Vivienda y servicios básicos
2020-04-01,105.7845371234,REGION METROPOLITANA KANATA,Vivienda y servicios básicos
2020-05-01,106.0041257394,REGION METROPOLITANA KANATA,Vivienda y servicios básicos
2020-06-01,105.6606901066,REGION METROPOLITANA KANATA,Vivienda y servicios básicos
2020-07-01,106.1339868359,REGION METROPOLITANA KANATA,Vivienda y servicios básicos
2020-08-01,106.0278905398,REGION METROPOLITANA KANATA,Vivienda y servicios básicos
2020-09-01,105.9157872906,REGION METROPOLITANA KANATA,Vivienda y servicios básicos
2020-10-01,105.510148916,REGION METROPOLITANA KANATA,Vivienda y servicios básicos
2020-11-01,105.6803007439,REGION METROPOLITANA KANATA,Vivienda y servicios básicos
2020-12-01,105.7784051188,REGION METROPOLITANA KANATA,Vivienda y servicios básicos
2021-01-01,105.6497636801,REGION METROPOLITANA KANATA,Vivienda y servicios básicos
2021-02-01,105.5968739675,REGION METROPOLITANA KANATA,Vivienda y servicios básicos
2021-03-01,105.5270616691,REGION METROPOLITANA KANATA,Vivienda y servicios básicos
2021-04-01,105.5578089653,REGION METROPOLITANA KANATA,Vivienda y servicios básicos
2021-05-01,105.5104954278,REGION METROPOLITANA KANATA,Vivienda y servicios básicos
2021-06-01,105.46305897,REGION METROPOLITANA KANATA,Vivienda y servicios básicos
2021-07-01,105.5164962,REGION METROPOLITANA KANATA,Vivienda y servicios básicos
2021-08-01,105.5236368497,REGION METROPOLITANA KANATA,Vivienda y servicios básicos
2021-09-01,105.4627379906,REGION METROPOLITANA KANATA,Vivienda y servicios básicos
2021-10-01,105.4141470853,REGION METROPOLITANA KANATA,Vivienda y servicios básicos
2021-11-01,105.5695018899,REGION METROPOLITANA KANATA,Vivienda y servicios básicos
2021-12-01,106.0421821004,REGION METROPOLITANA KANATA,Vivienda y servicios básicos
2022-01-01,106.0122361964,REGION METROPOLITANA KANATA,Vivienda y servicios básicos
2022-02-01,106.1119433483,REGION METROPOLITANA KANATA,Vivienda y servicios básicos
2022-03-01,106.1647349461,REGION METROPOLITANA KANATA,Vivienda y servicios básicos
2022-04-01,106.1809109877,REGION METROPOLITANA KANATA,Vivienda y servicios básicos
2022-05-01,106.1554584513,REGION METROPOLITANA KANATA,Vivienda y servicios básicos
2022-06-01,106.4801110797,REGION METROPOLITANA KANATA,Vivienda y servicios básicos
2022-07-01,106.4785355485,REGION METROPOLITANA KANATA,Vivienda y servicios básicos
2022-08-01,106.5005086742,REGION METROPOLITANA KANATA,Vivienda y servicios básicos
2022-09-01,106.5467472021,REGION METROPOLITANA KANATA,Vivienda y servicios básicos
2022-10-01,106.6966173268,REGION METROPOLITANA KANATA,Vivienda y servicios básicos
2022-11-01,106.6216842,REGION METROPOLITANA KANATA,Vivienda y servicios básicos
2022-12-01,106.61179269,REGION METROPOLITANA KANATA,Vivienda y servicios básicos
2023-01-01,106.7921757864,REGION METROPOLITANA KANATA,Vivienda y servicios básicos
2023-02-01,106.7796997964,REGION METROPOLITANA KANATA,Vivienda y servicios básicos
2023-03-01,106.8218995855,REGION METROPOLITANA KANATA,Vivienda y servicios básicos
2023-04-01,107.0698163052,REGION METROPOLITANA KANATA,Vivienda y servicios básicos
2023-05-01,107.100339781,REGION METROPOLITANA KANATA,Vivienda y servicios básicos
2023-06-01,107.6857457383,REGION METROPOLITANA KANATA,Vivienda y servicios básicos
2023-07-01,107.714257,REGION METROPOLITANA KANATA,Vivienda y servicios básicos
2023-08-01,107.7403102652,REGION METROPOLITANA KANATA,Vivienda y servicios básicos
2023-09-01,107.6184008915,REGION METROPOLITANA KANATA,Vivienda y servicios básicos
2023-10-01,107.8368687836,REGION METROPOLITANA KANATA,Vivienda y servicios básicos
2023-11-01,107.928513,REGION METROPOLITANA KANATA,Vivienda y servicios básicos
2023-12-01,106.6936436816,REGION METROPOLITANA KANATA,Vivienda y servicios básicos
2024-01-01,106.8301778088,REGION METROPOLITANA KANATA,Vivienda y servicios básicos
2024-02-01,106.7097231,REGION METROPOLITANA KANATA,Vivienda y servicios básicos
2024-03-01,107.0055762891,REGION METROPOLITANA KANATA,Vivienda y servicios básicos
2024-04-01,106.9636947703,REGION METROPOLITANA KANATA,Vivienda y servicios básicos
2024-05-01,107.0054737702,REGION METROPOLITANA KANATA,Vivienda y servicios básicos
2024-06-01,107.7124798384,REGION METROPOLITANA KANATA,Vivienda y servicios básicos
2024-07-01,107.7154347492,REGION METROPOLITANA KANATA,Vivienda y servicios básicos
2024-08-01,108.0303515994,REGION METROPOLITANA KANATA,Vivienda y servicios básicos
2024-09-01,108.1508748097,REGION METROPOLITANA KANATA,Vivienda y servicios básicos
2024-10-01,108.3489216301,REGION METROPOLITANA KANATA,Vivienda y servicios básicos
2024-11-01,109.0463076318,REGION METROPOLITANA KANATA,Vivienda y servicios básicos
2024-12-01,109.2849136372,REGION METROPOLITANA KANATA,Vivienda y servicios básicos
2025-01-01,109.5632982159,REGION METROPOLITANA KANATA,Vivienda y servicios básicos
2025-02-01,109.8862655505,REGION METROPOLITANA KANATA,Vivienda y servicios básicos
2025-03-01,110.1671511566,REGION METROPOLITANA KANATA,Vivienda y servicios básicos
2025-04-01,110.6825256189,REGION METROPOLITANA KANATA,Vivienda y servicios básicos
2025-05-01,111.6142680471,REGION METROPOLITANA KANATA,Vivienda y servicios básicos
2025-06-01,112.2308853637,REGION METROPOLITANA KANATA,Vivienda y servicios básicos
2025-07-01,112.7618570661,REGION METROPOLITANA KANATA,Vivienda y servicios básicos
2025-08-01,113.9200924902,REGION METROPOLITANA KANATA,Vivienda y servicios básicos
2025-09-01,115.6525520786,REGION METROPOLITANA KANATA,Vivienda y servicios básicos
2025-10-01,116.587385499,REGION METROPOLITANA KANATA,Vivienda y servicios básicos
2025-11-01,117.7501969019,REGION METROPOLITANA KANATA,Vivienda y servicios básicos
2025-12-01,118.2446819309,REGION METROPOLITANA KANATA,Vivienda y servicios básicos
2026-01-01,120.4034159769,REGION METROPOLITANA KANATA,Vivienda y servicios básicos
2026-02-01,121.0136307276,REGION METROPOLITANA KANATA,Vivienda y servicios básicos
2026-03-01,121.2406344178,REGION METROPOLITANA KANATA,Vivienda y servicios básicos
2026-04-01,121.4145108741,REGION METROPOLITANA KANATA,Vivienda y servicios básicos
2026-05-01,121.3502943095,REGION METROPOLITANA KANATA,Vivienda y servicios básicos
2026-06-01,121.5580540879,REGION METROPOLITANA KANATA,Vivienda y servicios básicos
2026-07-01,122.3404228302,REGION METROPOLITANA KANATA,Vivienda y servicios básicos
2018-01-01,101.6282262341,REGION METROPOLITANA KANATA,ÍNDICE GENERAL
2018-02-01,101.6993279703,REGION METROPOLITANA KANATA,ÍNDICE GENERAL
2018-03-01,101.4104439224,REGION METROPOLITANA KANATA,ÍNDICE GENERAL
2018-04-01,101.1317316032,REGION METROPOLITANA KANATA,ÍNDICE GENERAL
2018-05-01,101.2244706389,REGION METROPOLITANA KANATA,ÍNDICE GENERAL
2018-06-01,101.255089527,REGION METROPOLITANA KANATA,ÍNDICE GENERAL
2018-07-01,101.4245681602,REGION METROPOLITANA KANATA,ÍNDICE GENERAL
2018-08-01,101.7100380156,REGION METROPOLITANA KANATA,ÍNDICE GENERAL
2018-09-01,101.5111587945,REGION METROPOLITANA KANATA,ÍNDICE GENERAL
2018-10-01,101.7235573511,REGION METROPOLITANA KANATA,ÍNDICE GENERAL
2018-11-01,102.0065220684,REGION METROPOLITANA KANATA,ÍNDICE GENERAL
2018-12-01,102.479443363,REGION METROPOLITANA KANATA,ÍNDICE GENERAL
2019-01-01,102.9015205485,REGION METROPOLITANA KANATA,ÍNDICE GENERAL
2019-02-01,102.5819946303,REGION METROPOLITANA KANATA,ÍNDICE GENERAL
2019-03-01,102.4399760135,REGION METROPOLITANA KANATA,ÍNDICE GENERAL
2019-04-01,102.8499776601,REGION METROPOLITANA KANATA,ÍNDICE GENERAL
2019-05-01,103.5821422702,REGION METROPOLITANA KANATA,ÍNDICE GENERAL
2019-06-01,103.8989111045,REGION METROPOLITANA KANATA,ÍNDICE GENERAL
2019-07-01,104.5846856599,REGION METROPOLITANA KANATA,ÍNDICE GENERAL
2019-08-01,105.8191428492,REGION METROPOLITANA KANATA,ÍNDICE GENERAL
2019-09-01,105.7032360428,REGION METROPOLITANA KANATA,ÍNDICE GENERAL
2019-10-01,106.018278341,REGION METROPOLITANA KANATA,ÍNDICE GENERAL
2019-11-01,107.3604441984,REGION METROPOLITANA KANATA,ÍNDICE GENERAL
2019-12-01,104.3950626523,REGION METROPOLITANA KANATA,ÍNDICE GENERAL
2020-01-01,104.3619925057,REGION METROPOLITANA KANATA,ÍNDICE GENERAL
2020-02-01,104.1212527251,REGION METROPOLITANA KANATA,ÍNDICE GENERAL
2020-03-01,104.4109745595,REGION METROPOLITANA KANATA,ÍNDICE GENERAL
2020-04-01,105.0784566006,REGION METROPOLITANA KANATA,ÍNDICE GENERAL
2020-05-01,104.397182783,REGION METROPOLITANA KANATA,ÍNDICE GENERAL
2020-06-01,104.7479762447,REGION METROPOLITANA KANATA,ÍNDICE GENERAL
2020-07-01,105.6255069257,REGION METROPOLITANA KANATA,ÍNDICE GENERAL
2020-08-01,105.9086918387,REGION METROPOLITANA KANATA,ÍNDICE GENERAL
2020-09-01,104.2821287038,REGION METROPOLITANA KANATA,ÍNDICE GENERAL
2020-10-01,105.0446480011,REGION METROPOLITANA KANATA,ÍNDICE GENERAL
2020-11-01,104.391406794,REGION METROPOLITANA KANATA,ÍNDICE GENERAL
2020-12-01,104.6003975829,REGION METROPOLITANA KANATA,ÍNDICE GENERAL
2021-01-01,105.8150684765,REGION METROPOLITANA KANATA,ÍNDICE GENERAL
2021-02-01,105.9384838474,REGION METROPOLITANA KANATA,ÍNDICE GENERAL
2021-03-01,105.7978865732,REGION METROPOLITANA KANATA,ÍNDICE GENERAL
2021-04-01,105.4178999939,REGION METROPOLITANA KANATA,ÍNDICE GENERAL
2021-05-01,105.211579451,REGION METROPOLITANA KANATA,ÍNDICE GENERAL
2021-06-01,105.5075797458,REGION METROPOLITANA KANATA,ÍNDICE GENERAL
2021-07-01,105.7457392,REGION METROPOLITANA KANATA,ÍNDICE GENERAL
2021-08-01,106.5259283408,REGION METROPOLITANA KANATA,ÍNDICE GENERAL
2021-09-01,105.7477576579,REGION METROPOLITANA KANATA,ÍNDICE GENERAL
2021-10-01,104.910042341,REGION METROPOLITANA KANATA,ÍNDICE GENERAL
2021-11-01,105.0535197757,REGION METROPOLITANA KANATA,ÍNDICE GENERAL
2021-12-01,105.5313029823,REGION METROPOLITANA KANATA,ÍNDICE GENERAL
2022-01-01,106.3553821702,REGION METROPOLITANA KANATA,ÍNDICE GENERAL
2022-02-01,106.7530567133,REGION METROPOLITANA KANATA,ÍNDICE GENERAL
2022-03-01,106.1432490422,REGION METROPOLITANA KANATA,ÍNDICE GENERAL
2022-04-01,105.9835454291,REGION METROPOLITANA KANATA,ÍNDICE GENERAL
2022-05-01,106.4974106321,REGION METROPOLITANA KANATA,ÍNDICE GENERAL
2022-06-01,106.9764919742,REGION METROPOLITANA KANATA,ÍNDICE GENERAL
2022-07-01,107.8547815941,REGION METROPOLITANA KANATA,ÍNDICE GENERAL
2022-08-01,107.991348037,REGION METROPOLITANA KANATA,ÍNDICE GENERAL
2022-09-01,108.3759759984,REGION METROPOLITANA KANATA,ÍNDICE GENERAL
2022-10-01,109.0298826085,REGION METROPOLITANA KANATA,ÍNDICE GENERAL
2022-11-01,109.8688028,REGION METROPOLITANA KANATA,ÍNDICE GENERAL
2022-12-01,110.3111049742,REGION METROPOLITANA KANATA,ÍNDICE GENERAL
2023-01-01,110.9112795973,REGION METROPOLITANA KANATA,ÍNDICE GENERAL
2023-02-01,109.6478128337,REGION METROPOLITANA KANATA,ÍNDICE GENERAL
2023-03-01,109.47961982,REGION METROPOLITANA KANATA,ÍNDICE GENERAL
2023-04-01,109.5294415028,REGION METROPOLITANA KANATA,ÍNDICE GENERAL
2023-05-01,110.378259135,REGION METROPOLITANA KANATA,ÍNDICE GENERAL
2023-06-01,110.5418041441,REGION METROPOLITANA KANATA,ÍNDICE GENERAL
2023-07-01,111.1545806,REGION METROPOLITANA KANATA,ÍNDICE GENERAL
2023-08-01,111.6536228024,REGION METROPOLITANA KANATA,ÍNDICE GENERAL
2023-09-01,111.4464666151,REGION METROPOLITANA KANATA,ÍNDICE GENERAL
2023-10-01,111.530052571,REGION METROPOLITANA KANATA,ÍNDICE GENERAL
2023-11-01,111.4584076,REGION METROPOLITANA KANATA,ÍNDICE GENERAL
2023-12-01,112.0794207063,REGION METROPOLITANA KANATA,ÍNDICE GENERAL
2024-01-01,111.9032130489,REGION METROPOLITANA KANATA,ÍNDICE GENERAL
2024-02-01,112.0811463,REGION METROPOLITANA KANATA,ÍNDICE GENERAL
2024-03-01,112.3327042563,REGION METROPOLITANA KANATA,ÍNDICE GENERAL
2024-04-01,112.9529934511,REGION METROPOLITANA KANATA,ÍNDICE GENERAL
2024-05-01,113.7944110203,REGION METROPOLITANA KANATA,ÍNDICE GENERAL
2024-06-01,114.5367763504,REGION METROPOLITANA KANATA,ÍNDICE GENERAL
2024-07-01,115.2987115768,REGION METROPOLITANA KANATA,ÍNDICE GENERAL
2024-08-01,117.1744294412,REGION METROPOLITANA KANATA,ÍNDICE GENERAL
2024-09-01,117.7867988389,REGION METROPOLITANA KANATA,ÍNDICE GENERAL
2024-10-01,120.3252186358,REGION METROPOLITANA KANATA,ÍNDICE GENERAL
2024-11-01,122.5031851072,REGION METROPOLITANA KANATA,ÍNDICE GENERAL
2024-12-01,123.3150635132,REGION METROPOLITANA KANATA,ÍNDICE GENERAL
2025-01-01,126.3613598089,REGION METROPOLITANA KANATA,ÍNDICE GENERAL
2025-02-01,127.8010244607,REGION METROPOLITANA KANATA,ÍNDICE GENERAL
2025-03-01,129.9791357556,REGION METROPOLITANA KANATA,ÍNDICE GENERAL
2025-04-01,130.7703984295,REGION METROPOLITANA KANATA,ÍNDICE GENERAL
2025-05-01,136.0712256998,REGION METROPOLITANA KANATA,ÍNDICE GENERAL
2025-06-01,143.8494338046,REGION METROPOLITANA KANATA,ÍNDICE GENERAL
2025-07-01,144.5250764378,REGION METROPOLITANA KANATA,ÍNDICE GENERAL
2025-08-01,145.6286491958,REGION METROPOLITANA KANATA,ÍNDICE GENERAL
2025-09-01,145.4895561258,REGION METROPOLITANA KANATA,ÍNDICE GENERAL
2025-10-01,146.6222776762,REGION METROPOLITANA KANATA,ÍNDICE GENERAL
2025-11-01,147.0659261244,REGION METROPOLITANA KANATA,ÍNDICE GENERAL
2025-12-01,147.4750263735,REGION METROPOLITANA KANATA,ÍNDICE GENERAL
2026-01-01,149.4117523987,REGION METROPOLITANA KANATA,ÍNDICE GENERAL
2026-02-01,148.7431465101,REGION METROPOLITANA KANATA,ÍNDICE GENERAL
2026-03-01,148.5367934164,REGION METROPOLITANA KANATA,ÍNDICE GENERAL
2026-04-01,148.4542233036,REGION METROPOLITANA KANATA,ÍNDICE GENERAL
2026-05-01,149.8064338731,REGION METROPOLITANA KANATA,ÍNDICE GENERAL
2026-06-01,155.2675287687,REGION METROPOLITANA KANATA,ÍNDICE GENERAL
2026-07-01,149.7936959915,REGION METROPOLITANA KANATA,ÍNDICE GENERAL
2018-01-01,103.6551023551,SUCRE,Alimentos y bebidas consumidos fuera del hogar
2018-02-01,103.8494886776,SUCRE,Alimentos y bebidas consumidos fuera del hogar
2018-03-01,104.2142786308,SUCRE,Alimentos y bebidas consumidos fuera del hogar
2018-04-01,104.443692412,SUCRE,Alimentos y bebidas consumidos fuera del hogar
2018-05-01,104.4413080158,SUCRE,Alimentos y bebidas consumidos fuera del hogar
2018-06-01,105.3262273845,SUCRE,Alimentos y bebidas consumidos fuera del hogar
2018-07-01,105.1926641841,SUCRE,Alimentos y bebidas consumidos fuera del hogar
2018-08-01,105.1075862447,SUCRE,Alimentos y bebidas consumidos fuera del hogar
2018-09-01,105.0945777058,SUCRE,Alimentos y bebidas consumidos fuera del hogar
2018-10-01,105.0883594543,SUCRE,Alimentos y bebidas consumidos fuera del hogar
2018-11-01,105.5414292937,SUCRE,Alimentos y bebidas consumidos fuera del hogar
2018-12-01,105.7185412315,SUCRE,Alimentos y bebidas consumidos fuera del hogar
2019-01-01,105.7305141201,SUCRE,Alimentos y bebidas consumidos fuera del hogar
2019-02-01,105.7473744193,SUCRE,Alimentos y bebidas consumidos fuera del hogar
2019-03-01,105.9002263303,SUCRE,Alimentos y bebidas consumidos fuera del hogar
2019-04-01,106.0832482253,SUCRE,Alimentos y bebidas consumidos fuera del hogar
2019-05-01,106.3053293866,SUCRE,Alimentos y bebidas consumidos fuera del hogar
2019-06-01,106.8235596006,SUCRE,Alimentos y bebidas consumidos fuera del hogar
2019-07-01,106.8341439094,SUCRE,Alimentos y bebidas consumidos fuera del hogar
2019-08-01,107.2646314973,SUCRE,Alimentos y bebidas consumidos fuera del hogar
2019-09-01,107.2870113838,SUCRE,Alimentos y bebidas consumidos fuera del hogar
2019-10-01,107.3050366837,SUCRE,Alimentos y bebidas consumidos fuera del hogar
2019-11-01,107.6544535832,SUCRE,Alimentos y bebidas consumidos fuera del hogar
2019-12-01,107.7949223157,SUCRE,Alimentos y bebidas consumidos fuera del hogar
2020-01-01,108.0050556609,SUCRE,Alimentos y bebidas consumidos fuera del hogar
2020-02-01,108.0645016503,SUCRE,Alimentos y bebidas consumidos fuera del hogar
2020-03-01,108.1283999219,SUCRE,Alimentos y bebidas consumidos fuera del hogar
2020-04-01,108.1283999228,SUCRE,Alimentos y bebidas consumidos fuera del hogar
2020-05-01,108.1396747425,SUCRE,Alimentos y bebidas consumidos fuera del hogar
2020-06-01,108.1396747425,SUCRE,Alimentos y bebidas consumidos fuera del hogar
2020-07-01,108.1590323725,SUCRE,Alimentos y bebidas consumidos fuera del hogar
2020-08-01,108.0943999017,SUCRE,Alimentos y bebidas consumidos fuera del hogar
2020-09-01,107.8753818315,SUCRE,Alimentos y bebidas consumidos fuera del hogar
2020-10-01,107.7489879448,SUCRE,Alimentos y bebidas consumidos fuera del hogar
2020-11-01,107.8370616034,SUCRE,Alimentos y bebidas consumidos fuera del hogar
2020-12-01,107.9032094496,SUCRE,Alimentos y bebidas consumidos fuera del hogar
2021-01-01,107.9032094504,SUCRE,Alimentos y bebidas consumidos fuera del hogar
2021-02-01,107.904953658,SUCRE,Alimentos y bebidas consumidos fuera del hogar
2021-03-01,107.9083812156,SUCRE,Alimentos y bebidas consumidos fuera del hogar
2021-04-01,107.9632172976,SUCRE,Alimentos y bebidas consumidos fuera del hogar
2021-05-01,107.9343503472,SUCRE,Alimentos y bebidas consumidos fuera del hogar
2021-06-01,107.927773475,SUCRE,Alimentos y bebidas consumidos fuera del hogar
2021-07-01,107.8190084,SUCRE,Alimentos y bebidas consumidos fuera del hogar
2021-08-01,107.8430483876,SUCRE,Alimentos y bebidas consumidos fuera del hogar
2021-09-01,108.108650372,SUCRE,Alimentos y bebidas consumidos fuera del hogar
2021-10-01,108.4558689054,SUCRE,Alimentos y bebidas consumidos fuera del hogar
2021-11-01,108.4558689054,SUCRE,Alimentos y bebidas consumidos fuera del hogar
2021-12-01,108.459900167,SUCRE,Alimentos y bebidas consumidos fuera del hogar
2022-01-01,108.7222966714,SUCRE,Alimentos y bebidas consumidos fuera del hogar
2022-02-01,108.7970792072,SUCRE,Alimentos y bebidas consumidos fuera del hogar
2022-03-01,108.9620532036,SUCRE,Alimentos y bebidas consumidos fuera del hogar
2022-04-01,109.0710314614,SUCRE,Alimentos y bebidas consumidos fuera del hogar
2022-05-01,109.1083688388,SUCRE,Alimentos y bebidas consumidos fuera del hogar
2022-06-01,109.1456332326,SUCRE,Alimentos y bebidas consumidos fuera del hogar
2022-07-01,109.3990139292,SUCRE,Alimentos y bebidas consumidos fuera del hogar
2022-08-01,109.4383212084,SUCRE,Alimentos y bebidas consumidos fuera del hogar
2022-09-01,109.5638601811,SUCRE,Alimentos y bebidas consumidos fuera del hogar
2022-10-01,109.7504137446,SUCRE,Alimentos y bebidas consumidos fuera del hogar
2022-11-01,109.7872695,SUCRE,Alimentos y bebidas consumidos fuera del hogar
2022-12-01,110.1769937152,SUCRE,Alimentos y bebidas consumidos fuera del hogar
2023-01-01,110.4799442208,SUCRE,Alimentos y bebidas consumidos fuera del hogar
2023-02-01,110.8922586537,SUCRE,Alimentos y bebidas consumidos fuera del hogar
2023-03-01,111.2655306903,SUCRE,Alimentos y bebidas consumidos fuera del hogar
2023-04-01,111.4413887168,SUCRE,Alimentos y bebidas consumidos fuera del hogar
2023-05-01,111.538634499,SUCRE,Alimentos y bebidas consumidos fuera del hogar
2023-06-01,112.0660120735,SUCRE,Alimentos y bebidas consumidos fuera del hogar
2023-07-01,112.0941064,SUCRE,Alimentos y bebidas consumidos fuera del hogar
2023-08-01,112.3000201504,SUCRE,Alimentos y bebidas consumidos fuera del hogar
2023-09-01,112.3441983256,SUCRE,Alimentos y bebidas consumidos fuera del hogar
2023-10-01,112.4762643725,SUCRE,Alimentos y bebidas consumidos fuera del hogar
2023-11-01,112.4064768,SUCRE,Alimentos y bebidas consumidos fuera del hogar
2023-12-01,112.7260248773,SUCRE,Alimentos y bebidas consumidos fuera del hogar
2024-01-01,112.8040723401,SUCRE,Alimentos y bebidas consumidos fuera del hogar
2024-02-01,112.9972423,SUCRE,Alimentos y bebidas consumidos fuera del hogar
2024-03-01,112.341928118,SUCRE,Alimentos y bebidas consumidos fuera del hogar
2024-04-01,112.3308364942,SUCRE,Alimentos y bebidas consumidos fuera del hogar
2024-05-01,112.3462718408,SUCRE,Alimentos y bebidas consumidos fuera del hogar
2024-06-01,112.4248233631,SUCRE,Alimentos y bebidas consumidos fuera del hogar
2024-07-01,112.5603862207,SUCRE,Alimentos y bebidas consumidos fuera del hogar
2024-08-01,113.2990446709,SUCRE,Alimentos y bebidas consumidos fuera del hogar
2024-09-01,114.1186494904,SUCRE,Alimentos y bebidas consumidos fuera del hogar
2024-10-01,115.5504276687,SUCRE,Alimentos y bebidas consumidos fuera del hogar
2024-11-01,117.2508581878,SUCRE,Alimentos y bebidas consumidos fuera del hogar
2024-12-01,119.2041315548,SUCRE,Alimentos y bebidas consumidos fuera del hogar
2025-01-01,121.046018625,SUCRE,Alimentos y bebidas consumidos fuera del hogar
2025-02-01,123.0988079275,SUCRE,Alimentos y bebidas consumidos fuera del hogar
2025-03-01,123.9171928933,SUCRE,Alimentos y bebidas consumidos fuera del hogar
2025-04-01,124.9686203014,SUCRE,Alimentos y bebidas consumidos fuera del hogar
2025-05-01,126.4052325624,SUCRE,Alimentos y bebidas consumidos fuera del hogar
2025-06-01,130.4129719429,SUCRE,Alimentos y bebidas consumidos fuera del hogar
2025-07-01,131.5386066949,SUCRE,Alimentos y bebidas consumidos fuera del hogar
2025-08-01,134.1288139454,SUCRE,Alimentos y bebidas consumidos fuera del hogar
2025-09-01,135.7815869255,SUCRE,Alimentos y bebidas consumidos fuera del hogar
2025-10-01,136.4736677009,SUCRE,Alimentos y bebidas consumidos fuera del hogar
2025-11-01,137.4277305407,SUCRE,Alimentos y bebidas consumidos fuera del hogar
2025-12-01,138.6553100884,SUCRE,Alimentos y bebidas consumidos fuera del hogar
2026-01-01,140.2613418309,SUCRE,Alimentos y bebidas consumidos fuera del hogar
2026-02-01,143.0653048532,SUCRE,Alimentos y bebidas consumidos fuera del hogar
2026-03-01,143.5043672097,SUCRE,Alimentos y bebidas consumidos fuera del hogar
2026-04-01,143.3463670979,SUCRE,Alimentos y bebidas consumidos fuera del hogar
2026-05-01,144.328294731,SUCRE,Alimentos y bebidas consumidos fuera del hogar
2026-06-01,145.6455773751,SUCRE,Alimentos y bebidas consumidos fuera del hogar
2026-07-01,147.2863793661,SUCRE,Alimentos y bebidas consumidos fuera del hogar
2018-01-01,101.0535420009,SUCRE,Alimentos y bebidas no alcohólicas
2018-02-01,101.2671947496,SUCRE,Alimentos y bebidas no alcohólicas
2018-03-01,100.55277475,SUCRE,Alimentos y bebidas no alcohólicas
2018-04-01,99.9093207534,SUCRE,Alimentos y bebidas no alcohólicas
2018-05-01,101.4463994543,SUCRE,Alimentos y bebidas no alcohólicas
2018-06-01,100.1308009597,SUCRE,Alimentos y bebidas no alcohólicas
2018-07-01,100.3298288028,SUCRE,Alimentos y bebidas no alcohólicas
2018-08-01,100.8560782406,SUCRE,Alimentos y bebidas no alcohólicas
2018-09-01,100.3777816945,SUCRE,Alimentos y bebidas no alcohólicas
2018-10-01,100.8724192454,SUCRE,Alimentos y bebidas no alcohólicas
2018-11-01,101.2991927413,SUCRE,Alimentos y bebidas no alcohólicas
2018-12-01,101.6987044468,SUCRE,Alimentos y bebidas no alcohólicas
2019-01-01,102.6398860677,SUCRE,Alimentos y bebidas no alcohólicas
2019-02-01,102.6598601722,SUCRE,Alimentos y bebidas no alcohólicas
2019-03-01,102.6245339359,SUCRE,Alimentos y bebidas no alcohólicas
2019-04-01,101.5436281473,SUCRE,Alimentos y bebidas no alcohólicas
2019-05-01,102.5455379865,SUCRE,Alimentos y bebidas no alcohólicas
2019-06-01,103.7572530909,SUCRE,Alimentos y bebidas no alcohólicas
2019-07-01,103.5414767462,SUCRE,Alimentos y bebidas no alcohólicas
2019-08-01,105.4989431121,SUCRE,Alimentos y bebidas no alcohólicas
2019-09-01,105.5435001712,SUCRE,Alimentos y bebidas no alcohólicas
2019-10-01,107.80151089,SUCRE,Alimentos y bebidas no alcohólicas
2019-11-01,109.8222507358,SUCRE,Alimentos y bebidas no alcohólicas
2019-12-01,104.3818611957,SUCRE,Alimentos y bebidas no alcohólicas
2020-01-01,103.1813634962,SUCRE,Alimentos y bebidas no alcohólicas
2020-02-01,103.3027147191,SUCRE,Alimentos y bebidas no alcohólicas
2020-03-01,103.6043688161,SUCRE,Alimentos y bebidas no alcohólicas
2020-04-01,104.238543438,SUCRE,Alimentos y bebidas no alcohólicas
2020-05-01,104.0782187521,SUCRE,Alimentos y bebidas no alcohólicas
2020-06-01,104.9507801437,SUCRE,Alimentos y bebidas no alcohólicas
2020-07-01,103.765677232,SUCRE,Alimentos y bebidas no alcohólicas
2020-08-01,105.8720253164,SUCRE,Alimentos y bebidas no alcohólicas
2020-09-01,102.4558621526,SUCRE,Alimentos y bebidas no alcohólicas
2020-10-01,103.3214205152,SUCRE,Alimentos y bebidas no alcohólicas
2020-11-01,102.8582472379,SUCRE,Alimentos y bebidas no alcohólicas
2020-12-01,103.0795151656,SUCRE,Alimentos y bebidas no alcohólicas
2021-01-01,104.1059797264,SUCRE,Alimentos y bebidas no alcohólicas
2021-02-01,104.5495160816,SUCRE,Alimentos y bebidas no alcohólicas
2021-03-01,104.180097992,SUCRE,Alimentos y bebidas no alcohólicas
2021-04-01,103.1999463985,SUCRE,Alimentos y bebidas no alcohólicas
2021-05-01,103.3547600809,SUCRE,Alimentos y bebidas no alcohólicas
2021-06-01,103.4248414847,SUCRE,Alimentos y bebidas no alcohólicas
2021-07-01,104.7817564,SUCRE,Alimentos y bebidas no alcohólicas
2021-08-01,105.5647642847,SUCRE,Alimentos y bebidas no alcohólicas
2021-09-01,104.3229871867,SUCRE,Alimentos y bebidas no alcohólicas
2021-10-01,102.7102318123,SUCRE,Alimentos y bebidas no alcohólicas
2021-11-01,102.8734963046,SUCRE,Alimentos y bebidas no alcohólicas
2021-12-01,102.921248292,SUCRE,Alimentos y bebidas no alcohólicas
2022-01-01,104.4326947758,SUCRE,Alimentos y bebidas no alcohólicas
2022-02-01,105.7133744049,SUCRE,Alimentos y bebidas no alcohólicas
2022-03-01,104.5219080852,SUCRE,Alimentos y bebidas no alcohólicas
2022-04-01,103.7892599127,SUCRE,Alimentos y bebidas no alcohólicas
2022-05-01,104.8369273592,SUCRE,Alimentos y bebidas no alcohólicas
2022-06-01,106.3398878179,SUCRE,Alimentos y bebidas no alcohólicas
2022-07-01,106.5951279466,SUCRE,Alimentos y bebidas no alcohólicas
2022-08-01,106.5790871203,SUCRE,Alimentos y bebidas no alcohólicas
2022-09-01,107.3572652332,SUCRE,Alimentos y bebidas no alcohólicas
2022-10-01,109.9078985796,SUCRE,Alimentos y bebidas no alcohólicas
2022-11-01,111.8900298,SUCRE,Alimentos y bebidas no alcohólicas
2022-12-01,111.2185795029,SUCRE,Alimentos y bebidas no alcohólicas
2023-01-01,111.9948998455,SUCRE,Alimentos y bebidas no alcohólicas
2023-02-01,112.2277689471,SUCRE,Alimentos y bebidas no alcohólicas
2023-03-01,109.5934169467,SUCRE,Alimentos y bebidas no alcohólicas
2023-04-01,109.1817072626,SUCRE,Alimentos y bebidas no alcohólicas
2023-05-01,110.9427458179,SUCRE,Alimentos y bebidas no alcohólicas
2023-06-01,111.4690290969,SUCRE,Alimentos y bebidas no alcohólicas
2023-07-01,111.8476687,SUCRE,Alimentos y bebidas no alcohólicas
2023-08-01,112.5914644493,SUCRE,Alimentos y bebidas no alcohólicas
2023-09-01,112.9097082356,SUCRE,Alimentos y bebidas no alcohólicas
2023-10-01,113.6227262903,SUCRE,Alimentos y bebidas no alcohólicas
2023-11-01,113.562393,SUCRE,Alimentos y bebidas no alcohólicas
2023-12-01,114.6266029279,SUCRE,Alimentos y bebidas no alcohólicas
2024-01-01,114.9760232832,SUCRE,Alimentos y bebidas no alcohólicas
2024-02-01,114.6579131,SUCRE,Alimentos y bebidas no alcohólicas
2024-03-01,114.0059727916,SUCRE,Alimentos y bebidas no alcohólicas
2024-04-01,116.3727927244,SUCRE,Alimentos y bebidas no alcohólicas
2024-05-01,117.5360608446,SUCRE,Alimentos y bebidas no alcohólicas
2024-06-01,118.3962021627,SUCRE,Alimentos y bebidas no alcohólicas
2024-07-01,118.2768943435,SUCRE,Alimentos y bebidas no alcohólicas
2024-08-01,119.524017472,SUCRE,Alimentos y bebidas no alcohólicas
2024-09-01,121.1584968107,SUCRE,Alimentos y bebidas no alcohólicas
2024-10-01,125.3203707563,SUCRE,Alimentos y bebidas no alcohólicas
2024-11-01,129.1969626561,SUCRE,Alimentos y bebidas no alcohólicas
2024-12-01,128.5060122533,SUCRE,Alimentos y bebidas no alcohólicas
2025-01-01,134.2312774059,SUCRE,Alimentos y bebidas no alcohólicas
2025-02-01,137.9076392182,SUCRE,Alimentos y bebidas no alcohólicas
2025-03-01,142.6091206571,SUCRE,Alimentos y bebidas no alcohólicas
2025-04-01,143.094348014,SUCRE,Alimentos y bebidas no alcohólicas
2025-05-01,149.1239276461,SUCRE,Alimentos y bebidas no alcohólicas
2025-06-01,159.8454217286,SUCRE,Alimentos y bebidas no alcohólicas
2025-07-01,164.4683755339,SUCRE,Alimentos y bebidas no alcohólicas
2025-08-01,164.3898786039,SUCRE,Alimentos y bebidas no alcohólicas
2025-09-01,165.7728173066,SUCRE,Alimentos y bebidas no alcohólicas
2025-10-01,166.6691839335,SUCRE,Alimentos y bebidas no alcohólicas
2025-11-01,170.4933219439,SUCRE,Alimentos y bebidas no alcohólicas
2025-12-01,167.1535018728,SUCRE,Alimentos y bebidas no alcohólicas
2026-01-01,165.951451593,SUCRE,Alimentos y bebidas no alcohólicas
2026-02-01,167.0476038159,SUCRE,Alimentos y bebidas no alcohólicas
2026-03-01,165.7751776845,SUCRE,Alimentos y bebidas no alcohólicas
2026-04-01,165.0823079312,SUCRE,Alimentos y bebidas no alcohólicas
2026-05-01,166.7464740746,SUCRE,Alimentos y bebidas no alcohólicas
2026-06-01,179.7108480527,SUCRE,Alimentos y bebidas no alcohólicas
2026-07-01,171.8144606636,SUCRE,Alimentos y bebidas no alcohólicas
2018-01-01,100.396491136,SUCRE,Bebidas alcohólicas y tabaco
2018-02-01,101.8028914119,SUCRE,Bebidas alcohólicas y tabaco
2018-03-01,101.9220072903,SUCRE,Bebidas alcohólicas y tabaco
2018-04-01,102.7970776603,SUCRE,Bebidas alcohólicas y tabaco
2018-05-01,102.9643781012,SUCRE,Bebidas alcohólicas y tabaco
2018-06-01,102.7899573391,SUCRE,Bebidas alcohólicas y tabaco
2018-07-01,102.0925570831,SUCRE,Bebidas alcohólicas y tabaco
2018-08-01,102.2613538052,SUCRE,Bebidas alcohólicas y tabaco
2018-09-01,102.87713384,SUCRE,Bebidas alcohólicas y tabaco
2018-10-01,103.2202644932,SUCRE,Bebidas alcohólicas y tabaco
2018-11-01,102.9457257368,SUCRE,Bebidas alcohólicas y tabaco
2018-12-01,103.0616277458,SUCRE,Bebidas alcohólicas y tabaco
2019-01-01,103.1268066546,SUCRE,Bebidas alcohólicas y tabaco
2019-02-01,103.9078909281,SUCRE,Bebidas alcohólicas y tabaco
2019-03-01,104.6656758731,SUCRE,Bebidas alcohólicas y tabaco
2019-04-01,103.1902431755,SUCRE,Bebidas alcohólicas y tabaco
2019-05-01,104.4080051535,SUCRE,Bebidas alcohólicas y tabaco
2019-06-01,104.4361350865,SUCRE,Bebidas alcohólicas y tabaco
2019-07-01,104.5724307242,SUCRE,Bebidas alcohólicas y tabaco
2019-08-01,104.3860769281,SUCRE,Bebidas alcohólicas y tabaco
2019-09-01,104.4009097112,SUCRE,Bebidas alcohólicas y tabaco
2019-10-01,104.3736893391,SUCRE,Bebidas alcohólicas y tabaco
2019-11-01,104.7805050097,SUCRE,Bebidas alcohólicas y tabaco
2019-12-01,104.5278039365,SUCRE,Bebidas alcohólicas y tabaco
2020-01-01,105.0683777833,SUCRE,Bebidas alcohólicas y tabaco
2020-02-01,104.4719020138,SUCRE,Bebidas alcohólicas y tabaco
2020-03-01,104.0210242931,SUCRE,Bebidas alcohólicas y tabaco
2020-04-01,104.09160656,SUCRE,Bebidas alcohólicas y tabaco
2020-05-01,108.3578437685,SUCRE,Bebidas alcohólicas y tabaco
2020-06-01,107.0629168295,SUCRE,Bebidas alcohólicas y tabaco
2020-07-01,106.303756263,SUCRE,Bebidas alcohólicas y tabaco
2020-08-01,105.7630366718,SUCRE,Bebidas alcohólicas y tabaco
2020-09-01,105.7673952967,SUCRE,Bebidas alcohólicas y tabaco
2020-10-01,105.0424237205,SUCRE,Bebidas alcohólicas y tabaco
2020-11-01,104.6663770809,SUCRE,Bebidas alcohólicas y tabaco
2020-12-01,105.5611939424,SUCRE,Bebidas alcohólicas y tabaco
2021-01-01,104.4837378823,SUCRE,Bebidas alcohólicas y tabaco
2021-02-01,104.1400699027,SUCRE,Bebidas alcohólicas y tabaco
2021-03-01,103.9202325813,SUCRE,Bebidas alcohólicas y tabaco
2021-04-01,103.2704926418,SUCRE,Bebidas alcohólicas y tabaco
2021-05-01,103.3600450809,SUCRE,Bebidas alcohólicas y tabaco
2021-06-01,103.2014144346,SUCRE,Bebidas alcohólicas y tabaco
2021-07-01,102.9621202,SUCRE,Bebidas alcohólicas y tabaco
2021-08-01,103.0118826078,SUCRE,Bebidas alcohólicas y tabaco
2021-09-01,103.391649582,SUCRE,Bebidas alcohólicas y tabaco
2021-10-01,103.3237004306,SUCRE,Bebidas alcohólicas y tabaco
2021-11-01,103.4253022034,SUCRE,Bebidas alcohólicas y tabaco
2021-12-01,103.427934401,SUCRE,Bebidas alcohólicas y tabaco
2022-01-01,102.7055890797,SUCRE,Bebidas alcohólicas y tabaco
2022-02-01,102.5907335053,SUCRE,Bebidas alcohólicas y tabaco
2022-03-01,102.5481443214,SUCRE,Bebidas alcohólicas y tabaco
2022-04-01,102.5352815083,SUCRE,Bebidas alcohólicas y tabaco
2022-05-01,102.8503260278,SUCRE,Bebidas alcohólicas y tabaco
2022-06-01,103.5246803342,SUCRE,Bebidas alcohólicas y tabaco
2022-07-01,105.0418871062,SUCRE,Bebidas alcohólicas y tabaco
2022-08-01,104.906413605,SUCRE,Bebidas alcohólicas y tabaco
2022-09-01,105.6347061629,SUCRE,Bebidas alcohólicas y tabaco
2022-10-01,106.2543518651,SUCRE,Bebidas alcohólicas y tabaco
2022-11-01,106.1665655,SUCRE,Bebidas alcohólicas y tabaco
2022-12-01,106.8562759869,SUCRE,Bebidas alcohólicas y tabaco
2023-01-01,106.3587935082,SUCRE,Bebidas alcohólicas y tabaco
2023-02-01,106.8546107205,SUCRE,Bebidas alcohólicas y tabaco
2023-03-01,107.1629395971,SUCRE,Bebidas alcohólicas y tabaco
2023-04-01,106.719240193,SUCRE,Bebidas alcohólicas y tabaco
2023-05-01,106.1517608856,SUCRE,Bebidas alcohólicas y tabaco
2023-06-01,106.2071172522,SUCRE,Bebidas alcohólicas y tabaco
2023-07-01,106.7063123,SUCRE,Bebidas alcohólicas y tabaco
2023-08-01,107.0882497182,SUCRE,Bebidas alcohólicas y tabaco
2023-09-01,107.4278872074,SUCRE,Bebidas alcohólicas y tabaco
2023-10-01,107.6474822283,SUCRE,Bebidas alcohólicas y tabaco
2023-11-01,107.4755411,SUCRE,Bebidas alcohólicas y tabaco
2023-12-01,107.3209361471,SUCRE,Bebidas alcohólicas y tabaco
2024-01-01,107.2069253091,SUCRE,Bebidas alcohólicas y tabaco
2024-02-01,107.1682837,SUCRE,Bebidas alcohólicas y tabaco
2024-03-01,107.9543614717,SUCRE,Bebidas alcohólicas y tabaco
2024-04-01,106.7191857109,SUCRE,Bebidas alcohólicas y tabaco
2024-05-01,107.3576074601,SUCRE,Bebidas alcohólicas y tabaco
2024-06-01,107.8526976994,SUCRE,Bebidas alcohólicas y tabaco
2024-07-01,108.1201197984,SUCRE,Bebidas alcohólicas y tabaco
2024-08-01,110.9788587184,SUCRE,Bebidas alcohólicas y tabaco
2024-09-01,114.8617614368,SUCRE,Bebidas alcohólicas y tabaco
2024-10-01,115.9050415712,SUCRE,Bebidas alcohólicas y tabaco
2024-11-01,116.9786621525,SUCRE,Bebidas alcohólicas y tabaco
2024-12-01,120.1051891387,SUCRE,Bebidas alcohólicas y tabaco
2025-01-01,121.7686962197,SUCRE,Bebidas alcohólicas y tabaco
2025-02-01,121.8920463836,SUCRE,Bebidas alcohólicas y tabaco
2025-03-01,121.2750564682,SUCRE,Bebidas alcohólicas y tabaco
2025-04-01,123.0606651371,SUCRE,Bebidas alcohólicas y tabaco
2025-05-01,125.9447288981,SUCRE,Bebidas alcohólicas y tabaco
2025-06-01,135.291630062,SUCRE,Bebidas alcohólicas y tabaco
2025-07-01,135.9443812231,SUCRE,Bebidas alcohólicas y tabaco
2025-08-01,139.2569794507,SUCRE,Bebidas alcohólicas y tabaco
2025-09-01,141.6716525088,SUCRE,Bebidas alcohólicas y tabaco
2025-10-01,141.9437606074,SUCRE,Bebidas alcohólicas y tabaco
2025-11-01,140.5669908188,SUCRE,Bebidas alcohólicas y tabaco
2025-12-01,139.4622331344,SUCRE,Bebidas alcohólicas y tabaco
2026-01-01,139.9852736229,SUCRE,Bebidas alcohólicas y tabaco
2026-02-01,138.2858906031,SUCRE,Bebidas alcohólicas y tabaco
2026-03-01,138.2476658127,SUCRE,Bebidas alcohólicas y tabaco
2026-04-01,137.3488580029,SUCRE,Bebidas alcohólicas y tabaco
2026-05-01,138.3878606221,SUCRE,Bebidas alcohólicas y tabaco
2026-06-01,140.2997945769,SUCRE,Bebidas alcohólicas y tabaco
2026-07-01,144.079406849,SUCRE,Bebidas alcohólicas y tabaco
2018-01-01,100.3694960962,SUCRE,Bienes y servicios diversos
2018-02-01,99.7822185872,SUCRE,Bienes y servicios diversos
2018-03-01,99.8018620279,SUCRE,Bienes y servicios diversos
2018-04-01,100.6669494331,SUCRE,Bienes y servicios diversos
2018-05-01,100.7786209303,SUCRE,Bienes y servicios diversos
2018-06-01,100.91544752,SUCRE,Bienes y servicios diversos
2018-07-01,100.6368811391,SUCRE,Bienes y servicios diversos
2018-08-01,100.3506625771,SUCRE,Bienes y servicios diversos
2018-09-01,100.8886983676,SUCRE,Bienes y servicios diversos
2018-10-01,101.3159934119,SUCRE,Bienes y servicios diversos
2018-11-01,101.2124080867,SUCRE,Bienes y servicios diversos
2018-12-01,101.5738464591,SUCRE,Bienes y servicios diversos
2019-01-01,101.6325235821,SUCRE,Bienes y servicios diversos
2019-02-01,101.8293799102,SUCRE,Bienes y servicios diversos
2019-03-01,101.7810715149,SUCRE,Bienes y servicios diversos
2019-04-01,101.6379899391,SUCRE,Bienes y servicios diversos
2019-05-01,101.3957279987,SUCRE,Bienes y servicios diversos
2019-06-01,101.1268937106,SUCRE,Bienes y servicios diversos
2019-07-01,101.3909949244,SUCRE,Bienes y servicios diversos
2019-08-01,101.11838748,SUCRE,Bienes y servicios diversos
2019-09-01,101.4169531668,SUCRE,Bienes y servicios diversos
2019-10-01,101.5734795913,SUCRE,Bienes y servicios diversos
2019-11-01,101.4081510271,SUCRE,Bienes y servicios diversos
2019-12-01,101.7549708042,SUCRE,Bienes y servicios diversos
2020-01-01,102.1330634262,SUCRE,Bienes y servicios diversos
2020-02-01,102.1604886078,SUCRE,Bienes y servicios diversos
2020-03-01,102.2488246137,SUCRE,Bienes y servicios diversos
2020-04-01,104.4697327964,SUCRE,Bienes y servicios diversos
2020-05-01,104.8542437725,SUCRE,Bienes y servicios diversos
2020-06-01,105.5130239093,SUCRE,Bienes y servicios diversos
2020-07-01,105.1910592442,SUCRE,Bienes y servicios diversos
2020-08-01,105.145686164,SUCRE,Bienes y servicios diversos
2020-09-01,104.3536343962,SUCRE,Bienes y servicios diversos
2020-10-01,103.6173304377,SUCRE,Bienes y servicios diversos
2020-11-01,103.8451770442,SUCRE,Bienes y servicios diversos
2020-12-01,104.040676353,SUCRE,Bienes y servicios diversos
2021-01-01,103.9173071151,SUCRE,Bienes y servicios diversos
2021-02-01,103.6119737397,SUCRE,Bienes y servicios diversos
2021-03-01,103.2658583719,SUCRE,Bienes y servicios diversos
2021-04-01,102.9356681857,SUCRE,Bienes y servicios diversos
2021-05-01,102.1753322575,SUCRE,Bienes y servicios diversos
2021-06-01,102.2759444596,SUCRE,Bienes y servicios diversos
2021-07-01,102.2762255,SUCRE,Bienes y servicios diversos
2021-08-01,102.1681739195,SUCRE,Bienes y servicios diversos
2021-09-01,102.006408663,SUCRE,Bienes y servicios diversos
2021-10-01,101.8467709569,SUCRE,Bienes y servicios diversos
2021-11-01,101.6154138384,SUCRE,Bienes y servicios diversos
2021-12-01,101.6637254896,SUCRE,Bienes y servicios diversos
2022-01-01,101.7092572816,SUCRE,Bienes y servicios diversos
2022-02-01,102.2899488891,SUCRE,Bienes y servicios diversos
2022-03-01,102.4706700628,SUCRE,Bienes y servicios diversos
2022-04-01,103.0754192975,SUCRE,Bienes y servicios diversos
2022-05-01,102.8554996669,SUCRE,Bienes y servicios diversos
2022-06-01,103.1843636056,SUCRE,Bienes y servicios diversos
2022-07-01,103.6826262779,SUCRE,Bienes y servicios diversos
2022-08-01,104.0687058646,SUCRE,Bienes y servicios diversos
2022-09-01,104.2542474164,SUCRE,Bienes y servicios diversos
2022-10-01,104.2675103876,SUCRE,Bienes y servicios diversos
2022-11-01,104.177972,SUCRE,Bienes y servicios diversos
2022-12-01,104.2649998364,SUCRE,Bienes y servicios diversos
2023-01-01,104.3579129576,SUCRE,Bienes y servicios diversos
2023-02-01,104.0199557519,SUCRE,Bienes y servicios diversos
2023-03-01,104.3862081587,SUCRE,Bienes y servicios diversos
2023-04-01,104.0076126183,SUCRE,Bienes y servicios diversos
2023-05-01,104.430390235,SUCRE,Bienes y servicios diversos
2023-06-01,105.2360809472,SUCRE,Bienes y servicios diversos
2023-07-01,105.5797465,SUCRE,Bienes y servicios diversos
2023-08-01,105.5071113795,SUCRE,Bienes y servicios diversos
2023-09-01,106.155905423,SUCRE,Bienes y servicios diversos
2023-10-01,106.6281661213,SUCRE,Bienes y servicios diversos
2023-11-01,106.3786805,SUCRE,Bienes y servicios diversos
2023-12-01,105.9810101906,SUCRE,Bienes y servicios diversos
2024-01-01,106.1331469292,SUCRE,Bienes y servicios diversos
2024-02-01,108.0026827,SUCRE,Bienes y servicios diversos
2024-03-01,110.7693222019,SUCRE,Bienes y servicios diversos
2024-04-01,112.4055782829,SUCRE,Bienes y servicios diversos
2024-05-01,113.3154307896,SUCRE,Bienes y servicios diversos
2024-06-01,114.2023402839,SUCRE,Bienes y servicios diversos
2024-07-01,115.842677424,SUCRE,Bienes y servicios diversos
2024-08-01,118.3585016808,SUCRE,Bienes y servicios diversos
2024-09-01,126.2311586593,SUCRE,Bienes y servicios diversos
2024-10-01,128.6279350703,SUCRE,Bienes y servicios diversos
2024-11-01,129.911623191,SUCRE,Bienes y servicios diversos
2024-12-01,131.055708741,SUCRE,Bienes y servicios diversos
2025-01-01,132.3333524746,SUCRE,Bienes y servicios diversos
2025-02-01,134.0163573627,SUCRE,Bienes y servicios diversos
2025-03-01,135.0931450933,SUCRE,Bienes y servicios diversos
2025-04-01,138.1331793563,SUCRE,Bienes y servicios diversos
2025-05-01,150.8966886553,SUCRE,Bienes y servicios diversos
2025-06-01,162.7308895344,SUCRE,Bienes y servicios diversos
2025-07-01,170.1280124347,SUCRE,Bienes y servicios diversos
2025-08-01,169.9072716668,SUCRE,Bienes y servicios diversos
2025-09-01,168.2299108323,SUCRE,Bienes y servicios diversos
2025-10-01,169.0783945062,SUCRE,Bienes y servicios diversos
2025-11-01,166.1150459187,SUCRE,Bienes y servicios diversos
2025-12-01,163.8287103836,SUCRE,Bienes y servicios diversos
2026-01-01,160.316044306,SUCRE,Bienes y servicios diversos
2026-02-01,157.3315474753,SUCRE,Bienes y servicios diversos
2026-03-01,153.8259274896,SUCRE,Bienes y servicios diversos
2026-04-01,150.5503589608,SUCRE,Bienes y servicios diversos
2026-05-01,149.8896233392,SUCRE,Bienes y servicios diversos
2026-06-01,150.2306923145,SUCRE,Bienes y servicios diversos
2026-07-01,152.4022028298,SUCRE,Bienes y servicios diversos
2018-01-01,97.5683128949,SUCRE,Comunicaciones
2018-02-01,96.149404967,SUCRE,Comunicaciones
2018-03-01,96.9523480332,SUCRE,Comunicaciones
2018-04-01,96.5949190739,SUCRE,Comunicaciones
2018-05-01,96.8343884244,SUCRE,Comunicaciones
2018-06-01,96.630979071,SUCRE,Comunicaciones
2018-07-01,96.2436324492,SUCRE,Comunicaciones
2018-08-01,96.3059496458,SUCRE,Comunicaciones
2018-09-01,96.1101966681,SUCRE,Comunicaciones
2018-10-01,96.1106604609,SUCRE,Comunicaciones
2018-11-01,96.0939140812,SUCRE,Comunicaciones
2018-12-01,96.0168074111,SUCRE,Comunicaciones
2019-01-01,96.184721206,SUCRE,Comunicaciones
2019-02-01,96.0022890324,SUCRE,Comunicaciones
2019-03-01,95.6678822449,SUCRE,Comunicaciones
2019-04-01,95.6859666504,SUCRE,Comunicaciones
2019-05-01,95.7264665051,SUCRE,Comunicaciones
2019-06-01,95.7177284727,SUCRE,Comunicaciones
2019-07-01,95.511353084,SUCRE,Comunicaciones
2019-08-01,95.4509410822,SUCRE,Comunicaciones
2019-09-01,95.4509410822,SUCRE,Comunicaciones
2019-10-01,95.3714430115,SUCRE,Comunicaciones
2019-11-01,95.3852670383,SUCRE,Comunicaciones
2019-12-01,95.3406004892,SUCRE,Comunicaciones
2020-01-01,95.3296816514,SUCRE,Comunicaciones
2020-02-01,95.2162396846,SUCRE,Comunicaciones
2020-03-01,95.6494201228,SUCRE,Comunicaciones
2020-04-01,95.6494201228,SUCRE,Comunicaciones
2020-05-01,95.6494201228,SUCRE,Comunicaciones
2020-06-01,95.8439975599,SUCRE,Comunicaciones
2020-07-01,95.8439975599,SUCRE,Comunicaciones
2020-08-01,95.8439975599,SUCRE,Comunicaciones
2020-09-01,97.2084972643,SUCRE,Comunicaciones
2020-10-01,96.7965638943,SUCRE,Comunicaciones
2020-11-01,96.7454469255,SUCRE,Comunicaciones
2020-12-01,96.715395408,SUCRE,Comunicaciones
2021-01-01,96.5212678933,SUCRE,Comunicaciones
2021-02-01,96.5747059796,SUCRE,Comunicaciones
2021-03-01,96.6199433084,SUCRE,Comunicaciones
2021-04-01,96.463552034,SUCRE,Comunicaciones
2021-05-01,96.129217293,SUCRE,Comunicaciones
2021-06-01,96.0704824718,SUCRE,Comunicaciones
2021-07-01,96.08599049,SUCRE,Comunicaciones
2021-08-01,96.0842211619,SUCRE,Comunicaciones
2021-09-01,96.4152771339,SUCRE,Comunicaciones
2021-10-01,96.4284423633,SUCRE,Comunicaciones
2021-11-01,96.4284423618,SUCRE,Comunicaciones
2021-12-01,96.9510823926,SUCRE,Comunicaciones
2022-01-01,96.8766524502,SUCRE,Comunicaciones
2022-02-01,97.0720068331,SUCRE,Comunicaciones
2022-03-01,97.2748216837,SUCRE,Comunicaciones
2022-04-01,96.9008721716,SUCRE,Comunicaciones
2022-05-01,96.2607099316,SUCRE,Comunicaciones
2022-06-01,95.6703284398,SUCRE,Comunicaciones
2022-07-01,95.2441939699,SUCRE,Comunicaciones
2022-08-01,95.2227591109,SUCRE,Comunicaciones
2022-09-01,94.8486397297,SUCRE,Comunicaciones
2022-10-01,94.8594150392,SUCRE,Comunicaciones
2022-11-01,94.69990405,SUCRE,Comunicaciones
2022-12-01,94.8103641184,SUCRE,Comunicaciones
2023-01-01,94.8605249022,SUCRE,Comunicaciones
2023-02-01,94.8348212118,SUCRE,Comunicaciones
2023-03-01,94.8420949978,SUCRE,Comunicaciones
2023-04-01,95.1097678818,SUCRE,Comunicaciones
2023-05-01,95.2280778765,SUCRE,Comunicaciones
2023-06-01,95.0066354004,SUCRE,Comunicaciones
2023-07-01,94.88796708,SUCRE,Comunicaciones
2023-08-01,94.6703226445,SUCRE,Comunicaciones
2023-09-01,94.6754596262,SUCRE,Comunicaciones
2023-10-01,94.7664404255,SUCRE,Comunicaciones
2023-11-01,94.69920946,SUCRE,Comunicaciones
2023-12-01,94.8037955457,SUCRE,Comunicaciones
2024-01-01,95.0901326293,SUCRE,Comunicaciones
2024-02-01,95.24154078,SUCRE,Comunicaciones
2024-03-01,95.3392720223,SUCRE,Comunicaciones
2024-04-01,95.197687608,SUCRE,Comunicaciones
2024-05-01,94.7429487696,SUCRE,Comunicaciones
2024-06-01,94.8804575145,SUCRE,Comunicaciones
2024-07-01,94.8780462135,SUCRE,Comunicaciones
2024-08-01,96.2902602639,SUCRE,Comunicaciones
2024-09-01,96.4614403126,SUCRE,Comunicaciones
2024-10-01,96.6132689107,SUCRE,Comunicaciones
2024-11-01,97.0453125635,SUCRE,Comunicaciones
2024-12-01,97.2407347898,SUCRE,Comunicaciones
2025-01-01,97.7155412634,SUCRE,Comunicaciones
2025-02-01,97.931904982,SUCRE,Comunicaciones
2025-03-01,98.1315483335,SUCRE,Comunicaciones
2025-04-01,97.9964462719,SUCRE,Comunicaciones
2025-05-01,100.5086374742,SUCRE,Comunicaciones
2025-06-01,101.4015558893,SUCRE,Comunicaciones
2025-07-01,100.14839557,SUCRE,Comunicaciones
2025-08-01,98.9121499168,SUCRE,Comunicaciones
2025-09-01,98.4638954173,SUCRE,Comunicaciones
2025-10-01,98.0233639782,SUCRE,Comunicaciones
2025-11-01,97.5724477569,SUCRE,Comunicaciones
2025-12-01,96.6620084699,SUCRE,Comunicaciones
2026-01-01,96.5719654215,SUCRE,Comunicaciones
2026-02-01,95.6445006744,SUCRE,Comunicaciones
2026-03-01,95.6161136677,SUCRE,Comunicaciones
2026-04-01,95.8766705698,SUCRE,Comunicaciones
2026-05-01,96.0432981801,SUCRE,Comunicaciones
2026-06-01,96.358591254,SUCRE,Comunicaciones
2026-07-01,97.2850407691,SUCRE,Comunicaciones
2018-01-01,104.4536141244,SUCRE,Educación
2018-02-01,104.1163534947,SUCRE,Educación
2018-03-01,104.251788416,SUCRE,Educación
2018-04-01,104.2466299384,SUCRE,Educación
2018-05-01,104.2327472223,SUCRE,Educación
2018-06-01,104.1195531032,SUCRE,Educación
2018-07-01,104.1003868851,SUCRE,Educación
2018-08-01,104.2090008467,SUCRE,Educación
2018-09-01,104.4198164964,SUCRE,Educación
2018-10-01,104.1791841148,SUCRE,Educación
2018-11-01,104.1021844292,SUCRE,Educación
2018-12-01,104.2196947469,SUCRE,Educación
2019-01-01,106.0809164696,SUCRE,Educación
2019-02-01,106.2108659484,SUCRE,Educación
2019-03-01,106.813363928,SUCRE,Educación
2019-04-01,106.9410246103,SUCRE,Educación
2019-05-01,106.9212326444,SUCRE,Educación
2019-06-01,106.9212326444,SUCRE,Educación
2019-07-01,106.9212326444,SUCRE,Educación
2019-08-01,106.9712387997,SUCRE,Educación
2019-09-01,107.1027222982,SUCRE,Educación
2019-10-01,107.1688310412,SUCRE,Educación
2019-11-01,107.1688310412,SUCRE,Educación
2019-12-01,107.1688310412,SUCRE,Educación
2020-01-01,108.2476168311,SUCRE,Educación
2020-02-01,108.3939258528,SUCRE,Educación
2020-03-01,109.0610297063,SUCRE,Educación
2020-04-01,109.0610297063,SUCRE,Educación
2020-05-01,109.0610297063,SUCRE,Educación
2020-06-01,109.0610297063,SUCRE,Educación
2020-07-01,109.0610297063,SUCRE,Educación
2020-08-01,109.0610297063,SUCRE,Educación
2020-09-01,109.0610297063,SUCRE,Educación
2020-10-01,109.0610297063,SUCRE,Educación
2020-11-01,109.2113236319,SUCRE,Educación
2020-12-01,109.211323635,SUCRE,Educación
2021-01-01,110.7547827816,SUCRE,Educación
2021-02-01,113.4502444465,SUCRE,Educación
2021-03-01,113.7637996745,SUCRE,Educación
2021-04-01,113.3528886766,SUCRE,Educación
2021-05-01,113.3528230272,SUCRE,Educación
2021-06-01,113.3528230272,SUCRE,Educación
2021-07-01,113.352823,SUCRE,Educación
2021-08-01,113.4723232096,SUCRE,Educación
2021-09-01,112.558408178,SUCRE,Educación
2021-10-01,112.7973838704,SUCRE,Educación
2021-11-01,112.7973838704,SUCRE,Educación
2021-12-01,112.7973838704,SUCRE,Educación
2022-01-01,115.3101060023,SUCRE,Educación
2022-02-01,114.8638385811,SUCRE,Educación
2022-03-01,115.0680022607,SUCRE,Educación
2022-04-01,115.0680022607,SUCRE,Educación
2022-05-01,114.7128593929,SUCRE,Educación
2022-06-01,114.7128593929,SUCRE,Educación
2022-07-01,114.9215498774,SUCRE,Educación
2022-08-01,114.9215498774,SUCRE,Educación
2022-09-01,114.9215498774,SUCRE,Educación
2022-10-01,114.9215498774,SUCRE,Educación
2022-11-01,114.9215499,SUCRE,Educación
2022-12-01,114.9215498774,SUCRE,Educación
2023-01-01,115.5159319893,SUCRE,Educación
2023-02-01,115.6420135153,SUCRE,Educación
2023-03-01,114.7417993741,SUCRE,Educación
2023-04-01,114.7417993741,SUCRE,Educación
2023-05-01,114.7417993741,SUCRE,Educación
2023-06-01,114.7417994014,SUCRE,Educación
2023-07-01,114.7417994,SUCRE,Educación
2023-08-01,115.2251661401,SUCRE,Educación
2023-09-01,114.0323094257,SUCRE,Educación
2023-10-01,114.0323094257,SUCRE,Educación
2023-11-01,114.1105065,SUCRE,Educación
2023-12-01,114.1105065281,SUCRE,Educación
2024-01-01,114.837239558,SUCRE,Educación
2024-02-01,114.9842451,SUCRE,Educación
2024-03-01,114.9842450968,SUCRE,Educación
2024-04-01,114.9842450968,SUCRE,Educación
2024-05-01,115.3275195851,SUCRE,Educación
2024-06-01,115.3275195851,SUCRE,Educación
2024-07-01,115.3275195851,SUCRE,Educación
2024-08-01,115.3275195851,SUCRE,Educación
2024-09-01,115.3275195851,SUCRE,Educación
2024-10-01,115.3275195851,SUCRE,Educación
2024-11-01,115.3275195851,SUCRE,Educación
2024-12-01,115.3275195851,SUCRE,Educación
2025-01-01,116.0287864683,SUCRE,Educación
2025-02-01,115.4259763486,SUCRE,Educación
2025-03-01,115.3746994549,SUCRE,Educación
2025-04-01,115.3746994519,SUCRE,Educación
2025-05-01,115.3746994519,SUCRE,Educación
2025-06-01,115.682180638,SUCRE,Educación
2025-07-01,116.1203319972,SUCRE,Educación
2025-08-01,116.1203320002,SUCRE,Educación
2025-09-01,117.5311338832,SUCRE,Educación
2025-10-01,117.5311338802,SUCRE,Educación
2025-11-01,117.5311338802,SUCRE,Educación
2025-12-01,117.5311338802,SUCRE,Educación
2026-01-01,118.2107295942,SUCRE,Educación
2026-02-01,118.8512457277,SUCRE,Educación
2026-03-01,120.1895958626,SUCRE,Educación
2026-04-01,120.1895958626,SUCRE,Educación
2026-05-01,120.1895958626,SUCRE,Educación
2026-06-01,120.1895958626,SUCRE,Educación
2026-07-01,120.495016992,SUCRE,Educación
2018-01-01,104.0380828222,SUCRE,"Muebles, bienes y servicios domésticos"
2018-02-01,104.5241023282,SUCRE,"Muebles, bienes y servicios domésticos"
2018-03-01,103.8591512417,SUCRE,"Muebles, bienes y servicios domésticos"
2018-04-01,102.78245241,SUCRE,"Muebles, bienes y servicios domésticos"
2018-05-01,104.5691736364,SUCRE,"Muebles, bienes y servicios domésticos"
2018-06-01,104.7005539995,SUCRE,"Muebles, bienes y servicios domésticos"
2018-07-01,104.658465811,SUCRE,"Muebles, bienes y servicios domésticos"
2018-08-01,105.5133015031,SUCRE,"Muebles, bienes y servicios domésticos"
2018-09-01,105.452662601,SUCRE,"Muebles, bienes y servicios domésticos"
2018-10-01,105.2817789825,SUCRE,"Muebles, bienes y servicios domésticos"
2018-11-01,105.104720622,SUCRE,"Muebles, bienes y servicios domésticos"
2018-12-01,105.2884180311,SUCRE,"Muebles, bienes y servicios domésticos"
2019-01-01,105.3572574518,SUCRE,"Muebles, bienes y servicios domésticos"
2019-02-01,104.9688211833,SUCRE,"Muebles, bienes y servicios domésticos"
2019-03-01,105.7405859117,SUCRE,"Muebles, bienes y servicios domésticos"
2019-04-01,107.0539156879,SUCRE,"Muebles, bienes y servicios domésticos"
2019-05-01,107.0578097843,SUCRE,"Muebles, bienes y servicios domésticos"
2019-06-01,107.1433816798,SUCRE,"Muebles, bienes y servicios domésticos"
2019-07-01,107.919646389,SUCRE,"Muebles, bienes y servicios domésticos"
2019-08-01,108.5033536956,SUCRE,"Muebles, bienes y servicios domésticos"
2019-09-01,109.156973548,SUCRE,"Muebles, bienes y servicios domésticos"
2019-10-01,109.4635822387,SUCRE,"Muebles, bienes y servicios domésticos"
2019-11-01,109.674366896,SUCRE,"Muebles, bienes y servicios domésticos"
2019-12-01,109.5067178382,SUCRE,"Muebles, bienes y servicios domésticos"
2020-01-01,109.25405289,SUCRE,"Muebles, bienes y servicios domésticos"
2020-02-01,109.1890764805,SUCRE,"Muebles, bienes y servicios domésticos"
2020-03-01,109.0864426424,SUCRE,"Muebles, bienes y servicios domésticos"
2020-04-01,109.6203058627,SUCRE,"Muebles, bienes y servicios domésticos"
2020-05-01,110.2315199048,SUCRE,"Muebles, bienes y servicios domésticos"
2020-06-01,109.7554700436,SUCRE,"Muebles, bienes y servicios domésticos"
2020-07-01,110.4495533018,SUCRE,"Muebles, bienes y servicios domésticos"
2020-08-01,110.5409438324,SUCRE,"Muebles, bienes y servicios domésticos"
2020-09-01,109.8497775322,SUCRE,"Muebles, bienes y servicios domésticos"
2020-10-01,109.8018451683,SUCRE,"Muebles, bienes y servicios domésticos"
2020-11-01,109.4230781472,SUCRE,"Muebles, bienes y servicios domésticos"
2020-12-01,109.678431288,SUCRE,"Muebles, bienes y servicios domésticos"
2021-01-01,109.379723626,SUCRE,"Muebles, bienes y servicios domésticos"
2021-02-01,109.1190102535,SUCRE,"Muebles, bienes y servicios domésticos"
2021-03-01,108.7585355866,SUCRE,"Muebles, bienes y servicios domésticos"
2021-04-01,108.8383327935,SUCRE,"Muebles, bienes y servicios domésticos"
2021-05-01,108.5165055273,SUCRE,"Muebles, bienes y servicios domésticos"
2021-06-01,108.4112502769,SUCRE,"Muebles, bienes y servicios domésticos"
2021-07-01,108.5958808,SUCRE,"Muebles, bienes y servicios domésticos"
2021-08-01,108.1041661183,SUCRE,"Muebles, bienes y servicios domésticos"
2021-09-01,108.0772073883,SUCRE,"Muebles, bienes y servicios domésticos"
2021-10-01,107.6276702718,SUCRE,"Muebles, bienes y servicios domésticos"
2021-11-01,106.696464185,SUCRE,"Muebles, bienes y servicios domésticos"
2021-12-01,106.9399596112,SUCRE,"Muebles, bienes y servicios domésticos"
2022-01-01,108.4935291052,SUCRE,"Muebles, bienes y servicios domésticos"
2022-02-01,108.08176032,SUCRE,"Muebles, bienes y servicios domésticos"
2022-03-01,109.2797046468,SUCRE,"Muebles, bienes y servicios domésticos"
2022-04-01,109.5793385927,SUCRE,"Muebles, bienes y servicios domésticos"
2022-05-01,110.1635142578,SUCRE,"Muebles, bienes y servicios domésticos"
2022-06-01,110.3043382056,SUCRE,"Muebles, bienes y servicios domésticos"
2022-07-01,111.1082553183,SUCRE,"Muebles, bienes y servicios domésticos"
2022-08-01,112.3631150104,SUCRE,"Muebles, bienes y servicios domésticos"
2022-09-01,112.6224411995,SUCRE,"Muebles, bienes y servicios domésticos"
2022-10-01,113.1151841483,SUCRE,"Muebles, bienes y servicios domésticos"
2022-11-01,112.4995455,SUCRE,"Muebles, bienes y servicios domésticos"
2022-12-01,112.2419764878,SUCRE,"Muebles, bienes y servicios domésticos"
2023-01-01,112.7491583974,SUCRE,"Muebles, bienes y servicios domésticos"
2023-02-01,113.5956261921,SUCRE,"Muebles, bienes y servicios domésticos"
2023-03-01,113.4372293454,SUCRE,"Muebles, bienes y servicios domésticos"
2023-04-01,113.748769625,SUCRE,"Muebles, bienes y servicios domésticos"
2023-05-01,114.608881716,SUCRE,"Muebles, bienes y servicios domésticos"
2023-06-01,115.0811591294,SUCRE,"Muebles, bienes y servicios domésticos"
2023-07-01,115.6777489,SUCRE,"Muebles, bienes y servicios domésticos"
2023-08-01,115.7020106105,SUCRE,"Muebles, bienes y servicios domésticos"
2023-09-01,116.1273911083,SUCRE,"Muebles, bienes y servicios domésticos"
2023-10-01,116.0473727999,SUCRE,"Muebles, bienes y servicios domésticos"
2023-11-01,116.129537,SUCRE,"Muebles, bienes y servicios domésticos"
2023-12-01,115.8278774621,SUCRE,"Muebles, bienes y servicios domésticos"
2024-01-01,114.7899731399,SUCRE,"Muebles, bienes y servicios domésticos"
2024-02-01,115.3040262,SUCRE,"Muebles, bienes y servicios domésticos"
2024-03-01,115.9508285533,SUCRE,"Muebles, bienes y servicios domésticos"
2024-04-01,116.3549465289,SUCRE,"Muebles, bienes y servicios domésticos"
2024-05-01,117.2938360316,SUCRE,"Muebles, bienes y servicios domésticos"
2024-06-01,117.5766111556,SUCRE,"Muebles, bienes y servicios domésticos"
2024-07-01,118.8598405771,SUCRE,"Muebles, bienes y servicios domésticos"
2024-08-01,121.5420742832,SUCRE,"Muebles, bienes y servicios domésticos"
2024-09-01,124.1874217865,SUCRE,"Muebles, bienes y servicios domésticos"
2024-10-01,124.9062888085,SUCRE,"Muebles, bienes y servicios domésticos"
2024-11-01,126.6548896694,SUCRE,"Muebles, bienes y servicios domésticos"
2024-12-01,127.1229169507,SUCRE,"Muebles, bienes y servicios domésticos"
2025-01-01,129.6642759987,SUCRE,"Muebles, bienes y servicios domésticos"
2025-02-01,129.2740667453,SUCRE,"Muebles, bienes y servicios domésticos"
2025-03-01,130.0353309331,SUCRE,"Muebles, bienes y servicios domésticos"
2025-04-01,132.7260307935,SUCRE,"Muebles, bienes y servicios domésticos"
2025-05-01,141.4626567033,SUCRE,"Muebles, bienes y servicios domésticos"
2025-06-01,145.460640116,SUCRE,"Muebles, bienes y servicios domésticos"
2025-07-01,151.0411150338,SUCRE,"Muebles, bienes y servicios domésticos"
2025-08-01,156.0849505114,SUCRE,"Muebles, bienes y servicios domésticos"
2025-09-01,156.4432018119,SUCRE,"Muebles, bienes y servicios domésticos"
2025-10-01,156.3721504261,SUCRE,"Muebles, bienes y servicios domésticos"
2025-11-01,154.8867057438,SUCRE,"Muebles, bienes y servicios domésticos"
2025-12-01,153.8220610084,SUCRE,"Muebles, bienes y servicios domésticos"
2026-01-01,156.1264913376,SUCRE,"Muebles, bienes y servicios domésticos"
2026-02-01,156.8193637883,SUCRE,"Muebles, bienes y servicios domésticos"
2026-03-01,155.646600588,SUCRE,"Muebles, bienes y servicios domésticos"
2026-04-01,153.6633578958,SUCRE,"Muebles, bienes y servicios domésticos"
2026-05-01,154.8590449741,SUCRE,"Muebles, bienes y servicios domésticos"
2026-06-01,156.2113109767,SUCRE,"Muebles, bienes y servicios domésticos"
2026-07-01,158.6162007497,SUCRE,"Muebles, bienes y servicios domésticos"
2018-01-01,99.5391690928,SUCRE,Prendas de vestir y calzado
2018-02-01,99.1250540105,SUCRE,Prendas de vestir y calzado
2018-03-01,99.3072724892,SUCRE,Prendas de vestir y calzado
2018-04-01,99.5629268492,SUCRE,Prendas de vestir y calzado
2018-05-01,99.3458447661,SUCRE,Prendas de vestir y calzado
2018-06-01,99.2848757416,SUCRE,Prendas de vestir y calzado
2018-07-01,99.7010874179,SUCRE,Prendas de vestir y calzado
2018-08-01,100.5845039967,SUCRE,Prendas de vestir y calzado
2018-09-01,99.940903746,SUCRE,Prendas de vestir y calzado
2018-10-01,100.5784890175,SUCRE,Prendas de vestir y calzado
2018-11-01,100.4610678509,SUCRE,Prendas de vestir y calzado
2018-12-01,100.8025192733,SUCRE,Prendas de vestir y calzado
2019-01-01,100.7914284304,SUCRE,Prendas de vestir y calzado
2019-02-01,100.7634547757,SUCRE,Prendas de vestir y calzado
2019-03-01,100.9411567173,SUCRE,Prendas de vestir y calzado
2019-04-01,100.930591007,SUCRE,Prendas de vestir y calzado
2019-05-01,101.0185099402,SUCRE,Prendas de vestir y calzado
2019-06-01,100.2890047354,SUCRE,Prendas de vestir y calzado
2019-07-01,100.4428849256,SUCRE,Prendas de vestir y calzado
2019-08-01,100.1383996147,SUCRE,Prendas de vestir y calzado
2019-09-01,100.2321743901,SUCRE,Prendas de vestir y calzado
2019-10-01,100.4452033562,SUCRE,Prendas de vestir y calzado
2019-11-01,100.2405808818,SUCRE,Prendas de vestir y calzado
2019-12-01,100.3978366068,SUCRE,Prendas de vestir y calzado
2020-01-01,100.8973199838,SUCRE,Prendas de vestir y calzado
2020-02-01,100.5421210627,SUCRE,Prendas de vestir y calzado
2020-03-01,100.3222201093,SUCRE,Prendas de vestir y calzado
2020-04-01,100.2333074609,SUCRE,Prendas de vestir y calzado
2020-05-01,100.8935668812,SUCRE,Prendas de vestir y calzado
2020-06-01,100.3481766826,SUCRE,Prendas de vestir y calzado
2020-07-01,99.8890010813,SUCRE,Prendas de vestir y calzado
2020-08-01,100.4345270318,SUCRE,Prendas de vestir y calzado
2020-09-01,99.7740805466,SUCRE,Prendas de vestir y calzado
2020-10-01,99.8897417673,SUCRE,Prendas de vestir y calzado
2020-11-01,99.6100775229,SUCRE,Prendas de vestir y calzado
2020-12-01,100.3520354152,SUCRE,Prendas de vestir y calzado
2021-01-01,100.0666469876,SUCRE,Prendas de vestir y calzado
2021-02-01,99.9301802507,SUCRE,Prendas de vestir y calzado
2021-03-01,99.7109176326,SUCRE,Prendas de vestir y calzado
2021-04-01,99.8825541939,SUCRE,Prendas de vestir y calzado
2021-05-01,99.5538743845,SUCRE,Prendas de vestir y calzado
2021-06-01,99.4756392294,SUCRE,Prendas de vestir y calzado
2021-07-01,99.27227668,SUCRE,Prendas de vestir y calzado
2021-08-01,99.2553403835,SUCRE,Prendas de vestir y calzado
2021-09-01,99.1951395649,SUCRE,Prendas de vestir y calzado
2021-10-01,99.3718222971,SUCRE,Prendas de vestir y calzado
2021-11-01,99.7064552699,SUCRE,Prendas de vestir y calzado
2021-12-01,100.117740507,SUCRE,Prendas de vestir y calzado
2022-01-01,100.2104266096,SUCRE,Prendas de vestir y calzado
2022-02-01,100.3432388471,SUCRE,Prendas de vestir y calzado
2022-03-01,100.2308869475,SUCRE,Prendas de vestir y calzado
2022-04-01,100.5999208359,SUCRE,Prendas de vestir y calzado
2022-05-01,100.6598975465,SUCRE,Prendas de vestir y calzado
2022-06-01,100.6669730727,SUCRE,Prendas de vestir y calzado
2022-07-01,99.9936599467,SUCRE,Prendas de vestir y calzado
2022-08-01,100.6762534949,SUCRE,Prendas de vestir y calzado
2022-09-01,100.4699462141,SUCRE,Prendas de vestir y calzado
2022-10-01,100.2188653852,SUCRE,Prendas de vestir y calzado
2022-11-01,100.2307133,SUCRE,Prendas de vestir y calzado
2022-12-01,100.525177459,SUCRE,Prendas de vestir y calzado
2023-01-01,100.6676103841,SUCRE,Prendas de vestir y calzado
2023-02-01,100.7358505926,SUCRE,Prendas de vestir y calzado
2023-03-01,100.871521429,SUCRE,Prendas de vestir y calzado
2023-04-01,100.8438421434,SUCRE,Prendas de vestir y calzado
2023-05-01,100.99345974,SUCRE,Prendas de vestir y calzado
2023-06-01,101.3029382149,SUCRE,Prendas de vestir y calzado
2023-07-01,101.0823731,SUCRE,Prendas de vestir y calzado
2023-08-01,100.9181272612,SUCRE,Prendas de vestir y calzado
2023-09-01,100.9350048738,SUCRE,Prendas de vestir y calzado
2023-10-01,101.0109520176,SUCRE,Prendas de vestir y calzado
2023-11-01,101.0049786,SUCRE,Prendas de vestir y calzado
2023-12-01,101.2522411313,SUCRE,Prendas de vestir y calzado
2024-01-01,101.2608877955,SUCRE,Prendas de vestir y calzado
2024-02-01,101.5484542,SUCRE,Prendas de vestir y calzado
2024-03-01,101.3885825539,SUCRE,Prendas de vestir y calzado
2024-04-01,101.6565184079,SUCRE,Prendas de vestir y calzado
2024-05-01,101.6876767197,SUCRE,Prendas de vestir y calzado
2024-06-01,101.7094314029,SUCRE,Prendas de vestir y calzado
2024-07-01,102.0328462581,SUCRE,Prendas de vestir y calzado
2024-08-01,102.4707202128,SUCRE,Prendas de vestir y calzado
2024-09-01,103.6721678949,SUCRE,Prendas de vestir y calzado
2024-10-01,104.8265356364,SUCRE,Prendas de vestir y calzado
2024-11-01,106.1565778054,SUCRE,Prendas de vestir y calzado
2024-12-01,107.2730842729,SUCRE,Prendas de vestir y calzado
2025-01-01,108.3727353072,SUCRE,Prendas de vestir y calzado
2025-02-01,108.7754750436,SUCRE,Prendas de vestir y calzado
2025-03-01,109.4679864338,SUCRE,Prendas de vestir y calzado
2025-04-01,110.195613994,SUCRE,Prendas de vestir y calzado
2025-05-01,113.7761944622,SUCRE,Prendas de vestir y calzado
2025-06-01,115.8851820672,SUCRE,Prendas de vestir y calzado
2025-07-01,118.9273477995,SUCRE,Prendas de vestir y calzado
2025-08-01,120.4921409934,SUCRE,Prendas de vestir y calzado
2025-09-01,121.3792911442,SUCRE,Prendas de vestir y calzado
2025-10-01,122.0085258081,SUCRE,Prendas de vestir y calzado
2025-11-01,123.096349351,SUCRE,Prendas de vestir y calzado
2025-12-01,123.9951917022,SUCRE,Prendas de vestir y calzado
2026-01-01,124.5913876307,SUCRE,Prendas de vestir y calzado
2026-02-01,124.1209995263,SUCRE,Prendas de vestir y calzado
2026-03-01,124.4210602759,SUCRE,Prendas de vestir y calzado
2026-04-01,124.8728214672,SUCRE,Prendas de vestir y calzado
2026-05-01,125.322933264,SUCRE,Prendas de vestir y calzado
2026-06-01,124.6436351995,SUCRE,Prendas de vestir y calzado
2026-07-01,126.4143776851,SUCRE,Prendas de vestir y calzado
2018-01-01,99.1495968769,SUCRE,Recreación y cultura
2018-02-01,99.3406645263,SUCRE,Recreación y cultura
2018-03-01,99.8900224853,SUCRE,Recreación y cultura
2018-04-01,100.0850240179,SUCRE,Recreación y cultura
2018-05-01,99.8417772435,SUCRE,Recreación y cultura
2018-06-01,99.5395078006,SUCRE,Recreación y cultura
2018-07-01,98.7896952397,SUCRE,Recreación y cultura
2018-08-01,98.8790141934,SUCRE,Recreación y cultura
2018-09-01,98.89648342,SUCRE,Recreación y cultura
2018-10-01,98.4240710298,SUCRE,Recreación y cultura
2018-11-01,98.7248366783,SUCRE,Recreación y cultura
2018-12-01,98.6120860071,SUCRE,Recreación y cultura
2019-01-01,98.9458364241,SUCRE,Recreación y cultura
2019-02-01,99.0233885359,SUCRE,Recreación y cultura
2019-03-01,99.8987382094,SUCRE,Recreación y cultura
2019-04-01,99.844870036,SUCRE,Recreación y cultura
2019-05-01,99.6677883687,SUCRE,Recreación y cultura
2019-06-01,99.6437181272,SUCRE,Recreación y cultura
2019-07-01,99.7492492378,SUCRE,Recreación y cultura
2019-08-01,99.3988016263,SUCRE,Recreación y cultura
2019-09-01,99.3329071445,SUCRE,Recreación y cultura
2019-10-01,99.3315162496,SUCRE,Recreación y cultura
2019-11-01,99.2352885258,SUCRE,Recreación y cultura
2019-12-01,99.620434953,SUCRE,Recreación y cultura
2020-01-01,99.4936830011,SUCRE,Recreación y cultura
2020-02-01,99.6096957767,SUCRE,Recreación y cultura
2020-03-01,99.4869337849,SUCRE,Recreación y cultura
2020-04-01,99.5975094399,SUCRE,Recreación y cultura
2020-05-01,99.5278901246,SUCRE,Recreación y cultura
2020-06-01,99.8390900169,SUCRE,Recreación y cultura
2020-07-01,99.5800802013,SUCRE,Recreación y cultura
2020-08-01,99.6932738448,SUCRE,Recreación y cultura
2020-09-01,99.6532469185,SUCRE,Recreación y cultura
2020-10-01,99.4212309378,SUCRE,Recreación y cultura
2020-11-01,99.6579978738,SUCRE,Recreación y cultura
2020-12-01,99.7389664912,SUCRE,Recreación y cultura
2021-01-01,99.737064429,SUCRE,Recreación y cultura
2021-02-01,99.2681765728,SUCRE,Recreación y cultura
2021-03-01,99.1977165233,SUCRE,Recreación y cultura
2021-04-01,99.0770594618,SUCRE,Recreación y cultura
2021-05-01,98.9963789517,SUCRE,Recreación y cultura
2021-06-01,98.9315795887,SUCRE,Recreación y cultura
2021-07-01,98.92135283,SUCRE,Recreación y cultura
2021-08-01,98.8998924571,SUCRE,Recreación y cultura
2021-09-01,98.900395561,SUCRE,Recreación y cultura
2021-10-01,98.9190837392,SUCRE,Recreación y cultura
2021-11-01,98.8559603511,SUCRE,Recreación y cultura
2021-12-01,99.0473646376,SUCRE,Recreación y cultura
2022-01-01,98.8760801581,SUCRE,Recreación y cultura
2022-02-01,99.4070747502,SUCRE,Recreación y cultura
2022-03-01,99.6654283227,SUCRE,Recreación y cultura
2022-04-01,99.9228418984,SUCRE,Recreación y cultura
2022-05-01,100.022999418,SUCRE,Recreación y cultura
2022-06-01,100.0452952856,SUCRE,Recreación y cultura
2022-07-01,100.0270485818,SUCRE,Recreación y cultura
2022-08-01,100.0650893142,SUCRE,Recreación y cultura
2022-09-01,99.9263626018,SUCRE,Recreación y cultura
2022-10-01,100.009554836,SUCRE,Recreación y cultura
2022-11-01,100.0462138,SUCRE,Recreación y cultura
2022-12-01,99.8895392471,SUCRE,Recreación y cultura
2023-01-01,99.9790865093,SUCRE,Recreación y cultura
2023-02-01,99.8176687542,SUCRE,Recreación y cultura
2023-03-01,99.8155613786,SUCRE,Recreación y cultura
2023-04-01,99.5215577982,SUCRE,Recreación y cultura
2023-05-01,99.5341328401,SUCRE,Recreación y cultura
2023-06-01,99.0537471975,SUCRE,Recreación y cultura
2023-07-01,99.10366224,SUCRE,Recreación y cultura
2023-08-01,99.0563225599,SUCRE,Recreación y cultura
2023-09-01,98.8194495979,SUCRE,Recreación y cultura
2023-10-01,98.784311444,SUCRE,Recreación y cultura
2023-11-01,98.47170889,SUCRE,Recreación y cultura
2023-12-01,98.4342873703,SUCRE,Recreación y cultura
2024-01-01,98.6625500366,SUCRE,Recreación y cultura
2024-02-01,100.4394418,SUCRE,Recreación y cultura
2024-03-01,105.5121627379,SUCRE,Recreación y cultura
2024-04-01,105.7437567219,SUCRE,Recreación y cultura
2024-05-01,105.8854490509,SUCRE,Recreación y cultura
2024-06-01,106.0829796951,SUCRE,Recreación y cultura
2024-07-01,106.2552018675,SUCRE,Recreación y cultura
2024-08-01,107.8383330215,SUCRE,Recreación y cultura
2024-09-01,108.7750771042,SUCRE,Recreación y cultura
2024-10-01,108.7274938742,SUCRE,Recreación y cultura
2024-11-01,110.1448452719,SUCRE,Recreación y cultura
2024-12-01,110.0056885583,SUCRE,Recreación y cultura
2025-01-01,112.0950046525,SUCRE,Recreación y cultura
2025-02-01,114.6705632082,SUCRE,Recreación y cultura
2025-03-01,114.9488584444,SUCRE,Recreación y cultura
2025-04-01,115.2091243009,SUCRE,Recreación y cultura
2025-05-01,117.6517437681,SUCRE,Recreación y cultura
2025-06-01,118.7045716703,SUCRE,Recreación y cultura
2025-07-01,119.5582937612,SUCRE,Recreación y cultura
2025-08-01,132.7577194043,SUCRE,Recreación y cultura
2025-09-01,132.8766714689,SUCRE,Recreación y cultura
2025-10-01,131.6705298896,SUCRE,Recreación y cultura
2025-11-01,130.6534285393,SUCRE,Recreación y cultura
2025-12-01,128.9449171338,SUCRE,Recreación y cultura
2026-01-01,128.7757839141,SUCRE,Recreación y cultura
2026-02-01,122.7923142669,SUCRE,Recreación y cultura
2026-03-01,127.0434427552,SUCRE,Recreación y cultura
2026-04-01,126.4841056886,SUCRE,Recreación y cultura
2026-05-01,126.076829284,SUCRE,Recreación y cultura
2026-06-01,125.7532513835,SUCRE,Recreación y cultura
2026-07-01,125.6137897676,SUCRE,Recreación y cultura
2018-01-01,101.5263893802,SUCRE,Salud
2018-02-01,101.8333019075,SUCRE,Salud
2018-03-01,101.9779383563,SUCRE,Salud
2018-04-01,102.8756268712,SUCRE,Salud
2018-05-01,102.4445733902,SUCRE,Salud
2018-06-01,103.4370086392,SUCRE,Salud
2018-07-01,102.759432856,SUCRE,Salud
2018-08-01,102.9173083507,SUCRE,Salud
2018-09-01,103.7053362283,SUCRE,Salud
2018-10-01,103.4627571696,SUCRE,Salud
2018-11-01,103.1010533545,SUCRE,Salud
2018-12-01,103.2218930927,SUCRE,Salud
2019-01-01,103.8433450353,SUCRE,Salud
2019-02-01,104.058826871,SUCRE,Salud
2019-03-01,105.0057835198,SUCRE,Salud
2019-04-01,104.9411484142,SUCRE,Salud
2019-05-01,105.5508198041,SUCRE,Salud
2019-06-01,105.8470321662,SUCRE,Salud
2019-07-01,105.8367813672,SUCRE,Salud
2019-08-01,105.7336460578,SUCRE,Salud
2019-09-01,105.8169701984,SUCRE,Salud
2019-10-01,106.3454120996,SUCRE,Salud
2019-11-01,106.326788627,SUCRE,Salud
2019-12-01,106.1359964027,SUCRE,Salud
2020-01-01,106.3136455248,SUCRE,Salud
2020-02-01,106.6567412749,SUCRE,Salud
2020-03-01,106.7141979043,SUCRE,Salud
2020-04-01,107.5591693162,SUCRE,Salud
2020-05-01,111.1902398496,SUCRE,Salud
2020-06-01,111.6835557717,SUCRE,Salud
2020-07-01,111.9154233892,SUCRE,Salud
2020-08-01,115.3330246342,SUCRE,Salud
2020-09-01,114.2401404031,SUCRE,Salud
2020-10-01,115.1814753533,SUCRE,Salud
2020-11-01,115.0832605624,SUCRE,Salud
2020-12-01,115.2826134186,SUCRE,Salud
2021-01-01,115.3712895863,SUCRE,Salud
2021-02-01,115.7269437116,SUCRE,Salud
2021-03-01,116.0342321154,SUCRE,Salud
2021-04-01,116.0781886492,SUCRE,Salud
2021-05-01,116.40012359,SUCRE,Salud
2021-06-01,116.3899452171,SUCRE,Salud
2021-07-01,116.5787499,SUCRE,Salud
2021-08-01,116.7739096259,SUCRE,Salud
2021-09-01,116.8374650583,SUCRE,Salud
2021-10-01,116.9749106891,SUCRE,Salud
2021-11-01,117.1273876665,SUCRE,Salud
2021-12-01,116.9048114261,SUCRE,Salud
2022-01-01,117.5052758731,SUCRE,Salud
2022-02-01,117.2243161744,SUCRE,Salud
2022-03-01,116.8229702821,SUCRE,Salud
2022-04-01,117.4313215209,SUCRE,Salud
2022-05-01,117.6224605974,SUCRE,Salud
2022-06-01,117.6390630147,SUCRE,Salud
2022-07-01,117.6892621269,SUCRE,Salud
2022-08-01,118.082728414,SUCRE,Salud
2022-09-01,118.3285822271,SUCRE,Salud
2022-10-01,118.2572208882,SUCRE,Salud
2022-11-01,118.5043902,SUCRE,Salud
2022-12-01,118.4928513513,SUCRE,Salud
2023-01-01,118.5319676869,SUCRE,Salud
2023-02-01,118.6705364952,SUCRE,Salud
2023-03-01,118.808217887,SUCRE,Salud
2023-04-01,118.7655914543,SUCRE,Salud
2023-05-01,118.9087355262,SUCRE,Salud
2023-06-01,119.7219580315,SUCRE,Salud
2023-07-01,119.9909829,SUCRE,Salud
2023-08-01,119.8328381549,SUCRE,Salud
2023-09-01,120.5979254045,SUCRE,Salud
2023-10-01,120.4096412032,SUCRE,Salud
2023-11-01,120.7532826,SUCRE,Salud
2023-12-01,120.7097555095,SUCRE,Salud
2024-01-01,120.8881424343,SUCRE,Salud
2024-02-01,120.9743732,SUCRE,Salud
2024-03-01,121.8077615357,SUCRE,Salud
2024-04-01,122.1420380026,SUCRE,Salud
2024-05-01,122.0762236267,SUCRE,Salud
2024-06-01,122.9610857838,SUCRE,Salud
2024-07-01,123.207434592,SUCRE,Salud
2024-08-01,123.7796449375,SUCRE,Salud
2024-09-01,124.8610835314,SUCRE,Salud
2024-10-01,126.4020542151,SUCRE,Salud
2024-11-01,127.6366606428,SUCRE,Salud
2024-12-01,128.2698995815,SUCRE,Salud
2025-01-01,130.4280675108,SUCRE,Salud
2025-02-01,130.7648334226,SUCRE,Salud
2025-03-01,131.3066037789,SUCRE,Salud
2025-04-01,133.5820861664,SUCRE,Salud
2025-05-01,135.8139723599,SUCRE,Salud
2025-06-01,141.4558772779,SUCRE,Salud
2025-07-01,144.9014800917,SUCRE,Salud
2025-08-01,148.4324995977,SUCRE,Salud
2025-09-01,149.9589664074,SUCRE,Salud
2025-10-01,150.7531060305,SUCRE,Salud
2025-11-01,151.2860289738,SUCRE,Salud
2025-12-01,152.6108073703,SUCRE,Salud
2026-01-01,153.7915935888,SUCRE,Salud
2026-02-01,153.9717060105,SUCRE,Salud
2026-03-01,153.4588875273,SUCRE,Salud
2026-04-01,154.2665192251,SUCRE,Salud
2026-05-01,155.5606228926,SUCRE,Salud
2026-06-01,156.4922809798,SUCRE,Salud
2026-07-01,160.4481548034,SUCRE,Salud
2018-01-01,100.1554887865,SUCRE,Transporte
2018-02-01,99.6819287749,SUCRE,Transporte
2018-03-01,99.4560983582,SUCRE,Transporte
2018-04-01,98.9520090677,SUCRE,Transporte
2018-05-01,99.1386995556,SUCRE,Transporte
2018-06-01,99.1755284051,SUCRE,Transporte
2018-07-01,100.3313770147,SUCRE,Transporte
2018-08-01,99.766534888,SUCRE,Transporte
2018-09-01,99.0229704416,SUCRE,Transporte
2018-10-01,98.5727790191,SUCRE,Transporte
2018-11-01,98.9625637036,SUCRE,Transporte
2018-12-01,101.0428172905,SUCRE,Transporte
2019-01-01,100.9104176371,SUCRE,Transporte
2019-02-01,100.1364183676,SUCRE,Transporte
2019-03-01,100.4707205048,SUCRE,Transporte
2019-04-01,100.6302347489,SUCRE,Transporte
2019-05-01,100.5790700858,SUCRE,Transporte
2019-06-01,100.7993499388,SUCRE,Transporte
2019-07-01,101.3523171854,SUCRE,Transporte
2019-08-01,100.5452241048,SUCRE,Transporte
2019-09-01,100.2042463963,SUCRE,Transporte
2019-10-01,100.1965660204,SUCRE,Transporte
2019-11-01,100.2120324218,SUCRE,Transporte
2019-12-01,102.0986413323,SUCRE,Transporte
2020-01-01,102.0846799454,SUCRE,Transporte
2020-02-01,101.4722865673,SUCRE,Transporte
2020-03-01,101.0686917275,SUCRE,Transporte
2020-04-01,101.0686917275,SUCRE,Transporte
2020-05-01,101.0854508602,SUCRE,Transporte
2020-06-01,101.072552763,SUCRE,Transporte
2020-07-01,101.6949104284,SUCRE,Transporte
2020-08-01,101.6369988239,SUCRE,Transporte
2020-09-01,104.4267197247,SUCRE,Transporte
2020-10-01,103.1089146251,SUCRE,Transporte
2020-11-01,102.4803891746,SUCRE,Transporte
2020-12-01,102.593628181,SUCRE,Transporte
2021-01-01,101.7714658432,SUCRE,Transporte
2021-02-01,100.8451050436,SUCRE,Transporte
2021-03-01,100.5787586022,SUCRE,Transporte
2021-04-01,100.4080959305,SUCRE,Transporte
2021-05-01,100.0171463127,SUCRE,Transporte
2021-06-01,100.3809154914,SUCRE,Transporte
2021-07-01,100.305423,SUCRE,Transporte
2021-08-01,101.3816122344,SUCRE,Transporte
2021-09-01,101.5689163001,SUCRE,Transporte
2021-10-01,101.6953798777,SUCRE,Transporte
2021-11-01,102.4801378461,SUCRE,Transporte
2021-12-01,104.5711819436,SUCRE,Transporte
2022-01-01,103.2029254797,SUCRE,Transporte
2022-02-01,102.7781896275,SUCRE,Transporte
2022-03-01,102.9246929869,SUCRE,Transporte
2022-04-01,103.2359876375,SUCRE,Transporte
2022-05-01,102.5010274254,SUCRE,Transporte
2022-06-01,102.1950761809,SUCRE,Transporte
2022-07-01,105.0127440359,SUCRE,Transporte
2022-08-01,102.9985138058,SUCRE,Transporte
2022-09-01,102.7454148922,SUCRE,Transporte
2022-10-01,102.6809299852,SUCRE,Transporte
2022-11-01,102.4821094,SUCRE,Transporte
2022-12-01,105.7739415906,SUCRE,Transporte
2023-01-01,106.231796066,SUCRE,Transporte
2023-02-01,105.1406397264,SUCRE,Transporte
2023-03-01,104.3108507746,SUCRE,Transporte
2023-04-01,104.8694755907,SUCRE,Transporte
2023-05-01,104.1311984922,SUCRE,Transporte
2023-06-01,104.9952520525,SUCRE,Transporte
2023-07-01,115.3295118,SUCRE,Transporte
2023-08-01,113.2480723655,SUCRE,Transporte
2023-09-01,112.7539239986,SUCRE,Transporte
2023-10-01,112.2926881084,SUCRE,Transporte
2023-11-01,113.3930834,SUCRE,Transporte
2023-12-01,116.6568715577,SUCRE,Transporte
2024-01-01,117.1575170953,SUCRE,Transporte
2024-02-01,115.3122,SUCRE,Transporte
2024-03-01,113.4939010307,SUCRE,Transporte
2024-04-01,113.3138418524,SUCRE,Transporte
2024-05-01,113.0355998395,SUCRE,Transporte
2024-06-01,113.8165129397,SUCRE,Transporte
2024-07-01,117.8457987527,SUCRE,Transporte
2024-08-01,115.4122360561,SUCRE,Transporte
2024-09-01,114.5970103922,SUCRE,Transporte
2024-10-01,115.441552688,SUCRE,Transporte
2024-11-01,118.6660504105,SUCRE,Transporte
2024-12-01,120.1456226834,SUCRE,Transporte
2025-01-01,121.420323551,SUCRE,Transporte
2025-02-01,117.8909252481,SUCRE,Transporte
2025-03-01,119.60458639,SUCRE,Transporte
2025-04-01,116.9099692074,SUCRE,Transporte
2025-05-01,118.8225441928,SUCRE,Transporte
2025-06-01,120.7744597967,SUCRE,Transporte
2025-07-01,123.6523012771,SUCRE,Transporte
2025-08-01,122.126998318,SUCRE,Transporte
2025-09-01,121.1897058482,SUCRE,Transporte
2025-10-01,121.1808184938,SUCRE,Transporte
2025-11-01,121.4465174362,SUCRE,Transporte
2025-12-01,143.5509894009,SUCRE,Transporte
2026-01-01,166.8537885726,SUCRE,Transporte
2026-02-01,165.5561309143,SUCRE,Transporte
2026-03-01,164.2486584432,SUCRE,Transporte
2026-04-01,163.4391306866,SUCRE,Transporte
2026-05-01,162.8326941168,SUCRE,Transporte
2026-06-01,163.0948164365,SUCRE,Transporte
2026-07-01,172.5418421721,SUCRE,Transporte
2018-01-01,106.0638909739,SUCRE,Vivienda y servicios básicos
2018-02-01,106.096452547,SUCRE,Vivienda y servicios básicos
2018-03-01,106.3509576035,SUCRE,Vivienda y servicios básicos
2018-04-01,106.4806584064,SUCRE,Vivienda y servicios básicos
2018-05-01,106.5175529894,SUCRE,Vivienda y servicios básicos
2018-06-01,106.333966929,SUCRE,Vivienda y servicios básicos
2018-07-01,106.2423158929,SUCRE,Vivienda y servicios básicos
2018-08-01,106.4223275122,SUCRE,Vivienda y servicios básicos
2018-09-01,106.4896740493,SUCRE,Vivienda y servicios básicos
2018-10-01,106.4357987587,SUCRE,Vivienda y servicios básicos
2018-11-01,106.5059150495,SUCRE,Vivienda y servicios básicos
2018-12-01,106.6179943219,SUCRE,Vivienda y servicios básicos
2019-01-01,106.7500139762,SUCRE,Vivienda y servicios básicos
2019-02-01,106.6830237246,SUCRE,Vivienda y servicios básicos
2019-03-01,106.7663710167,SUCRE,Vivienda y servicios básicos
2019-04-01,107.426224433,SUCRE,Vivienda y servicios básicos
2019-05-01,107.3859337785,SUCRE,Vivienda y servicios básicos
2019-06-01,107.494592447,SUCRE,Vivienda y servicios básicos
2019-07-01,107.6934575478,SUCRE,Vivienda y servicios básicos
2019-08-01,107.4889944696,SUCRE,Vivienda y servicios básicos
2019-09-01,107.5665512824,SUCRE,Vivienda y servicios básicos
2019-10-01,107.6045921409,SUCRE,Vivienda y servicios básicos
2019-11-01,107.8334888093,SUCRE,Vivienda y servicios básicos
2019-12-01,107.3968181381,SUCRE,Vivienda y servicios básicos
2020-01-01,107.7356694485,SUCRE,Vivienda y servicios básicos
2020-02-01,107.9043573591,SUCRE,Vivienda y servicios básicos
2020-03-01,108.0108381435,SUCRE,Vivienda y servicios básicos
2020-04-01,108.0641097304,SUCRE,Vivienda y servicios básicos
2020-05-01,107.5306802823,SUCRE,Vivienda y servicios básicos
2020-06-01,107.8400112589,SUCRE,Vivienda y servicios básicos
2020-07-01,108.4386865412,SUCRE,Vivienda y servicios básicos
2020-08-01,108.428204714,SUCRE,Vivienda y servicios básicos
2020-09-01,108.3106802962,SUCRE,Vivienda y servicios básicos
2020-10-01,108.2811855431,SUCRE,Vivienda y servicios básicos
2020-11-01,108.0989782368,SUCRE,Vivienda y servicios básicos
2020-12-01,108.2316319924,SUCRE,Vivienda y servicios básicos
2021-01-01,108.1339237936,SUCRE,Vivienda y servicios básicos
2021-02-01,107.9767689856,SUCRE,Vivienda y servicios básicos
2021-03-01,107.9363217534,SUCRE,Vivienda y servicios básicos
2021-04-01,107.8106004894,SUCRE,Vivienda y servicios básicos
2021-05-01,107.6361521504,SUCRE,Vivienda y servicios básicos
2021-06-01,107.4637392956,SUCRE,Vivienda y servicios básicos
2021-07-01,107.450694,SUCRE,Vivienda y servicios básicos
2021-08-01,107.280274147,SUCRE,Vivienda y servicios básicos
2021-09-01,107.2596264419,SUCRE,Vivienda y servicios básicos
2021-10-01,107.1819722592,SUCRE,Vivienda y servicios básicos
2021-11-01,107.0811212623,SUCRE,Vivienda y servicios básicos
2021-12-01,106.9917601184,SUCRE,Vivienda y servicios básicos
2022-01-01,107.2756479268,SUCRE,Vivienda y servicios básicos
2022-02-01,107.5506597904,SUCRE,Vivienda y servicios básicos
2022-03-01,107.5480409822,SUCRE,Vivienda y servicios básicos
2022-04-01,107.5289309446,SUCRE,Vivienda y servicios básicos
2022-05-01,107.709088398,SUCRE,Vivienda y servicios básicos
2022-06-01,107.735903352,SUCRE,Vivienda y servicios básicos
2022-07-01,107.6005678641,SUCRE,Vivienda y servicios básicos
2022-08-01,107.6156164398,SUCRE,Vivienda y servicios básicos
2022-09-01,107.881688633,SUCRE,Vivienda y servicios básicos
2022-10-01,107.6057244877,SUCRE,Vivienda y servicios básicos
2022-11-01,107.9435139,SUCRE,Vivienda y servicios básicos
2022-12-01,108.2550734366,SUCRE,Vivienda y servicios básicos
2023-01-01,108.5033965661,SUCRE,Vivienda y servicios básicos
2023-02-01,108.5519638249,SUCRE,Vivienda y servicios básicos
2023-03-01,108.7019488902,SUCRE,Vivienda y servicios básicos
2023-04-01,108.5216032094,SUCRE,Vivienda y servicios básicos
2023-05-01,109.0653606236,SUCRE,Vivienda y servicios básicos
2023-06-01,108.9495400357,SUCRE,Vivienda y servicios básicos
2023-07-01,109.054763,SUCRE,Vivienda y servicios básicos
2023-08-01,108.9309647498,SUCRE,Vivienda y servicios básicos
2023-09-01,109.1122679306,SUCRE,Vivienda y servicios básicos
2023-10-01,109.1380276293,SUCRE,Vivienda y servicios básicos
2023-11-01,109.2489349,SUCRE,Vivienda y servicios básicos
2023-12-01,109.2856885646,SUCRE,Vivienda y servicios básicos
2024-01-01,109.1840184684,SUCRE,Vivienda y servicios básicos
2024-02-01,109.1731653,SUCRE,Vivienda y servicios básicos
2024-03-01,110.4808090828,SUCRE,Vivienda y servicios básicos
2024-04-01,110.6631237338,SUCRE,Vivienda y servicios básicos
2024-05-01,111.0815089272,SUCRE,Vivienda y servicios básicos
2024-06-01,110.9931030113,SUCRE,Vivienda y servicios básicos
2024-07-01,111.409154815,SUCRE,Vivienda y servicios básicos
2024-08-01,111.5700415891,SUCRE,Vivienda y servicios básicos
2024-09-01,111.9623389376,SUCRE,Vivienda y servicios básicos
2024-10-01,112.1705894668,SUCRE,Vivienda y servicios básicos
2024-11-01,112.9793363778,SUCRE,Vivienda y servicios básicos
2024-12-01,113.7498757026,SUCRE,Vivienda y servicios básicos
2025-01-01,114.6655862479,SUCRE,Vivienda y servicios básicos
2025-02-01,115.3112137082,SUCRE,Vivienda y servicios básicos
2025-03-01,115.6683700529,SUCRE,Vivienda y servicios básicos
2025-04-01,115.8871259421,SUCRE,Vivienda y servicios básicos
2025-05-01,116.7812851174,SUCRE,Vivienda y servicios básicos
2025-06-01,117.2512961226,SUCRE,Vivienda y servicios básicos
2025-07-01,117.9516381545,SUCRE,Vivienda y servicios básicos
2025-08-01,119.488616357,SUCRE,Vivienda y servicios básicos
2025-09-01,120.8353848043,SUCRE,Vivienda y servicios básicos
2025-10-01,122.223804788,SUCRE,Vivienda y servicios básicos
2025-11-01,122.9212440883,SUCRE,Vivienda y servicios básicos
2025-12-01,123.794218097,SUCRE,Vivienda y servicios básicos
2026-01-01,124.951506831,SUCRE,Vivienda y servicios básicos
2026-02-01,125.8406792,SUCRE,Vivienda y servicios básicos
2026-03-01,126.4507478491,SUCRE,Vivienda y servicios básicos
2026-04-01,126.5026745991,SUCRE,Vivienda y servicios básicos
2026-05-01,127.1487454124,SUCRE,Vivienda y servicios básicos
2026-06-01,127.5301269916,SUCRE,Vivienda y servicios básicos
2026-07-01,127.9191745998,SUCRE,Vivienda y servicios básicos
2018-01-01,101.4814531173,SUCRE,ÍNDICE GENERAL
2018-02-01,101.4163288247,SUCRE,ÍNDICE GENERAL
2018-03-01,101.3613711326,SUCRE,ÍNDICE GENERAL
2018-04-01,101.2618944584,SUCRE,ÍNDICE GENERAL
2018-05-01,101.7559653338,SUCRE,ÍNDICE GENERAL
2018-06-01,101.5197485466,SUCRE,ÍNDICE GENERAL
2018-07-01,101.5277877646,SUCRE,ÍNDICE GENERAL
2018-08-01,101.7479086637,SUCRE,ÍNDICE GENERAL
2018-09-01,101.593042362,SUCRE,ÍNDICE GENERAL
2018-10-01,101.7066539201,SUCRE,ÍNDICE GENERAL
2018-11-01,101.8817891957,SUCRE,ÍNDICE GENERAL
2018-12-01,102.2489305747,SUCRE,ÍNDICE GENERAL
2019-01-01,102.632104484,SUCRE,ÍNDICE GENERAL
2019-02-01,102.5803348525,SUCRE,ÍNDICE GENERAL
2019-03-01,102.795685107,SUCRE,ÍNDICE GENERAL
2019-04-01,102.6480929983,SUCRE,ÍNDICE GENERAL
2019-05-01,102.9489331654,SUCRE,ÍNDICE GENERAL
2019-06-01,103.2911837266,SUCRE,ÍNDICE GENERAL
2019-07-01,103.3719854866,SUCRE,ÍNDICE GENERAL
2019-08-01,103.8048523335,SUCRE,ÍNDICE GENERAL
2019-09-01,103.8709053066,SUCRE,ÍNDICE GENERAL
2019-10-01,104.535431855,SUCRE,ÍNDICE GENERAL
2019-11-01,105.1084192049,SUCRE,ÍNDICE GENERAL
2019-12-01,103.8578386546,SUCRE,ÍNDICE GENERAL
2020-01-01,103.6931598395,SUCRE,ÍNDICE GENERAL
2020-02-01,103.6815014691,SUCRE,ÍNDICE GENERAL
2020-03-01,103.7658845338,SUCRE,ÍNDICE GENERAL
2020-04-01,104.1845876527,SUCRE,ÍNDICE GENERAL
2020-05-01,104.4296739783,SUCRE,ÍNDICE GENERAL
2020-06-01,104.707430595,SUCRE,ÍNDICE GENERAL
2020-07-01,104.4597128148,SUCRE,ÍNDICE GENERAL
2020-08-01,105.1999491084,SUCRE,ÍNDICE GENERAL
2020-09-01,104.3714780831,SUCRE,ÍNDICE GENERAL
2020-10-01,104.411600629,SUCRE,ÍNDICE GENERAL
2020-11-01,104.2183924814,SUCRE,ÍNDICE GENERAL
2020-12-01,104.4202018241,SUCRE,ÍNDICE GENERAL
2021-01-01,104.5928749644,SUCRE,ÍNDICE GENERAL
2021-02-01,104.638721127,SUCRE,ÍNDICE GENERAL
2021-03-01,104.4700933129,SUCRE,ÍNDICE GENERAL
2021-04-01,104.1481423127,SUCRE,ÍNDICE GENERAL
2021-05-01,104.0205088178,SUCRE,ÍNDICE GENERAL
2021-06-01,104.0365364253,SUCRE,ÍNDICE GENERAL
2021-07-01,104.3717678,SUCRE,ÍNDICE GENERAL
2021-08-01,104.6246206661,SUCRE,ÍNDICE GENERAL
2021-09-01,104.3238007248,SUCRE,ÍNDICE GENERAL
2021-10-01,103.9371816148,SUCRE,ÍNDICE GENERAL
2021-11-01,103.9926615271,SUCRE,ÍNDICE GENERAL
2021-12-01,104.2554608945,SUCRE,ÍNDICE GENERAL
2022-01-01,104.7813268514,SUCRE,ÍNDICE GENERAL
2022-02-01,105.1738122656,SUCRE,ÍNDICE GENERAL
2022-03-01,104.9879239931,SUCRE,ÍNDICE GENERAL
2022-04-01,104.950348547,SUCRE,ÍNDICE GENERAL
2022-05-01,105.1743513362,SUCRE,ÍNDICE GENERAL
2022-06-01,105.5582398003,SUCRE,ÍNDICE GENERAL
2022-07-01,105.9003561787,SUCRE,ÍNDICE GENERAL
2022-08-01,105.9164116911,SUCRE,ÍNDICE GENERAL
2022-09-01,106.1368784669,SUCRE,ÍNDICE GENERAL
2022-10-01,106.818948476,SUCRE,ÍNDICE GENERAL
2022-11-01,107.3175393,SUCRE,ÍNDICE GENERAL
2022-12-01,107.4993612348,SUCRE,ÍNDICE GENERAL
2023-01-01,107.8709671873,SUCRE,ÍNDICE GENERAL
2023-02-01,107.9279463896,SUCRE,ÍNDICE GENERAL
2023-03-01,107.2405270553,SUCRE,ÍNDICE GENERAL
2023-04-01,107.1554877198,SUCRE,ÍNDICE GENERAL
2023-05-01,107.7204646749,SUCRE,ÍNDICE GENERAL
2023-06-01,108.0835325744,SUCRE,ÍNDICE GENERAL
2023-07-01,109.0835805,SUCRE,ÍNDICE GENERAL
2023-08-01,109.1033242144,SUCRE,ÍNDICE GENERAL
2023-09-01,109.2275176908,SUCRE,ÍNDICE GENERAL
2023-10-01,109.4321601461,SUCRE,ÍNDICE GENERAL
2023-11-01,109.4781208,SUCRE,ÍNDICE GENERAL
2023-12-01,110.0316784791,SUCRE,ÍNDICE GENERAL
2024-01-01,110.1834062289,SUCRE,ÍNDICE GENERAL
2024-02-01,110.3295628,SUCRE,ÍNDICE GENERAL
2024-03-01,110.7347756406,SUCRE,ÍNDICE GENERAL
2024-04-01,111.5387934247,SUCRE,ÍNDICE GENERAL
2024-05-01,111.9868867943,SUCRE,ÍNDICE GENERAL
2024-06-01,112.4353870739,SUCRE,ÍNDICE GENERAL
2024-07-01,113.038793071,SUCRE,ÍNDICE GENERAL
2024-08-01,113.9371355413,SUCRE,ÍNDICE GENERAL
2024-09-01,115.4902250517,SUCRE,ÍNDICE GENERAL
2024-10-01,117.2534259646,SUCRE,ÍNDICE GENERAL
2024-11-01,119.3192441858,SUCRE,ÍNDICE GENERAL
2024-12-01,119.837274654,SUCRE,ÍNDICE GENERAL
2025-01-01,122.4098713615,SUCRE,ÍNDICE GENERAL
2025-02-01,123.7442155804,SUCRE,ÍNDICE GENERAL
2025-03-01,125.4784168164,SUCRE,ÍNDICE GENERAL
2025-04-01,126.1264575609,SUCRE,ÍNDICE GENERAL
2025-05-01,130.4076662216,SUCRE,ÍNDICE GENERAL
2025-06-01,135.7600145775,SUCRE,ÍNDICE GENERAL
2025-07-01,138.7188551038,SUCRE,ÍNDICE GENERAL
2025-08-01,140.5485200159,SUCRE,ÍNDICE GENERAL
2025-09-01,141.2366200136,SUCRE,ÍNDICE GENERAL
2025-10-01,141.70908316,SUCRE,ÍNDICE GENERAL
2025-11-01,142.5748956217,SUCRE,ÍNDICE GENERAL
2025-12-01,143.3841751956,SUCRE,ÍNDICE GENERAL
2026-01-01,145.1987170118,SUCRE,ÍNDICE GENERAL
2026-02-01,145.0502899635,SUCRE,ÍNDICE GENERAL
2026-03-01,144.7385601428,SUCRE,ÍNDICE GENERAL
2026-04-01,144.1383093941,SUCRE,ÍNDICE GENERAL
2026-05-01,144.8038097893,SUCRE,ÍNDICE GENERAL
2026-06-01,148.5255490489,SUCRE,ÍNDICE GENERAL
2026-07-01,148.1852338495,SUCRE,ÍNDICE GENERAL
2018-01-01,102.3195361714,TARIJA,Alimentos y bebidas consumidos fuera del hogar
2018-02-01,102.9824703056,TARIJA,Alimentos y bebidas consumidos fuera del hogar
2018-03-01,102.9966057868,TARIJA,Alimentos y bebidas consumidos fuera del hogar
2018-04-01,102.8790878085,TARIJA,Alimentos y bebidas consumidos fuera del hogar
2018-05-01,103.3608530464,TARIJA,Alimentos y bebidas consumidos fuera del hogar
2018-06-01,103.5600529167,TARIJA,Alimentos y bebidas consumidos fuera del hogar
2018-07-01,103.6010322159,TARIJA,Alimentos y bebidas consumidos fuera del hogar
2018-08-01,103.6025345229,TARIJA,Alimentos y bebidas consumidos fuera del hogar
2018-09-01,103.6018947361,TARIJA,Alimentos y bebidas consumidos fuera del hogar
2018-10-01,103.6211143881,TARIJA,Alimentos y bebidas consumidos fuera del hogar
2018-11-01,103.6808293735,TARIJA,Alimentos y bebidas consumidos fuera del hogar
2018-12-01,104.172836678,TARIJA,Alimentos y bebidas consumidos fuera del hogar
2019-01-01,104.1929736503,TARIJA,Alimentos y bebidas consumidos fuera del hogar
2019-02-01,104.1819182252,TARIJA,Alimentos y bebidas consumidos fuera del hogar
2019-03-01,104.2263322158,TARIJA,Alimentos y bebidas consumidos fuera del hogar
2019-04-01,104.5408459691,TARIJA,Alimentos y bebidas consumidos fuera del hogar
2019-05-01,104.5498529315,TARIJA,Alimentos y bebidas consumidos fuera del hogar
2019-06-01,104.5572579992,TARIJA,Alimentos y bebidas consumidos fuera del hogar
2019-07-01,104.5743415349,TARIJA,Alimentos y bebidas consumidos fuera del hogar
2019-08-01,104.5770385407,TARIJA,Alimentos y bebidas consumidos fuera del hogar
2019-09-01,104.5770385407,TARIJA,Alimentos y bebidas consumidos fuera del hogar
2019-10-01,104.5770385407,TARIJA,Alimentos y bebidas consumidos fuera del hogar
2019-11-01,104.5689327049,TARIJA,Alimentos y bebidas consumidos fuera del hogar
2019-12-01,104.7502768909,TARIJA,Alimentos y bebidas consumidos fuera del hogar
2020-01-01,104.7417875634,TARIJA,Alimentos y bebidas consumidos fuera del hogar
2020-02-01,104.7535848324,TARIJA,Alimentos y bebidas consumidos fuera del hogar
2020-03-01,104.8028849444,TARIJA,Alimentos y bebidas consumidos fuera del hogar
2020-04-01,104.8028849444,TARIJA,Alimentos y bebidas consumidos fuera del hogar
2020-05-01,105.0303363095,TARIJA,Alimentos y bebidas consumidos fuera del hogar
2020-06-01,105.0531311896,TARIJA,Alimentos y bebidas consumidos fuera del hogar
2020-07-01,105.4516037637,TARIJA,Alimentos y bebidas consumidos fuera del hogar
2020-08-01,105.568957353,TARIJA,Alimentos y bebidas consumidos fuera del hogar
2020-09-01,105.7531005631,TARIJA,Alimentos y bebidas consumidos fuera del hogar
2020-10-01,105.8806118947,TARIJA,Alimentos y bebidas consumidos fuera del hogar
2020-11-01,105.8032479671,TARIJA,Alimentos y bebidas consumidos fuera del hogar
2020-12-01,105.8566796146,TARIJA,Alimentos y bebidas consumidos fuera del hogar
2021-01-01,105.9240815613,TARIJA,Alimentos y bebidas consumidos fuera del hogar
2021-02-01,105.9676378684,TARIJA,Alimentos y bebidas consumidos fuera del hogar
2021-03-01,106.0491112122,TARIJA,Alimentos y bebidas consumidos fuera del hogar
2021-04-01,106.0510609144,TARIJA,Alimentos y bebidas consumidos fuera del hogar
2021-05-01,106.0510609144,TARIJA,Alimentos y bebidas consumidos fuera del hogar
2021-06-01,106.0150877671,TARIJA,Alimentos y bebidas consumidos fuera del hogar
2021-07-01,106.0284638,TARIJA,Alimentos y bebidas consumidos fuera del hogar
2021-08-01,106.0284638468,TARIJA,Alimentos y bebidas consumidos fuera del hogar
2021-09-01,106.0229089007,TARIJA,Alimentos y bebidas consumidos fuera del hogar
2021-10-01,106.0245971813,TARIJA,Alimentos y bebidas consumidos fuera del hogar
2021-11-01,106.0245971821,TARIJA,Alimentos y bebidas consumidos fuera del hogar
2021-12-01,106.0245971821,TARIJA,Alimentos y bebidas consumidos fuera del hogar
2022-01-01,106.0245971821,TARIJA,Alimentos y bebidas consumidos fuera del hogar
2022-02-01,106.0139685615,TARIJA,Alimentos y bebidas consumidos fuera del hogar
2022-03-01,106.0139685615,TARIJA,Alimentos y bebidas consumidos fuera del hogar
2022-04-01,106.1145457177,TARIJA,Alimentos y bebidas consumidos fuera del hogar
2022-05-01,106.0666973617,TARIJA,Alimentos y bebidas consumidos fuera del hogar
2022-06-01,106.0729671076,TARIJA,Alimentos y bebidas consumidos fuera del hogar
2022-07-01,106.1137697085,TARIJA,Alimentos y bebidas consumidos fuera del hogar
2022-08-01,106.1137697085,TARIJA,Alimentos y bebidas consumidos fuera del hogar
2022-09-01,106.1222940919,TARIJA,Alimentos y bebidas consumidos fuera del hogar
2022-10-01,106.3750333132,TARIJA,Alimentos y bebidas consumidos fuera del hogar
2022-11-01,106.4452393,TARIJA,Alimentos y bebidas consumidos fuera del hogar
2022-12-01,106.5811425542,TARIJA,Alimentos y bebidas consumidos fuera del hogar
2023-01-01,106.6677173541,TARIJA,Alimentos y bebidas consumidos fuera del hogar
2023-02-01,106.6677173541,TARIJA,Alimentos y bebidas consumidos fuera del hogar
2023-03-01,106.7424196807,TARIJA,Alimentos y bebidas consumidos fuera del hogar
2023-04-01,106.6800060173,TARIJA,Alimentos y bebidas consumidos fuera del hogar
2023-05-01,106.7144070241,TARIJA,Alimentos y bebidas consumidos fuera del hogar
2023-06-01,106.6794807706,TARIJA,Alimentos y bebidas consumidos fuera del hogar
2023-07-01,106.6718216,TARIJA,Alimentos y bebidas consumidos fuera del hogar
2023-08-01,106.6881230022,TARIJA,Alimentos y bebidas consumidos fuera del hogar
2023-09-01,106.8055326824,TARIJA,Alimentos y bebidas consumidos fuera del hogar
2023-10-01,106.8524228263,TARIJA,Alimentos y bebidas consumidos fuera del hogar
2023-11-01,107.2566333,TARIJA,Alimentos y bebidas consumidos fuera del hogar
2023-12-01,107.6225843933,TARIJA,Alimentos y bebidas consumidos fuera del hogar
2024-01-01,108.3372964157,TARIJA,Alimentos y bebidas consumidos fuera del hogar
2024-02-01,108.7732132,TARIJA,Alimentos y bebidas consumidos fuera del hogar
2024-03-01,108.9954290947,TARIJA,Alimentos y bebidas consumidos fuera del hogar
2024-04-01,109.1836975843,TARIJA,Alimentos y bebidas consumidos fuera del hogar
2024-05-01,109.6335318863,TARIJA,Alimentos y bebidas consumidos fuera del hogar
2024-06-01,110.0830310814,TARIJA,Alimentos y bebidas consumidos fuera del hogar
2024-07-01,110.465600608,TARIJA,Alimentos y bebidas consumidos fuera del hogar
2024-08-01,111.7412974282,TARIJA,Alimentos y bebidas consumidos fuera del hogar
2024-09-01,113.4599919162,TARIJA,Alimentos y bebidas consumidos fuera del hogar
2024-10-01,114.5795625484,TARIJA,Alimentos y bebidas consumidos fuera del hogar
2024-11-01,115.8129821488,TARIJA,Alimentos y bebidas consumidos fuera del hogar
2024-12-01,118.1164407419,TARIJA,Alimentos y bebidas consumidos fuera del hogar
2025-01-01,120.9056869072,TARIJA,Alimentos y bebidas consumidos fuera del hogar
2025-02-01,123.3291785273,TARIJA,Alimentos y bebidas consumidos fuera del hogar
2025-03-01,125.4906194319,TARIJA,Alimentos y bebidas consumidos fuera del hogar
2025-04-01,127.65427923,TARIJA,Alimentos y bebidas consumidos fuera del hogar
2025-05-01,131.3940924372,TARIJA,Alimentos y bebidas consumidos fuera del hogar
2025-06-01,136.5937757644,TARIJA,Alimentos y bebidas consumidos fuera del hogar
2025-07-01,140.3224645005,TARIJA,Alimentos y bebidas consumidos fuera del hogar
2025-08-01,139.7883282447,TARIJA,Alimentos y bebidas consumidos fuera del hogar
2025-09-01,141.6620183741,TARIJA,Alimentos y bebidas consumidos fuera del hogar
2025-10-01,142.518285081,TARIJA,Alimentos y bebidas consumidos fuera del hogar
2025-11-01,145.1272726795,TARIJA,Alimentos y bebidas consumidos fuera del hogar
2025-12-01,146.0157486221,TARIJA,Alimentos y bebidas consumidos fuera del hogar
2026-01-01,147.9070773189,TARIJA,Alimentos y bebidas consumidos fuera del hogar
2026-02-01,147.0167997626,TARIJA,Alimentos y bebidas consumidos fuera del hogar
2026-03-01,148.1423351111,TARIJA,Alimentos y bebidas consumidos fuera del hogar
2026-04-01,148.4950127431,TARIJA,Alimentos y bebidas consumidos fuera del hogar
2026-05-01,148.757785184,TARIJA,Alimentos y bebidas consumidos fuera del hogar
2026-06-01,150.3727440602,TARIJA,Alimentos y bebidas consumidos fuera del hogar
2026-07-01,152.4948116491,TARIJA,Alimentos y bebidas consumidos fuera del hogar
2018-01-01,102.5657541661,TARIJA,Alimentos y bebidas no alcohólicas
2018-02-01,103.4510729898,TARIJA,Alimentos y bebidas no alcohólicas
2018-03-01,103.4130060943,TARIJA,Alimentos y bebidas no alcohólicas
2018-04-01,102.3015145833,TARIJA,Alimentos y bebidas no alcohólicas
2018-05-01,101.6058440534,TARIJA,Alimentos y bebidas no alcohólicas
2018-06-01,102.8264737625,TARIJA,Alimentos y bebidas no alcohólicas
2018-07-01,103.0634945056,TARIJA,Alimentos y bebidas no alcohólicas
2018-08-01,103.4770755992,TARIJA,Alimentos y bebidas no alcohólicas
2018-09-01,102.478301622,TARIJA,Alimentos y bebidas no alcohólicas
2018-10-01,104.5816004912,TARIJA,Alimentos y bebidas no alcohólicas
2018-11-01,104.4819894678,TARIJA,Alimentos y bebidas no alcohólicas
2018-12-01,105.7786775611,TARIJA,Alimentos y bebidas no alcohólicas
2019-01-01,105.6491830059,TARIJA,Alimentos y bebidas no alcohólicas
2019-02-01,106.4237122869,TARIJA,Alimentos y bebidas no alcohólicas
2019-03-01,106.7750636957,TARIJA,Alimentos y bebidas no alcohólicas
2019-04-01,107.6858101273,TARIJA,Alimentos y bebidas no alcohólicas
2019-05-01,106.6328386557,TARIJA,Alimentos y bebidas no alcohólicas
2019-06-01,107.6207991033,TARIJA,Alimentos y bebidas no alcohólicas
2019-07-01,109.6375659908,TARIJA,Alimentos y bebidas no alcohólicas
2019-08-01,110.2600023873,TARIJA,Alimentos y bebidas no alcohólicas
2019-09-01,107.9809056186,TARIJA,Alimentos y bebidas no alcohólicas
2019-10-01,110.1479018057,TARIJA,Alimentos y bebidas no alcohólicas
2019-11-01,108.8317654967,TARIJA,Alimentos y bebidas no alcohólicas
2019-12-01,106.4442448646,TARIJA,Alimentos y bebidas no alcohólicas
2020-01-01,104.877268115,TARIJA,Alimentos y bebidas no alcohólicas
2020-02-01,105.029131935,TARIJA,Alimentos y bebidas no alcohólicas
2020-03-01,107.3065382178,TARIJA,Alimentos y bebidas no alcohólicas
2020-04-01,110.6242910263,TARIJA,Alimentos y bebidas no alcohólicas
2020-05-01,107.3211793372,TARIJA,Alimentos y bebidas no alcohólicas
2020-06-01,107.0686225215,TARIJA,Alimentos y bebidas no alcohólicas
2020-07-01,106.0502875229,TARIJA,Alimentos y bebidas no alcohólicas
2020-08-01,105.3493572235,TARIJA,Alimentos y bebidas no alcohólicas
2020-09-01,104.195871087,TARIJA,Alimentos y bebidas no alcohólicas
2020-10-01,103.3061731695,TARIJA,Alimentos y bebidas no alcohólicas
2020-11-01,103.6317932247,TARIJA,Alimentos y bebidas no alcohólicas
2020-12-01,104.5171724546,TARIJA,Alimentos y bebidas no alcohólicas
2021-01-01,105.4486754071,TARIJA,Alimentos y bebidas no alcohólicas
2021-02-01,105.4198077278,TARIJA,Alimentos y bebidas no alcohólicas
2021-03-01,104.5245541896,TARIJA,Alimentos y bebidas no alcohólicas
2021-04-01,103.1588821674,TARIJA,Alimentos y bebidas no alcohólicas
2021-05-01,104.0550235468,TARIJA,Alimentos y bebidas no alcohólicas
2021-06-01,102.8309907791,TARIJA,Alimentos y bebidas no alcohólicas
2021-07-01,107.4361243,TARIJA,Alimentos y bebidas no alcohólicas
2021-08-01,110.4220065974,TARIJA,Alimentos y bebidas no alcohólicas
2021-09-01,109.3157210021,TARIJA,Alimentos y bebidas no alcohólicas
2021-10-01,104.8340118436,TARIJA,Alimentos y bebidas no alcohólicas
2021-11-01,104.0765403651,TARIJA,Alimentos y bebidas no alcohólicas
2021-12-01,103.8602288398,TARIJA,Alimentos y bebidas no alcohólicas
2022-01-01,105.4860754528,TARIJA,Alimentos y bebidas no alcohólicas
2022-02-01,106.0427407321,TARIJA,Alimentos y bebidas no alcohólicas
2022-03-01,104.0703864104,TARIJA,Alimentos y bebidas no alcohólicas
2022-04-01,103.7377973213,TARIJA,Alimentos y bebidas no alcohólicas
2022-05-01,105.5983310677,TARIJA,Alimentos y bebidas no alcohólicas
2022-06-01,108.7017329218,TARIJA,Alimentos y bebidas no alcohólicas
2022-07-01,106.4290296736,TARIJA,Alimentos y bebidas no alcohólicas
2022-08-01,105.5444822162,TARIJA,Alimentos y bebidas no alcohólicas
2022-09-01,107.8623121798,TARIJA,Alimentos y bebidas no alcohólicas
2022-10-01,109.6555011066,TARIJA,Alimentos y bebidas no alcohólicas
2022-11-01,109.3879612,TARIJA,Alimentos y bebidas no alcohólicas
2022-12-01,112.5090942111,TARIJA,Alimentos y bebidas no alcohólicas
2023-01-01,109.3873122638,TARIJA,Alimentos y bebidas no alcohólicas
2023-02-01,107.9240298536,TARIJA,Alimentos y bebidas no alcohólicas
2023-03-01,105.8245341426,TARIJA,Alimentos y bebidas no alcohólicas
2023-04-01,106.2818795785,TARIJA,Alimentos y bebidas no alcohólicas
2023-05-01,109.5367560824,TARIJA,Alimentos y bebidas no alcohólicas
2023-06-01,110.0263950846,TARIJA,Alimentos y bebidas no alcohólicas
2023-07-01,112.5599974,TARIJA,Alimentos y bebidas no alcohólicas
2023-08-01,112.3696818488,TARIJA,Alimentos y bebidas no alcohólicas
2023-09-01,109.8637370613,TARIJA,Alimentos y bebidas no alcohólicas
2023-10-01,110.3732975515,TARIJA,Alimentos y bebidas no alcohólicas
2023-11-01,112.8720325,TARIJA,Alimentos y bebidas no alcohólicas
2023-12-01,113.2033036813,TARIJA,Alimentos y bebidas no alcohólicas
2024-01-01,114.0805373875,TARIJA,Alimentos y bebidas no alcohólicas
2024-02-01,116.1252398,TARIJA,Alimentos y bebidas no alcohólicas
2024-03-01,116.2066359892,TARIJA,Alimentos y bebidas no alcohólicas
2024-04-01,123.0255450377,TARIJA,Alimentos y bebidas no alcohólicas
2024-05-01,127.242784025,TARIJA,Alimentos y bebidas no alcohólicas
2024-06-01,122.9614677489,TARIJA,Alimentos y bebidas no alcohólicas
2024-07-01,125.1777466687,TARIJA,Alimentos y bebidas no alcohólicas
2024-08-01,122.8213290999,TARIJA,Alimentos y bebidas no alcohólicas
2024-09-01,121.1566766155,TARIJA,Alimentos y bebidas no alcohólicas
2024-10-01,123.7433753531,TARIJA,Alimentos y bebidas no alcohólicas
2024-11-01,128.7511005876,TARIJA,Alimentos y bebidas no alcohólicas
2024-12-01,130.9708806942,TARIJA,Alimentos y bebidas no alcohólicas
2025-01-01,137.8121373132,TARIJA,Alimentos y bebidas no alcohólicas
2025-02-01,143.7635247876,TARIJA,Alimentos y bebidas no alcohólicas
2025-03-01,148.2733276555,TARIJA,Alimentos y bebidas no alcohólicas
2025-04-01,152.4013410355,TARIJA,Alimentos y bebidas no alcohólicas
2025-05-01,154.6843266116,TARIJA,Alimentos y bebidas no alcohólicas
2025-06-01,167.8564074813,TARIJA,Alimentos y bebidas no alcohólicas
2025-07-01,174.1873965926,TARIJA,Alimentos y bebidas no alcohólicas
2025-08-01,171.4113046385,TARIJA,Alimentos y bebidas no alcohólicas
2025-09-01,171.8618312872,TARIJA,Alimentos y bebidas no alcohólicas
2025-10-01,179.223933388,TARIJA,Alimentos y bebidas no alcohólicas
2025-11-01,186.1784310158,TARIJA,Alimentos y bebidas no alcohólicas
2025-12-01,181.2532928835,TARIJA,Alimentos y bebidas no alcohólicas
2026-01-01,171.740441784,TARIJA,Alimentos y bebidas no alcohólicas
2026-02-01,169.486682057,TARIJA,Alimentos y bebidas no alcohólicas
2026-03-01,166.6691561919,TARIJA,Alimentos y bebidas no alcohólicas
2026-04-01,166.0920804831,TARIJA,Alimentos y bebidas no alcohólicas
2026-05-01,175.5512114154,TARIJA,Alimentos y bebidas no alcohólicas
2026-06-01,177.0189376305,TARIJA,Alimentos y bebidas no alcohólicas
2026-07-01,174.9599538697,TARIJA,Alimentos y bebidas no alcohólicas
2018-01-01,102.2105941908,TARIJA,Bebidas alcohólicas y tabaco
2018-02-01,102.9399923368,TARIJA,Bebidas alcohólicas y tabaco
2018-03-01,103.4100960806,TARIJA,Bebidas alcohólicas y tabaco
2018-04-01,103.9415491887,TARIJA,Bebidas alcohólicas y tabaco
2018-05-01,103.9342452085,TARIJA,Bebidas alcohólicas y tabaco
2018-06-01,104.0818504278,TARIJA,Bebidas alcohólicas y tabaco
2018-07-01,104.0181839671,TARIJA,Bebidas alcohólicas y tabaco
2018-08-01,104.1506182847,TARIJA,Bebidas alcohólicas y tabaco
2018-09-01,104.2360153702,TARIJA,Bebidas alcohólicas y tabaco
2018-10-01,104.4860516749,TARIJA,Bebidas alcohólicas y tabaco
2018-11-01,104.3693379769,TARIJA,Bebidas alcohólicas y tabaco
2018-12-01,104.5129986655,TARIJA,Bebidas alcohólicas y tabaco
2019-01-01,104.4228826324,TARIJA,Bebidas alcohólicas y tabaco
2019-02-01,104.6127959121,TARIJA,Bebidas alcohólicas y tabaco
2019-03-01,104.7621128084,TARIJA,Bebidas alcohólicas y tabaco
2019-04-01,105.5667544014,TARIJA,Bebidas alcohólicas y tabaco
2019-05-01,105.4508353031,TARIJA,Bebidas alcohólicas y tabaco
2019-06-01,105.4416492125,TARIJA,Bebidas alcohólicas y tabaco
2019-07-01,105.2669650509,TARIJA,Bebidas alcohólicas y tabaco
2019-08-01,105.3019354871,TARIJA,Bebidas alcohólicas y tabaco
2019-09-01,105.3827978214,TARIJA,Bebidas alcohólicas y tabaco
2019-10-01,105.3827978214,TARIJA,Bebidas alcohólicas y tabaco
2019-11-01,105.6330170148,TARIJA,Bebidas alcohólicas y tabaco
2019-12-01,104.9254959582,TARIJA,Bebidas alcohólicas y tabaco
2020-01-01,105.1777309513,TARIJA,Bebidas alcohólicas y tabaco
2020-02-01,105.3620322114,TARIJA,Bebidas alcohólicas y tabaco
2020-03-01,105.3679380106,TARIJA,Bebidas alcohólicas y tabaco
2020-04-01,105.3679380106,TARIJA,Bebidas alcohólicas y tabaco
2020-05-01,105.7695188984,TARIJA,Bebidas alcohólicas y tabaco
2020-06-01,105.7818869271,TARIJA,Bebidas alcohólicas y tabaco
2020-07-01,105.2577146809,TARIJA,Bebidas alcohólicas y tabaco
2020-08-01,104.1331064184,TARIJA,Bebidas alcohólicas y tabaco
2020-09-01,103.4235346104,TARIJA,Bebidas alcohólicas y tabaco
2020-10-01,104.0926658548,TARIJA,Bebidas alcohólicas y tabaco
2020-11-01,103.7476411638,TARIJA,Bebidas alcohólicas y tabaco
2020-12-01,104.2456682436,TARIJA,Bebidas alcohólicas y tabaco
2021-01-01,103.8836934936,TARIJA,Bebidas alcohólicas y tabaco
2021-02-01,103.6897535255,TARIJA,Bebidas alcohólicas y tabaco
2021-03-01,103.6913286967,TARIJA,Bebidas alcohólicas y tabaco
2021-04-01,103.5941625639,TARIJA,Bebidas alcohólicas y tabaco
2021-05-01,103.3310177594,TARIJA,Bebidas alcohólicas y tabaco
2021-06-01,103.4039257928,TARIJA,Bebidas alcohólicas y tabaco
2021-07-01,103.1336774,TARIJA,Bebidas alcohólicas y tabaco
2021-08-01,103.3596551012,TARIJA,Bebidas alcohólicas y tabaco
2021-09-01,103.359655092,TARIJA,Bebidas alcohólicas y tabaco
2021-10-01,103.359655092,TARIJA,Bebidas alcohólicas y tabaco
2021-11-01,103.359655092,TARIJA,Bebidas alcohólicas y tabaco
2021-12-01,103.7030029298,TARIJA,Bebidas alcohólicas y tabaco
2022-01-01,104.187120911,TARIJA,Bebidas alcohólicas y tabaco
2022-02-01,104.5406314134,TARIJA,Bebidas alcohólicas y tabaco
2022-03-01,104.6268621656,TARIJA,Bebidas alcohólicas y tabaco
2022-04-01,104.6268621656,TARIJA,Bebidas alcohólicas y tabaco
2022-05-01,104.7716710321,TARIJA,Bebidas alcohólicas y tabaco
2022-06-01,104.7716710321,TARIJA,Bebidas alcohólicas y tabaco
2022-07-01,104.7716710321,TARIJA,Bebidas alcohólicas y tabaco
2022-08-01,104.9551179123,TARIJA,Bebidas alcohólicas y tabaco
2022-09-01,104.8211246283,TARIJA,Bebidas alcohólicas y tabaco
2022-10-01,104.9159369938,TARIJA,Bebidas alcohólicas y tabaco
2022-11-01,104.915937,TARIJA,Bebidas alcohólicas y tabaco
2022-12-01,105.1348085095,TARIJA,Bebidas alcohólicas y tabaco
2023-01-01,105.4298560592,TARIJA,Bebidas alcohólicas y tabaco
2023-02-01,105.4607548141,TARIJA,Bebidas alcohólicas y tabaco
2023-03-01,105.3373459023,TARIJA,Bebidas alcohólicas y tabaco
2023-04-01,105.4743779427,TARIJA,Bebidas alcohólicas y tabaco
2023-05-01,105.4605927026,TARIJA,Bebidas alcohólicas y tabaco
2023-06-01,105.4493154128,TARIJA,Bebidas alcohólicas y tabaco
2023-07-01,105.4493154,TARIJA,Bebidas alcohólicas y tabaco
2023-08-01,105.3513142872,TARIJA,Bebidas alcohólicas y tabaco
2023-09-01,105.3513142872,TARIJA,Bebidas alcohólicas y tabaco
2023-10-01,105.3513142872,TARIJA,Bebidas alcohólicas y tabaco
2023-11-01,105.5709016,TARIJA,Bebidas alcohólicas y tabaco
2023-12-01,105.570901592,TARIJA,Bebidas alcohólicas y tabaco
2024-01-01,105.3380819473,TARIJA,Bebidas alcohólicas y tabaco
2024-02-01,105.5435897,TARIJA,Bebidas alcohólicas y tabaco
2024-03-01,105.6940317126,TARIJA,Bebidas alcohólicas y tabaco
2024-04-01,106.6578157583,TARIJA,Bebidas alcohólicas y tabaco
2024-05-01,108.7038891785,TARIJA,Bebidas alcohólicas y tabaco
2024-06-01,109.3174243485,TARIJA,Bebidas alcohólicas y tabaco
2024-07-01,108.8715733727,TARIJA,Bebidas alcohólicas y tabaco
2024-08-01,109.8108954244,TARIJA,Bebidas alcohólicas y tabaco
2024-09-01,111.1716301066,TARIJA,Bebidas alcohólicas y tabaco
2024-10-01,113.0727015201,TARIJA,Bebidas alcohólicas y tabaco
2024-11-01,113.5882775396,TARIJA,Bebidas alcohólicas y tabaco
2024-12-01,119.026057936,TARIJA,Bebidas alcohólicas y tabaco
2025-01-01,116.698285565,TARIJA,Bebidas alcohólicas y tabaco
2025-02-01,117.4415064087,TARIJA,Bebidas alcohólicas y tabaco
2025-03-01,118.5378373547,TARIJA,Bebidas alcohólicas y tabaco
2025-04-01,121.4539639119,TARIJA,Bebidas alcohólicas y tabaco
2025-05-01,121.593465302,TARIJA,Bebidas alcohólicas y tabaco
2025-06-01,125.0135863383,TARIJA,Bebidas alcohólicas y tabaco
2025-07-01,125.0258324655,TARIJA,Bebidas alcohólicas y tabaco
2025-08-01,128.2050005997,TARIJA,Bebidas alcohólicas y tabaco
2025-09-01,128.1750282499,TARIJA,Bebidas alcohólicas y tabaco
2025-10-01,130.4694464805,TARIJA,Bebidas alcohólicas y tabaco
2025-11-01,130.2201624804,TARIJA,Bebidas alcohólicas y tabaco
2025-12-01,130.5502494554,TARIJA,Bebidas alcohólicas y tabaco
2026-01-01,131.408242838,TARIJA,Bebidas alcohólicas y tabaco
2026-02-01,131.371878327,TARIJA,Bebidas alcohólicas y tabaco
2026-03-01,131.8938983592,TARIJA,Bebidas alcohólicas y tabaco
2026-04-01,132.0572747419,TARIJA,Bebidas alcohólicas y tabaco
2026-05-01,133.125847088,TARIJA,Bebidas alcohólicas y tabaco
2026-06-01,132.2742238823,TARIJA,Bebidas alcohólicas y tabaco
2026-07-01,132.3269187852,TARIJA,Bebidas alcohólicas y tabaco
2018-01-01,102.3077611639,TARIJA,Bienes y servicios diversos
2018-02-01,103.0450331879,TARIJA,Bienes y servicios diversos
2018-03-01,103.9566869392,TARIJA,Bienes y servicios diversos
2018-04-01,104.1744783017,TARIJA,Bienes y servicios diversos
2018-05-01,104.4445681845,TARIJA,Bienes y servicios diversos
2018-06-01,105.0484880821,TARIJA,Bienes y servicios diversos
2018-07-01,104.8603352203,TARIJA,Bienes y servicios diversos
2018-08-01,104.2969074905,TARIJA,Bienes y servicios diversos
2018-09-01,104.3172080301,TARIJA,Bienes y servicios diversos
2018-10-01,104.1503987245,TARIJA,Bienes y servicios diversos
2018-11-01,104.2789434443,TARIJA,Bienes y servicios diversos
2018-12-01,104.4968136271,TARIJA,Bienes y servicios diversos
2019-01-01,104.6703176839,TARIJA,Bienes y servicios diversos
2019-02-01,104.1878741438,TARIJA,Bienes y servicios diversos
2019-03-01,104.2660041583,TARIJA,Bienes y servicios diversos
2019-04-01,104.1003474714,TARIJA,Bienes y servicios diversos
2019-05-01,104.1829640182,TARIJA,Bienes y servicios diversos
2019-06-01,104.0753737681,TARIJA,Bienes y servicios diversos
2019-07-01,104.2271983331,TARIJA,Bienes y servicios diversos
2019-08-01,104.1618511172,TARIJA,Bienes y servicios diversos
2019-09-01,104.1911050002,TARIJA,Bienes y servicios diversos
2019-10-01,104.1459229062,TARIJA,Bienes y servicios diversos
2019-11-01,103.9835023964,TARIJA,Bienes y servicios diversos
2019-12-01,103.9454705022,TARIJA,Bienes y servicios diversos
2020-01-01,103.9370404026,TARIJA,Bienes y servicios diversos
2020-02-01,103.8918881629,TARIJA,Bienes y servicios diversos
2020-03-01,103.9613308524,TARIJA,Bienes y servicios diversos
2020-04-01,104.1648483898,TARIJA,Bienes y servicios diversos
2020-05-01,103.8220497834,TARIJA,Bienes y servicios diversos
2020-06-01,104.0554037366,TARIJA,Bienes y servicios diversos
2020-07-01,104.1466123666,TARIJA,Bienes y servicios diversos
2020-08-01,104.4206273103,TARIJA,Bienes y servicios diversos
2020-09-01,103.8918187108,TARIJA,Bienes y servicios diversos
2020-10-01,103.2474660102,TARIJA,Bienes y servicios diversos
2020-11-01,102.7600178635,TARIJA,Bienes y servicios diversos
2020-12-01,102.5956918237,TARIJA,Bienes y servicios diversos
2021-01-01,102.4021550139,TARIJA,Bienes y servicios diversos
2021-02-01,102.2347737554,TARIJA,Bienes y servicios diversos
2021-03-01,102.1481319038,TARIJA,Bienes y servicios diversos
2021-04-01,101.6810966934,TARIJA,Bienes y servicios diversos
2021-05-01,101.3154261359,TARIJA,Bienes y servicios diversos
2021-06-01,101.1386301796,TARIJA,Bienes y servicios diversos
2021-07-01,100.5873344,TARIJA,Bienes y servicios diversos
2021-08-01,100.8055281599,TARIJA,Bienes y servicios diversos
2021-09-01,100.8136964187,TARIJA,Bienes y servicios diversos
2021-10-01,100.7551366809,TARIJA,Bienes y servicios diversos
2021-11-01,100.3582902391,TARIJA,Bienes y servicios diversos
2021-12-01,100.0810153869,TARIJA,Bienes y servicios diversos
2022-01-01,99.7939815649,TARIJA,Bienes y servicios diversos
2022-02-01,99.5954472659,TARIJA,Bienes y servicios diversos
2022-03-01,99.6130436182,TARIJA,Bienes y servicios diversos
2022-04-01,99.6323024244,TARIJA,Bienes y servicios diversos
2022-05-01,99.8891400977,TARIJA,Bienes y servicios diversos
2022-06-01,100.0607275452,TARIJA,Bienes y servicios diversos
2022-07-01,99.9696101793,TARIJA,Bienes y servicios diversos
2022-08-01,99.9454071387,TARIJA,Bienes y servicios diversos
2022-09-01,100.018829217,TARIJA,Bienes y servicios diversos
2022-10-01,99.6390410564,TARIJA,Bienes y servicios diversos
2022-11-01,99.91228233,TARIJA,Bienes y servicios diversos
2022-12-01,100.0151118632,TARIJA,Bienes y servicios diversos
2023-01-01,99.7867108903,TARIJA,Bienes y servicios diversos
2023-02-01,100.1919599281,TARIJA,Bienes y servicios diversos
2023-03-01,100.2504935622,TARIJA,Bienes y servicios diversos
2023-04-01,100.7556186299,TARIJA,Bienes y servicios diversos
2023-05-01,100.9131253819,TARIJA,Bienes y servicios diversos
2023-06-01,100.9268815136,TARIJA,Bienes y servicios diversos
2023-07-01,100.9014699,TARIJA,Bienes y servicios diversos
2023-08-01,101.097237101,TARIJA,Bienes y servicios diversos
2023-09-01,101.0240440407,TARIJA,Bienes y servicios diversos
2023-10-01,101.2606567621,TARIJA,Bienes y servicios diversos
2023-11-01,100.9536283,TARIJA,Bienes y servicios diversos
2023-12-01,100.7918456849,TARIJA,Bienes y servicios diversos
2024-01-01,102.7520664059,TARIJA,Bienes y servicios diversos
2024-02-01,104.5187487,TARIJA,Bienes y servicios diversos
2024-03-01,108.5004305483,TARIJA,Bienes y servicios diversos
2024-04-01,109.4238347585,TARIJA,Bienes y servicios diversos
2024-05-01,110.5850500567,TARIJA,Bienes y servicios diversos
2024-06-01,112.199724213,TARIJA,Bienes y servicios diversos
2024-07-01,112.543480566,TARIJA,Bienes y servicios diversos
2024-08-01,114.2147066636,TARIJA,Bienes y servicios diversos
2024-09-01,116.9339540857,TARIJA,Bienes y servicios diversos
2024-10-01,117.0137736996,TARIJA,Bienes y servicios diversos
2024-11-01,118.1907855989,TARIJA,Bienes y servicios diversos
2024-12-01,120.1963757275,TARIJA,Bienes y servicios diversos
2025-01-01,123.9390979764,TARIJA,Bienes y servicios diversos
2025-02-01,127.1531808612,TARIJA,Bienes y servicios diversos
2025-03-01,127.1058195634,TARIJA,Bienes y servicios diversos
2025-04-01,128.6681362158,TARIJA,Bienes y servicios diversos
2025-05-01,132.8322722586,TARIJA,Bienes y servicios diversos
2025-06-01,145.6588532682,TARIJA,Bienes y servicios diversos
2025-07-01,151.443285726,TARIJA,Bienes y servicios diversos
2025-08-01,152.1345889431,TARIJA,Bienes y servicios diversos
2025-09-01,153.3604528383,TARIJA,Bienes y servicios diversos
2025-10-01,153.4138806326,TARIJA,Bienes y servicios diversos
2025-11-01,151.5093290974,TARIJA,Bienes y servicios diversos
2025-12-01,151.1085473175,TARIJA,Bienes y servicios diversos
2026-01-01,151.4596154814,TARIJA,Bienes y servicios diversos
2026-02-01,151.3223061819,TARIJA,Bienes y servicios diversos
2026-03-01,148.1929069693,TARIJA,Bienes y servicios diversos
2026-04-01,147.8516312375,TARIJA,Bienes y servicios diversos
2026-05-01,146.987568557,TARIJA,Bienes y servicios diversos
2026-06-01,146.3775715188,TARIJA,Bienes y servicios diversos
2026-07-01,144.7132320674,TARIJA,Bienes y servicios diversos
2018-01-01,95.164648889,TARIJA,Comunicaciones
2018-02-01,95.0544982583,TARIJA,Comunicaciones
2018-03-01,94.8475957651,TARIJA,Comunicaciones
2018-04-01,95.036548541,TARIJA,Comunicaciones
2018-05-01,94.9638901743,TARIJA,Comunicaciones
2018-06-01,94.710004287,TARIJA,Comunicaciones
2018-07-01,94.8308228964,TARIJA,Comunicaciones
2018-08-01,94.9109826219,TARIJA,Comunicaciones
2018-09-01,94.6966456518,TARIJA,Comunicaciones
2018-10-01,94.5743020334,TARIJA,Comunicaciones
2018-11-01,94.5139759169,TARIJA,Comunicaciones
2018-12-01,94.4185335028,TARIJA,Comunicaciones
2019-01-01,94.9332280258,TARIJA,Comunicaciones
2019-02-01,94.9332280258,TARIJA,Comunicaciones
2019-03-01,95.0812789251,TARIJA,Comunicaciones
2019-04-01,94.8805696201,TARIJA,Comunicaciones
2019-05-01,94.6714678169,TARIJA,Comunicaciones
2019-06-01,94.5499651962,TARIJA,Comunicaciones
2019-07-01,94.3333761832,TARIJA,Comunicaciones
2019-08-01,94.2005616104,TARIJA,Comunicaciones
2019-09-01,94.1735793654,TARIJA,Comunicaciones
2019-10-01,94.2163027736,TARIJA,Comunicaciones
2019-11-01,94.1036777079,TARIJA,Comunicaciones
2019-12-01,94.1426951047,TARIJA,Comunicaciones
2020-01-01,94.1426951047,TARIJA,Comunicaciones
2020-02-01,94.1426951047,TARIJA,Comunicaciones
2020-03-01,94.1906253436,TARIJA,Comunicaciones
2020-04-01,94.1906253436,TARIJA,Comunicaciones
2020-05-01,94.1906253436,TARIJA,Comunicaciones
2020-06-01,94.457774356,TARIJA,Comunicaciones
2020-07-01,96.3356613886,TARIJA,Comunicaciones
2020-08-01,96.5314150414,TARIJA,Comunicaciones
2020-09-01,96.3748520374,TARIJA,Comunicaciones
2020-10-01,96.0018946336,TARIJA,Comunicaciones
2020-11-01,95.9220770871,TARIJA,Comunicaciones
2020-12-01,95.8309216671,TARIJA,Comunicaciones
2021-01-01,95.6342825606,TARIJA,Comunicaciones
2021-02-01,95.6187692498,TARIJA,Comunicaciones
2021-03-01,95.4706667855,TARIJA,Comunicaciones
2021-04-01,95.2805121421,TARIJA,Comunicaciones
2021-05-01,94.9341811765,TARIJA,Comunicaciones
2021-06-01,94.91343118,TARIJA,Comunicaciones
2021-07-01,94.33569952,TARIJA,Comunicaciones
2021-08-01,94.247577234,TARIJA,Comunicaciones
2021-09-01,94.3531002528,TARIJA,Comunicaciones
2021-10-01,94.420665568,TARIJA,Comunicaciones
2021-11-01,94.6994749486,TARIJA,Comunicaciones
2021-12-01,94.6568475899,TARIJA,Comunicaciones
2022-01-01,94.203351644,TARIJA,Comunicaciones
2022-02-01,94.1736655868,TARIJA,Comunicaciones
2022-03-01,94.2107138476,TARIJA,Comunicaciones
2022-04-01,94.0241934472,TARIJA,Comunicaciones
2022-05-01,93.6951317216,TARIJA,Comunicaciones
2022-06-01,92.850389298,TARIJA,Comunicaciones
2022-07-01,92.5314662954,TARIJA,Comunicaciones
2022-08-01,92.468541861,TARIJA,Comunicaciones
2022-09-01,92.3330169674,TARIJA,Comunicaciones
2022-10-01,92.4563904057,TARIJA,Comunicaciones
2022-11-01,92.45639041,TARIJA,Comunicaciones
2022-12-01,92.5479558517,TARIJA,Comunicaciones
2023-01-01,92.5071055543,TARIJA,Comunicaciones
2023-02-01,92.37003998,TARIJA,Comunicaciones
2023-03-01,92.396371978,TARIJA,Comunicaciones
2023-04-01,92.5644576184,TARIJA,Comunicaciones
2023-05-01,92.7439598353,TARIJA,Comunicaciones
2023-06-01,92.776287833,TARIJA,Comunicaciones
2023-07-01,92.71337202,TARIJA,Comunicaciones
2023-08-01,92.7133720222,TARIJA,Comunicaciones
2023-09-01,92.6115514482,TARIJA,Comunicaciones
2023-10-01,92.5717577519,TARIJA,Comunicaciones
2023-11-01,92.62578079,TARIJA,Comunicaciones
2023-12-01,92.4500863218,TARIJA,Comunicaciones
2024-01-01,92.3909733769,TARIJA,Comunicaciones
2024-02-01,93.02371649,TARIJA,Comunicaciones
2024-03-01,93.0366605112,TARIJA,Comunicaciones
2024-04-01,92.6896230881,TARIJA,Comunicaciones
2024-05-01,92.956019563,TARIJA,Comunicaciones
2024-06-01,92.6935711333,TARIJA,Comunicaciones
2024-07-01,92.6807777524,TARIJA,Comunicaciones
2024-08-01,93.1780335345,TARIJA,Comunicaciones
2024-09-01,93.3296960138,TARIJA,Comunicaciones
2024-10-01,93.4777942566,TARIJA,Comunicaciones
2024-11-01,93.7189694766,TARIJA,Comunicaciones
2024-12-01,94.2093081148,TARIJA,Comunicaciones
2025-01-01,94.5854377914,TARIJA,Comunicaciones
2025-02-01,94.7159556867,TARIJA,Comunicaciones
2025-03-01,95.0080544464,TARIJA,Comunicaciones
2025-04-01,95.4655972628,TARIJA,Comunicaciones
2025-05-01,95.8657010434,TARIJA,Comunicaciones
2025-06-01,96.5956493843,TARIJA,Comunicaciones
2025-07-01,96.9868599564,TARIJA,Comunicaciones
2025-08-01,95.8712245697,TARIJA,Comunicaciones
2025-09-01,95.0708547565,TARIJA,Comunicaciones
2025-10-01,95.018247563,TARIJA,Comunicaciones
2025-11-01,94.1580456261,TARIJA,Comunicaciones
2025-12-01,93.2194514261,TARIJA,Comunicaciones
2026-01-01,92.8669856016,TARIJA,Comunicaciones
2026-02-01,92.7065065284,TARIJA,Comunicaciones
2026-03-01,93.0256759627,TARIJA,Comunicaciones
2026-04-01,93.1190625997,TARIJA,Comunicaciones
2026-05-01,93.3409751282,TARIJA,Comunicaciones
2026-06-01,93.3910024433,TARIJA,Comunicaciones
2026-07-01,93.9885245194,TARIJA,Comunicaciones
2018-01-01,107.2105995539,TARIJA,Educación
2018-02-01,107.3439158635,TARIJA,Educación
2018-03-01,107.3439158604,TARIJA,Educación
2018-04-01,107.3439158604,TARIJA,Educación
2018-05-01,107.3439158604,TARIJA,Educación
2018-06-01,107.3439158604,TARIJA,Educación
2018-07-01,107.3439158604,TARIJA,Educación
2018-08-01,107.0407607441,TARIJA,Educación
2018-09-01,107.040760741,TARIJA,Educación
2018-10-01,107.040760741,TARIJA,Educación
2018-11-01,107.040760741,TARIJA,Educación
2018-12-01,107.040760741,TARIJA,Educación
2019-01-01,109.9685877831,TARIJA,Educación
2019-02-01,109.9685877862,TARIJA,Educación
2019-03-01,109.9685877862,TARIJA,Educación
2019-04-01,109.9685877862,TARIJA,Educación
2019-05-01,109.9685877862,TARIJA,Educación
2019-06-01,109.9685877862,TARIJA,Educación
2019-07-01,109.9685877862,TARIJA,Educación
2019-08-01,109.9685877862,TARIJA,Educación
2019-09-01,109.9685877862,TARIJA,Educación
2019-10-01,109.9685877862,TARIJA,Educación
2019-11-01,109.9685877862,TARIJA,Educación
2019-12-01,109.9685877862,TARIJA,Educación
2020-01-01,112.4081615843,TARIJA,Educación
2020-02-01,112.4081615843,TARIJA,Educación
2020-03-01,112.4081615843,TARIJA,Educación
2020-04-01,112.4081615843,TARIJA,Educación
2020-05-01,112.4081615843,TARIJA,Educación
2020-06-01,112.4081615843,TARIJA,Educación
2020-07-01,112.4081615843,TARIJA,Educación
2020-08-01,111.9993223269,TARIJA,Educación
2020-09-01,111.9993223269,TARIJA,Educación
2020-10-01,111.9993223269,TARIJA,Educación
2020-11-01,111.9993223269,TARIJA,Educación
2020-12-01,111.9993223269,TARIJA,Educación
2021-01-01,120.8279014992,TARIJA,Educación
2021-02-01,124.3410472805,TARIJA,Educación
2021-03-01,108.2312649992,TARIJA,Educación
2021-04-01,108.2312649992,TARIJA,Educación
2021-05-01,108.2313463521,TARIJA,Educación
2021-06-01,108.231346349,TARIJA,Educación
2021-07-01,108.2313463,TARIJA,Educación
2021-08-01,108.231346349,TARIJA,Educación
2021-09-01,108.231346349,TARIJA,Educación
2021-10-01,108.231346349,TARIJA,Educación
2021-11-01,108.231346349,TARIJA,Educación
2021-12-01,108.231346349,TARIJA,Educación
2022-01-01,127.0123704862,TARIJA,Educación
2022-02-01,124.3344215386,TARIJA,Educación
2022-03-01,123.2967376394,TARIJA,Educación
2022-04-01,123.1982542615,TARIJA,Educación
2022-05-01,123.1982542615,TARIJA,Educación
2022-06-01,123.1982542615,TARIJA,Educación
2022-07-01,123.1982542615,TARIJA,Educación
2022-08-01,123.1982542615,TARIJA,Educación
2022-09-01,123.1982542615,TARIJA,Educación
2022-10-01,123.1982542615,TARIJA,Educación
2022-11-01,123.1982543,TARIJA,Educación
2022-12-01,123.1982542615,TARIJA,Educación
2023-01-01,123.2873951763,TARIJA,Educación
2023-02-01,123.4910620176,TARIJA,Educación
2023-03-01,123.4910620176,TARIJA,Educación
2023-04-01,123.4910620176,TARIJA,Educación
2023-05-01,123.4910620176,TARIJA,Educación
2023-06-01,123.4910620176,TARIJA,Educación
2023-07-01,123.5982535,TARIJA,Educación
2023-08-01,123.5982190261,TARIJA,Educación
2023-09-01,123.5982190261,TARIJA,Educación
2023-10-01,123.5982190261,TARIJA,Educación
2023-11-01,123.598219,TARIJA,Educación
2023-12-01,123.5982190261,TARIJA,Educación
2024-01-01,123.5982190261,TARIJA,Educación
2024-02-01,123.4914403,TARIJA,Educación
2024-03-01,123.50204425,TARIJA,Educación
2024-04-01,123.50204425,TARIJA,Educación
2024-05-01,123.50204425,TARIJA,Educación
2024-06-01,123.50204425,TARIJA,Educación
2024-07-01,123.50204425,TARIJA,Educación
2024-08-01,123.4656833111,TARIJA,Educación
2024-09-01,123.4656833111,TARIJA,Educación
2024-10-01,123.4656833111,TARIJA,Educación
2024-11-01,123.4656833111,TARIJA,Educación
2024-12-01,123.4656833111,TARIJA,Educación
2025-01-01,125.020010115,TARIJA,Educación
2025-02-01,125.2519630489,TARIJA,Educación
2025-03-01,125.251963052,TARIJA,Educación
2025-04-01,125.251963052,TARIJA,Educación
2025-05-01,125.251963052,TARIJA,Educación
2025-06-01,125.251963052,TARIJA,Educación
2025-07-01,125.251963052,TARIJA,Educación
2025-08-01,125.251963052,TARIJA,Educación
2025-09-01,125.251963052,TARIJA,Educación
2025-10-01,125.251963052,TARIJA,Educación
2025-11-01,125.251963052,TARIJA,Educación
2025-12-01,125.251963052,TARIJA,Educación
2026-01-01,126.6440582634,TARIJA,Educación
2026-02-01,127.6397370657,TARIJA,Educación
2026-03-01,128.0315550563,TARIJA,Educación
2026-04-01,128.0315550594,TARIJA,Educación
2026-05-01,128.0315550594,TARIJA,Educación
2026-06-01,128.0315550594,TARIJA,Educación
2026-07-01,128.0315550594,TARIJA,Educación
2018-01-01,97.2287909964,TARIJA,"Muebles, bienes y servicios domésticos"
2018-02-01,97.3790182191,TARIJA,"Muebles, bienes y servicios domésticos"
2018-03-01,97.5373211648,TARIJA,"Muebles, bienes y servicios domésticos"
2018-04-01,98.1100694326,TARIJA,"Muebles, bienes y servicios domésticos"
2018-05-01,97.926281619,TARIJA,"Muebles, bienes y servicios domésticos"
2018-06-01,97.7973246153,TARIJA,"Muebles, bienes y servicios domésticos"
2018-07-01,97.6942626585,TARIJA,"Muebles, bienes y servicios domésticos"
2018-08-01,98.17047213,TARIJA,"Muebles, bienes y servicios domésticos"
2018-09-01,98.4111848048,TARIJA,"Muebles, bienes y servicios domésticos"
2018-10-01,98.2676268024,TARIJA,"Muebles, bienes y servicios domésticos"
2018-11-01,98.7033986835,TARIJA,"Muebles, bienes y servicios domésticos"
2018-12-01,98.7799182817,TARIJA,"Muebles, bienes y servicios domésticos"
2019-01-01,98.9002178019,TARIJA,"Muebles, bienes y servicios domésticos"
2019-02-01,99.0525476026,TARIJA,"Muebles, bienes y servicios domésticos"
2019-03-01,99.4436089169,TARIJA,"Muebles, bienes y servicios domésticos"
2019-04-01,99.2348068207,TARIJA,"Muebles, bienes y servicios domésticos"
2019-05-01,99.3092206651,TARIJA,"Muebles, bienes y servicios domésticos"
2019-06-01,98.8411209913,TARIJA,"Muebles, bienes y servicios domésticos"
2019-07-01,98.550164001,TARIJA,"Muebles, bienes y servicios domésticos"
2019-08-01,98.5229645574,TARIJA,"Muebles, bienes y servicios domésticos"
2019-09-01,98.3960869658,TARIJA,"Muebles, bienes y servicios domésticos"
2019-10-01,98.6965841812,TARIJA,"Muebles, bienes y servicios domésticos"
2019-11-01,98.5807437524,TARIJA,"Muebles, bienes y servicios domésticos"
2019-12-01,98.9203568614,TARIJA,"Muebles, bienes y servicios domésticos"
2020-01-01,98.7006584622,TARIJA,"Muebles, bienes y servicios domésticos"
2020-02-01,98.7623839954,TARIJA,"Muebles, bienes y servicios domésticos"
2020-03-01,98.8405765411,TARIJA,"Muebles, bienes y servicios domésticos"
2020-04-01,98.9482445602,TARIJA,"Muebles, bienes y servicios domésticos"
2020-05-01,99.0672749236,TARIJA,"Muebles, bienes y servicios domésticos"
2020-06-01,98.7761163898,TARIJA,"Muebles, bienes y servicios domésticos"
2020-07-01,98.9100273939,TARIJA,"Muebles, bienes y servicios domésticos"
2020-08-01,98.9254340865,TARIJA,"Muebles, bienes y servicios domésticos"
2020-09-01,98.528961273,TARIJA,"Muebles, bienes y servicios domésticos"
2020-10-01,98.3392143777,TARIJA,"Muebles, bienes y servicios domésticos"
2020-11-01,98.4053121698,TARIJA,"Muebles, bienes y servicios domésticos"
2020-12-01,98.317643794,TARIJA,"Muebles, bienes y servicios domésticos"
2021-01-01,98.1708389455,TARIJA,"Muebles, bienes y servicios domésticos"
2021-02-01,97.8905135572,TARIJA,"Muebles, bienes y servicios domésticos"
2021-03-01,98.0015072796,TARIJA,"Muebles, bienes y servicios domésticos"
2021-04-01,97.8862724229,TARIJA,"Muebles, bienes y servicios domésticos"
2021-05-01,97.6933591027,TARIJA,"Muebles, bienes y servicios domésticos"
2021-06-01,97.6935079524,TARIJA,"Muebles, bienes y servicios domésticos"
2021-07-01,97.16973057,TARIJA,"Muebles, bienes y servicios domésticos"
2021-08-01,97.1788152687,TARIJA,"Muebles, bienes y servicios domésticos"
2021-09-01,97.33986114,TARIJA,"Muebles, bienes y servicios domésticos"
2021-10-01,97.2995921063,TARIJA,"Muebles, bienes y servicios domésticos"
2021-11-01,97.0681617094,TARIJA,"Muebles, bienes y servicios domésticos"
2021-12-01,96.9379228655,TARIJA,"Muebles, bienes y servicios domésticos"
2022-01-01,96.8258939551,TARIJA,"Muebles, bienes y servicios domésticos"
2022-02-01,96.6851580286,TARIJA,"Muebles, bienes y servicios domésticos"
2022-03-01,96.6728078495,TARIJA,"Muebles, bienes y servicios domésticos"
2022-04-01,96.7571144375,TARIJA,"Muebles, bienes y servicios domésticos"
2022-05-01,96.7621087459,TARIJA,"Muebles, bienes y servicios domésticos"
2022-06-01,96.7661438942,TARIJA,"Muebles, bienes y servicios domésticos"
2022-07-01,96.5425777267,TARIJA,"Muebles, bienes y servicios domésticos"
2022-08-01,96.657675258,TARIJA,"Muebles, bienes y servicios domésticos"
2022-09-01,96.6735518975,TARIJA,"Muebles, bienes y servicios domésticos"
2022-10-01,97.3519143598,TARIJA,"Muebles, bienes y servicios domésticos"
2022-11-01,97.51476673,TARIJA,"Muebles, bienes y servicios domésticos"
2022-12-01,97.8972641853,TARIJA,"Muebles, bienes y servicios domésticos"
2023-01-01,98.1457524883,TARIJA,"Muebles, bienes y servicios domésticos"
2023-02-01,97.9255166915,TARIJA,"Muebles, bienes y servicios domésticos"
2023-03-01,98.1103893866,TARIJA,"Muebles, bienes y servicios domésticos"
2023-04-01,98.0698035371,TARIJA,"Muebles, bienes y servicios domésticos"
2023-05-01,98.2490181592,TARIJA,"Muebles, bienes y servicios domésticos"
2023-06-01,98.3515244463,TARIJA,"Muebles, bienes y servicios domésticos"
2023-07-01,98.28778388,TARIJA,"Muebles, bienes y servicios domésticos"
2023-08-01,98.434357769,TARIJA,"Muebles, bienes y servicios domésticos"
2023-09-01,98.2316397665,TARIJA,"Muebles, bienes y servicios domésticos"
2023-10-01,98.8242636537,TARIJA,"Muebles, bienes y servicios domésticos"
2023-11-01,99.0529145,TARIJA,"Muebles, bienes y servicios domésticos"
2023-12-01,98.9863668575,TARIJA,"Muebles, bienes y servicios domésticos"
2024-01-01,99.333189209,TARIJA,"Muebles, bienes y servicios domésticos"
2024-02-01,99.89407597,TARIJA,"Muebles, bienes y servicios domésticos"
2024-03-01,101.924821371,TARIJA,"Muebles, bienes y servicios domésticos"
2024-04-01,102.4749820551,TARIJA,"Muebles, bienes y servicios domésticos"
2024-05-01,102.583093527,TARIJA,"Muebles, bienes y servicios domésticos"
2024-06-01,102.6224520481,TARIJA,"Muebles, bienes y servicios domésticos"
2024-07-01,103.1980260959,TARIJA,"Muebles, bienes y servicios domésticos"
2024-08-01,106.2869334831,TARIJA,"Muebles, bienes y servicios domésticos"
2024-09-01,107.6930466526,TARIJA,"Muebles, bienes y servicios domésticos"
2024-10-01,109.2554720497,TARIJA,"Muebles, bienes y servicios domésticos"
2024-11-01,111.4042912705,TARIJA,"Muebles, bienes y servicios domésticos"
2024-12-01,112.2983971713,TARIJA,"Muebles, bienes y servicios domésticos"
2025-01-01,113.7619786525,TARIJA,"Muebles, bienes y servicios domésticos"
2025-02-01,116.4680298898,TARIJA,"Muebles, bienes y servicios domésticos"
2025-03-01,117.1694071563,TARIJA,"Muebles, bienes y servicios domésticos"
2025-04-01,117.8223474248,TARIJA,"Muebles, bienes y servicios domésticos"
2025-05-01,121.8321876985,TARIJA,"Muebles, bienes y servicios domésticos"
2025-06-01,133.2537787922,TARIJA,"Muebles, bienes y servicios domésticos"
2025-07-01,142.1444052164,TARIJA,"Muebles, bienes y servicios domésticos"
2025-08-01,145.2366259151,TARIJA,"Muebles, bienes y servicios domésticos"
2025-09-01,144.8095242937,TARIJA,"Muebles, bienes y servicios domésticos"
2025-10-01,143.2038897492,TARIJA,"Muebles, bienes y servicios domésticos"
2025-11-01,142.7897702701,TARIJA,"Muebles, bienes y servicios domésticos"
2025-12-01,139.8249717568,TARIJA,"Muebles, bienes y servicios domésticos"
2026-01-01,141.1877404309,TARIJA,"Muebles, bienes y servicios domésticos"
2026-02-01,146.1106023016,TARIJA,"Muebles, bienes y servicios domésticos"
2026-03-01,144.0416187471,TARIJA,"Muebles, bienes y servicios domésticos"
2026-04-01,143.0487051773,TARIJA,"Muebles, bienes y servicios domésticos"
2026-05-01,143.8317310106,TARIJA,"Muebles, bienes y servicios domésticos"
2026-06-01,143.3894853112,TARIJA,"Muebles, bienes y servicios domésticos"
2026-07-01,143.9964791316,TARIJA,"Muebles, bienes y servicios domésticos"
2018-01-01,95.8158898478,TARIJA,Prendas de vestir y calzado
2018-02-01,95.335680358,TARIJA,Prendas de vestir y calzado
2018-03-01,94.4592029186,TARIJA,Prendas de vestir y calzado
2018-04-01,94.3170063109,TARIJA,Prendas de vestir y calzado
2018-05-01,94.3089496798,TARIJA,Prendas de vestir y calzado
2018-06-01,93.9374155197,TARIJA,Prendas de vestir y calzado
2018-07-01,94.3284826504,TARIJA,Prendas de vestir y calzado
2018-08-01,95.0415600752,TARIJA,Prendas de vestir y calzado
2018-09-01,94.9037360926,TARIJA,Prendas de vestir y calzado
2018-10-01,94.4408775619,TARIJA,Prendas de vestir y calzado
2018-11-01,94.3597080588,TARIJA,Prendas de vestir y calzado
2018-12-01,94.729748794,TARIJA,Prendas de vestir y calzado
2019-01-01,95.0664120485,TARIJA,Prendas de vestir y calzado
2019-02-01,95.0740621146,TARIJA,Prendas de vestir y calzado
2019-03-01,95.1009220197,TARIJA,Prendas de vestir y calzado
2019-04-01,94.7859275895,TARIJA,Prendas de vestir y calzado
2019-05-01,94.9263905594,TARIJA,Prendas de vestir y calzado
2019-06-01,94.339662926,TARIJA,Prendas de vestir y calzado
2019-07-01,94.6277014637,TARIJA,Prendas de vestir y calzado
2019-08-01,94.5609775282,TARIJA,Prendas de vestir y calzado
2019-09-01,94.4862058095,TARIJA,Prendas de vestir y calzado
2019-10-01,94.285889566,TARIJA,Prendas de vestir y calzado
2019-11-01,93.5347987717,TARIJA,Prendas de vestir y calzado
2019-12-01,93.4713395053,TARIJA,Prendas de vestir y calzado
2020-01-01,93.6232406627,TARIJA,Prendas de vestir y calzado
2020-02-01,93.2814894256,TARIJA,Prendas de vestir y calzado
2020-03-01,93.186489648,TARIJA,Prendas de vestir y calzado
2020-04-01,93.1864896495,TARIJA,Prendas de vestir y calzado
2020-05-01,93.1763761054,TARIJA,Prendas de vestir y calzado
2020-06-01,92.4655790486,TARIJA,Prendas de vestir y calzado
2020-07-01,92.8531488486,TARIJA,Prendas de vestir y calzado
2020-08-01,92.9203249318,TARIJA,Prendas de vestir y calzado
2020-09-01,92.9300511678,TARIJA,Prendas de vestir y calzado
2020-10-01,92.6217117893,TARIJA,Prendas de vestir y calzado
2020-11-01,92.5153425601,TARIJA,Prendas de vestir y calzado
2020-12-01,92.1986421224,TARIJA,Prendas de vestir y calzado
2021-01-01,92.2153629827,TARIJA,Prendas de vestir y calzado
2021-02-01,91.9274962219,TARIJA,Prendas de vestir y calzado
2021-03-01,91.6179600819,TARIJA,Prendas de vestir y calzado
2021-04-01,91.4227040825,TARIJA,Prendas de vestir y calzado
2021-05-01,90.6503601627,TARIJA,Prendas de vestir y calzado
2021-06-01,90.5616179223,TARIJA,Prendas de vestir y calzado
2021-07-01,90.32807675,TARIJA,Prendas de vestir y calzado
2021-08-01,90.0463357922,TARIJA,Prendas de vestir y calzado
2021-09-01,89.7173091286,TARIJA,Prendas de vestir y calzado
2021-10-01,89.7862683997,TARIJA,Prendas de vestir y calzado
2021-11-01,90.0392726841,TARIJA,Prendas de vestir y calzado
2021-12-01,90.0440496965,TARIJA,Prendas de vestir y calzado
2022-01-01,90.1733306614,TARIJA,Prendas de vestir y calzado
2022-02-01,90.2994771293,TARIJA,Prendas de vestir y calzado
2022-03-01,90.2978337144,TARIJA,Prendas de vestir y calzado
2022-04-01,90.2766791342,TARIJA,Prendas de vestir y calzado
2022-05-01,90.1722368854,TARIJA,Prendas de vestir y calzado
2022-06-01,90.2330750906,TARIJA,Prendas de vestir y calzado
2022-07-01,90.3889392865,TARIJA,Prendas de vestir y calzado
2022-08-01,90.2064347768,TARIJA,Prendas de vestir y calzado
2022-09-01,90.1152877422,TARIJA,Prendas de vestir y calzado
2022-10-01,90.1451740571,TARIJA,Prendas de vestir y calzado
2022-11-01,90.30269749,TARIJA,Prendas de vestir y calzado
2022-12-01,91.0138607458,TARIJA,Prendas de vestir y calzado
2023-01-01,91.1333819606,TARIJA,Prendas de vestir y calzado
2023-02-01,90.8115656829,TARIJA,Prendas de vestir y calzado
2023-03-01,90.8311541521,TARIJA,Prendas de vestir y calzado
2023-04-01,90.7729251525,TARIJA,Prendas de vestir y calzado
2023-05-01,91.1083324517,TARIJA,Prendas de vestir y calzado
2023-06-01,91.1859351109,TARIJA,Prendas de vestir y calzado
2023-07-01,90.84532929,TARIJA,Prendas de vestir y calzado
2023-08-01,90.9491822913,TARIJA,Prendas de vestir y calzado
2023-09-01,91.3765362383,TARIJA,Prendas de vestir y calzado
2023-10-01,91.4237326974,TARIJA,Prendas de vestir y calzado
2023-11-01,91.39205825,TARIJA,Prendas de vestir y calzado
2023-12-01,91.4767746715,TARIJA,Prendas de vestir y calzado
2024-01-01,91.9314217112,TARIJA,Prendas de vestir y calzado
2024-02-01,92.75956704,TARIJA,Prendas de vestir y calzado
2024-03-01,93.2052448479,TARIJA,Prendas de vestir y calzado
2024-04-01,93.3934767691,TARIJA,Prendas de vestir y calzado
2024-05-01,93.0001993708,TARIJA,Prendas de vestir y calzado
2024-06-01,92.9239252804,TARIJA,Prendas de vestir y calzado
2024-07-01,92.4592031422,TARIJA,Prendas de vestir y calzado
2024-08-01,92.7977971404,TARIJA,Prendas de vestir y calzado
2024-09-01,94.4395456471,TARIJA,Prendas de vestir y calzado
2024-10-01,96.1907459607,TARIJA,Prendas de vestir y calzado
2024-11-01,95.9716524276,TARIJA,Prendas de vestir y calzado
2024-12-01,97.8130051369,TARIJA,Prendas de vestir y calzado
2025-01-01,99.1611861,TARIJA,Prendas de vestir y calzado
2025-02-01,100.4980057579,TARIJA,Prendas de vestir y calzado
2025-03-01,100.6967007611,TARIJA,Prendas de vestir y calzado
2025-04-01,101.9471179461,TARIJA,Prendas de vestir y calzado
2025-05-01,106.0664637747,TARIJA,Prendas de vestir y calzado
2025-06-01,115.0643489161,TARIJA,Prendas de vestir y calzado
2025-07-01,118.7552967202,TARIJA,Prendas de vestir y calzado
2025-08-01,121.6748124003,TARIJA,Prendas de vestir y calzado
2025-09-01,121.5848495066,TARIJA,Prendas de vestir y calzado
2025-10-01,121.1494190783,TARIJA,Prendas de vestir y calzado
2025-11-01,120.9154843949,TARIJA,Prendas de vestir y calzado
2025-12-01,120.7778405147,TARIJA,Prendas de vestir y calzado
2026-01-01,120.6590236596,TARIJA,Prendas de vestir y calzado
2026-02-01,120.0600852378,TARIJA,Prendas de vestir y calzado
2026-03-01,120.9717648219,TARIJA,Prendas de vestir y calzado
2026-04-01,119.7190056779,TARIJA,Prendas de vestir y calzado
2026-05-01,119.3408321993,TARIJA,Prendas de vestir y calzado
2026-06-01,121.2943074054,TARIJA,Prendas de vestir y calzado
2026-07-01,119.7192017206,TARIJA,Prendas de vestir y calzado
2018-01-01,97.3591633091,TARIJA,Recreación y cultura
2018-02-01,98.7324805883,TARIJA,Recreación y cultura
2018-03-01,99.1115301172,TARIJA,Recreación y cultura
2018-04-01,99.0823315931,TARIJA,Recreación y cultura
2018-05-01,99.6424903596,TARIJA,Recreación y cultura
2018-06-01,99.6376759057,TARIJA,Recreación y cultura
2018-07-01,99.7895844009,TARIJA,Recreación y cultura
2018-08-01,99.8866246338,TARIJA,Recreación y cultura
2018-09-01,99.7588907498,TARIJA,Recreación y cultura
2018-10-01,99.4413806332,TARIJA,Recreación y cultura
2018-11-01,99.4889697158,TARIJA,Recreación y cultura
2018-12-01,99.1796007106,TARIJA,Recreación y cultura
2019-01-01,99.1848857915,TARIJA,Recreación y cultura
2019-02-01,99.1540560673,TARIJA,Recreación y cultura
2019-03-01,99.1287070087,TARIJA,Recreación y cultura
2019-04-01,99.3799011436,TARIJA,Recreación y cultura
2019-05-01,99.1875432024,TARIJA,Recreación y cultura
2019-06-01,98.8453631228,TARIJA,Recreación y cultura
2019-07-01,98.6143027538,TARIJA,Recreación y cultura
2019-08-01,98.8532794435,TARIJA,Recreación y cultura
2019-09-01,98.9070627129,TARIJA,Recreación y cultura
2019-10-01,98.9596712996,TARIJA,Recreación y cultura
2019-11-01,98.7170128138,TARIJA,Recreación y cultura
2019-12-01,98.823482722,TARIJA,Recreación y cultura
2020-01-01,98.7696966197,TARIJA,Recreación y cultura
2020-02-01,98.7136691749,TARIJA,Recreación y cultura
2020-03-01,98.5637652625,TARIJA,Recreación y cultura
2020-04-01,98.5637652625,TARIJA,Recreación y cultura
2020-05-01,98.5637652625,TARIJA,Recreación y cultura
2020-06-01,98.7973164043,TARIJA,Recreación y cultura
2020-07-01,99.1157176881,TARIJA,Recreación y cultura
2020-08-01,99.105915193,TARIJA,Recreación y cultura
2020-09-01,99.5228355053,TARIJA,Recreación y cultura
2020-10-01,99.2759001589,TARIJA,Recreación y cultura
2020-11-01,99.1857943512,TARIJA,Recreación y cultura
2020-12-01,99.2426340649,TARIJA,Recreación y cultura
2021-01-01,99.7160546708,TARIJA,Recreación y cultura
2021-02-01,99.6388943202,TARIJA,Recreación y cultura
2021-03-01,99.6443702475,TARIJA,Recreación y cultura
2021-04-01,98.8846163368,TARIJA,Recreación y cultura
2021-05-01,98.9724998037,TARIJA,Recreación y cultura
2021-06-01,98.7727278503,TARIJA,Recreación y cultura
2021-07-01,99.01020544,TARIJA,Recreación y cultura
2021-08-01,98.8479509844,TARIJA,Recreación y cultura
2021-09-01,98.8884035707,TARIJA,Recreación y cultura
2021-10-01,99.2076017623,TARIJA,Recreación y cultura
2021-11-01,99.1722877312,TARIJA,Recreación y cultura
2021-12-01,99.1652890579,TARIJA,Recreación y cultura
2022-01-01,99.0120340963,TARIJA,Recreación y cultura
2022-02-01,98.858382227,TARIJA,Recreación y cultura
2022-03-01,99.0136742306,TARIJA,Recreación y cultura
2022-04-01,98.7546303357,TARIJA,Recreación y cultura
2022-05-01,98.5407234036,TARIJA,Recreación y cultura
2022-06-01,98.4497447968,TARIJA,Recreación y cultura
2022-07-01,98.2897651284,TARIJA,Recreación y cultura
2022-08-01,97.8838380068,TARIJA,Recreación y cultura
2022-09-01,97.7105758758,TARIJA,Recreación y cultura
2022-10-01,97.549391419,TARIJA,Recreación y cultura
2022-11-01,97.05291663,TARIJA,Recreación y cultura
2022-12-01,97.1048571178,TARIJA,Recreación y cultura
2023-01-01,96.9849141283,TARIJA,Recreación y cultura
2023-02-01,96.7996870081,TARIJA,Recreación y cultura
2023-03-01,96.8672601795,TARIJA,Recreación y cultura
2023-04-01,97.1640570639,TARIJA,Recreación y cultura
2023-05-01,97.2064316611,TARIJA,Recreación y cultura
2023-06-01,97.27744696,TARIJA,Recreación y cultura
2023-07-01,97.32734333,TARIJA,Recreación y cultura
2023-08-01,97.3391815182,TARIJA,Recreación y cultura
2023-09-01,97.2420035105,TARIJA,Recreación y cultura
2023-10-01,97.2035823279,TARIJA,Recreación y cultura
2023-11-01,97.15260521,TARIJA,Recreación y cultura
2023-12-01,96.9696896775,TARIJA,Recreación y cultura
2024-01-01,96.9630727434,TARIJA,Recreación y cultura
2024-02-01,97.22997801,TARIJA,Recreación y cultura
2024-03-01,97.1420227494,TARIJA,Recreación y cultura
2024-04-01,97.2757225725,TARIJA,Recreación y cultura
2024-05-01,97.5549069251,TARIJA,Recreación y cultura
2024-06-01,97.1483688038,TARIJA,Recreación y cultura
2024-07-01,97.451924741,TARIJA,Recreación y cultura
2024-08-01,100.0061358455,TARIJA,Recreación y cultura
2024-09-01,99.332960436,TARIJA,Recreación y cultura
2024-10-01,98.9825274782,TARIJA,Recreación y cultura
2024-11-01,98.8818980311,TARIJA,Recreación y cultura
2024-12-01,98.8054073641,TARIJA,Recreación y cultura
2025-01-01,103.332938595,TARIJA,Recreación y cultura
2025-02-01,105.896336575,TARIJA,Recreación y cultura
2025-03-01,105.5618913668,TARIJA,Recreación y cultura
2025-04-01,104.8936420353,TARIJA,Recreación y cultura
2025-05-01,107.5127239664,TARIJA,Recreación y cultura
2025-06-01,107.6908379488,TARIJA,Recreación y cultura
2025-07-01,105.8770000298,TARIJA,Recreación y cultura
2025-08-01,109.8349760096,TARIJA,Recreación y cultura
2025-09-01,104.3994727031,TARIJA,Recreación y cultura
2025-10-01,103.3604958073,TARIJA,Recreación y cultura
2025-11-01,102.8758501413,TARIJA,Recreación y cultura
2025-12-01,101.9299836222,TARIJA,Recreación y cultura
2026-01-01,107.1957244574,TARIJA,Recreación y cultura
2026-02-01,107.847009808,TARIJA,Recreación y cultura
2026-03-01,106.3698981554,TARIJA,Recreación y cultura
2026-04-01,106.8697730735,TARIJA,Recreación y cultura
2026-05-01,107.0287286215,TARIJA,Recreación y cultura
2026-06-01,106.0632179613,TARIJA,Recreación y cultura
2026-07-01,107.0859993112,TARIJA,Recreación y cultura
2018-01-01,99.7141365502,TARIJA,Salud
2018-02-01,99.7786088812,TARIJA,Salud
2018-03-01,100.3757577921,TARIJA,Salud
2018-04-01,100.0551080838,TARIJA,Salud
2018-05-01,101.3180948776,TARIJA,Salud
2018-06-01,101.7188628054,TARIJA,Salud
2018-07-01,101.5871480641,TARIJA,Salud
2018-08-01,102.3837071816,TARIJA,Salud
2018-09-01,102.4719814613,TARIJA,Salud
2018-10-01,102.6456350491,TARIJA,Salud
2018-11-01,102.8579440396,TARIJA,Salud
2018-12-01,103.1454190668,TARIJA,Salud
2019-01-01,103.3884497691,TARIJA,Salud
2019-02-01,103.7100584948,TARIJA,Salud
2019-03-01,103.9670529561,TARIJA,Salud
2019-04-01,104.3006313932,TARIJA,Salud
2019-05-01,104.243653739,TARIJA,Salud
2019-06-01,104.0233728808,TARIJA,Salud
2019-07-01,103.9470967435,TARIJA,Salud
2019-08-01,103.9610717254,TARIJA,Salud
2019-09-01,104.0892059788,TARIJA,Salud
2019-10-01,103.8169648343,TARIJA,Salud
2019-11-01,103.8131730087,TARIJA,Salud
2019-12-01,103.7030651539,TARIJA,Salud
2020-01-01,103.7713743053,TARIJA,Salud
2020-02-01,103.8325715249,TARIJA,Salud
2020-03-01,104.1565932103,TARIJA,Salud
2020-04-01,103.7409463154,TARIJA,Salud
2020-05-01,103.677785893,TARIJA,Salud
2020-06-01,104.713048214,TARIJA,Salud
2020-07-01,105.7464159673,TARIJA,Salud
2020-08-01,106.3216577617,TARIJA,Salud
2020-09-01,107.864863629,TARIJA,Salud
2020-10-01,107.149136885,TARIJA,Salud
2020-11-01,106.9959928168,TARIJA,Salud
2020-12-01,106.8936019106,TARIJA,Salud
2021-01-01,107.5206853638,TARIJA,Salud
2021-02-01,107.6742690177,TARIJA,Salud
2021-03-01,107.7838810721,TARIJA,Salud
2021-04-01,107.4282195547,TARIJA,Salud
2021-05-01,106.8632846387,TARIJA,Salud
2021-06-01,107.601652658,TARIJA,Salud
2021-07-01,107.1107125,TARIJA,Salud
2021-08-01,107.1312145107,TARIJA,Salud
2021-09-01,107.0362205797,TARIJA,Salud
2021-10-01,107.0162860803,TARIJA,Salud
2021-11-01,107.0532051968,TARIJA,Salud
2021-12-01,107.0532051968,TARIJA,Salud
2022-01-01,107.0737601915,TARIJA,Salud
2022-02-01,107.1190318687,TARIJA,Salud
2022-03-01,107.3760275459,TARIJA,Salud
2022-04-01,107.1890102763,TARIJA,Salud
2022-05-01,107.2728749649,TARIJA,Salud
2022-06-01,107.9462272346,TARIJA,Salud
2022-07-01,108.2258595058,TARIJA,Salud
2022-08-01,108.2638583312,TARIJA,Salud
2022-09-01,108.3813638269,TARIJA,Salud
2022-10-01,108.2951266745,TARIJA,Salud
2022-11-01,108.2951267,TARIJA,Salud
2022-12-01,108.4173650908,TARIJA,Salud
2023-01-01,108.5162661523,TARIJA,Salud
2023-02-01,108.7053001401,TARIJA,Salud
2023-03-01,108.6975210766,TARIJA,Salud
2023-04-01,109.1032374545,TARIJA,Salud
2023-05-01,109.251631391,TARIJA,Salud
2023-06-01,109.3116914194,TARIJA,Salud
2023-07-01,109.276589,TARIJA,Salud
2023-08-01,109.1355190693,TARIJA,Salud
2023-09-01,109.0582661624,TARIJA,Salud
2023-10-01,109.089905204,TARIJA,Salud
2023-11-01,109.1996778,TARIJA,Salud
2023-12-01,110.4921244879,TARIJA,Salud
2024-01-01,110.9400004063,TARIJA,Salud
2024-02-01,111.4752295,TARIJA,Salud
2024-03-01,114.4183835299,TARIJA,Salud
2024-04-01,114.4778525155,TARIJA,Salud
2024-05-01,115.9908976109,TARIJA,Salud
2024-06-01,115.4617673032,TARIJA,Salud
2024-07-01,115.2463402909,TARIJA,Salud
2024-08-01,115.3087977093,TARIJA,Salud
2024-09-01,115.7287673792,TARIJA,Salud
2024-10-01,116.8042556362,TARIJA,Salud
2024-11-01,117.2439205505,TARIJA,Salud
2024-12-01,117.9680122423,TARIJA,Salud
2025-01-01,118.8621184301,TARIJA,Salud
2025-02-01,120.4368568251,TARIJA,Salud
2025-03-01,120.5353731932,TARIJA,Salud
2025-04-01,122.3731745433,TARIJA,Salud
2025-05-01,124.447221355,TARIJA,Salud
2025-06-01,128.5265366702,TARIJA,Salud
2025-07-01,131.0961598777,TARIJA,Salud
2025-08-01,135.0365091214,TARIJA,Salud
2025-09-01,135.8368485954,TARIJA,Salud
2025-10-01,135.3891434579,TARIJA,Salud
2025-11-01,135.3781601919,TARIJA,Salud
2025-12-01,135.7455604885,TARIJA,Salud
2026-01-01,137.4126113023,TARIJA,Salud
2026-02-01,138.7764360604,TARIJA,Salud
2026-03-01,137.7608911833,TARIJA,Salud
2026-04-01,138.3552277862,TARIJA,Salud
2026-05-01,139.2102933549,TARIJA,Salud
2026-06-01,139.6724534678,TARIJA,Salud
2026-07-01,140.1701599473,TARIJA,Salud
2018-01-01,106.2939352641,TARIJA,Transporte
2018-02-01,105.5640270743,TARIJA,Transporte
2018-03-01,105.1394522657,TARIJA,Transporte
2018-04-01,104.7301842859,TARIJA,Transporte
2018-05-01,104.5552879197,TARIJA,Transporte
2018-06-01,105.2791851468,TARIJA,Transporte
2018-07-01,105.5460789561,TARIJA,Transporte
2018-08-01,104.7828218728,TARIJA,Transporte
2018-09-01,105.2122567251,TARIJA,Transporte
2018-10-01,104.9444431175,TARIJA,Transporte
2018-11-01,105.5646956941,TARIJA,Transporte
2018-12-01,105.9751630907,TARIJA,Transporte
2019-01-01,106.9941195177,TARIJA,Transporte
2019-02-01,105.9905692104,TARIJA,Transporte
2019-03-01,106.0620834254,TARIJA,Transporte
2019-04-01,106.1179199792,TARIJA,Transporte
2019-05-01,104.878580828,TARIJA,Transporte
2019-06-01,105.3831972563,TARIJA,Transporte
2019-07-01,105.9778590329,TARIJA,Transporte
2019-08-01,105.6325663324,TARIJA,Transporte
2019-09-01,105.4003697217,TARIJA,Transporte
2019-10-01,105.5405927221,TARIJA,Transporte
2019-11-01,105.6008417406,TARIJA,Transporte
2019-12-01,106.4383704022,TARIJA,Transporte
2020-01-01,107.3914494613,TARIJA,Transporte
2020-02-01,106.6782519092,TARIJA,Transporte
2020-03-01,106.270818102,TARIJA,Transporte
2020-04-01,106.270818102,TARIJA,Transporte
2020-05-01,106.2729202381,TARIJA,Transporte
2020-06-01,106.279633541,TARIJA,Transporte
2020-07-01,106.2367186533,TARIJA,Transporte
2020-08-01,106.2186161683,TARIJA,Transporte
2020-09-01,107.0461438471,TARIJA,Transporte
2020-10-01,106.8416183485,TARIJA,Transporte
2020-11-01,106.5562423446,TARIJA,Transporte
2020-12-01,107.2741331579,TARIJA,Transporte
2021-01-01,106.9087468368,TARIJA,Transporte
2021-02-01,106.5953208826,TARIJA,Transporte
2021-03-01,106.1587033349,TARIJA,Transporte
2021-04-01,106.1741264122,TARIJA,Transporte
2021-05-01,105.7390002857,TARIJA,Transporte
2021-06-01,105.9863348076,TARIJA,Transporte
2021-07-01,106.7319009,TARIJA,Transporte
2021-08-01,106.8103966245,TARIJA,Transporte
2021-09-01,107.144463281,TARIJA,Transporte
2021-10-01,107.4348595107,TARIJA,Transporte
2021-11-01,108.1164958017,TARIJA,Transporte
2021-12-01,109.5941527091,TARIJA,Transporte
2022-01-01,109.0294725051,TARIJA,Transporte
2022-02-01,107.8797840559,TARIJA,Transporte
2022-03-01,107.817660349,TARIJA,Transporte
2022-04-01,108.0730155529,TARIJA,Transporte
2022-05-01,107.7930094596,TARIJA,Transporte
2022-06-01,107.7406919418,TARIJA,Transporte
2022-07-01,109.3606780724,TARIJA,Transporte
2022-08-01,108.1916952291,TARIJA,Transporte
2022-09-01,108.4133340376,TARIJA,Transporte
2022-10-01,108.5361088624,TARIJA,Transporte
2022-11-01,108.6223351,TARIJA,Transporte
2022-12-01,110.482311076,TARIJA,Transporte
2023-01-01,110.8443916981,TARIJA,Transporte
2023-02-01,109.4263447469,TARIJA,Transporte
2023-03-01,108.5031701143,TARIJA,Transporte
2023-04-01,108.8613656987,TARIJA,Transporte
2023-05-01,108.9605402766,TARIJA,Transporte
2023-06-01,108.7756305048,TARIJA,Transporte
2023-07-01,110.5315007,TARIJA,Transporte
2023-08-01,109.3183751536,TARIJA,Transporte
2023-09-01,109.1807365623,TARIJA,Transporte
2023-10-01,109.3815524558,TARIJA,Transporte
2023-11-01,109.2742388,TARIJA,Transporte
2023-12-01,110.750119495,TARIJA,Transporte
2024-01-01,111.8488876941,TARIJA,Transporte
2024-02-01,110.6337024,TARIJA,Transporte
2024-03-01,109.6514319593,TARIJA,Transporte
2024-04-01,109.7103098835,TARIJA,Transporte
2024-05-01,109.4350467961,TARIJA,Transporte
2024-06-01,109.4548230602,TARIJA,Transporte
2024-07-01,110.8860830354,TARIJA,Transporte
2024-08-01,109.8284687856,TARIJA,Transporte
2024-09-01,109.8867928562,TARIJA,Transporte
2024-10-01,110.0407052267,TARIJA,Transporte
2024-11-01,117.9785050761,TARIJA,Transporte
2024-12-01,119.3146119708,TARIJA,Transporte
2025-01-01,121.2632564865,TARIJA,Transporte
2025-02-01,118.7400219967,TARIJA,Transporte
2025-03-01,120.1349928759,TARIJA,Transporte
2025-04-01,119.7219866213,TARIJA,Transporte
2025-05-01,120.7827966774,TARIJA,Transporte
2025-06-01,124.1149677869,TARIJA,Transporte
2025-07-01,126.9684403658,TARIJA,Transporte
2025-08-01,125.3827376772,TARIJA,Transporte
2025-09-01,125.8363570386,TARIJA,Transporte
2025-10-01,127.1921918195,TARIJA,Transporte
2025-11-01,127.0904983819,TARIJA,Transporte
2025-12-01,145.9739619878,TARIJA,Transporte
2026-01-01,169.6353974126,TARIJA,Transporte
2026-02-01,167.1192031236,TARIJA,Transporte
2026-03-01,164.3309315913,TARIJA,Transporte
2026-04-01,163.1154564998,TARIJA,Transporte
2026-05-01,163.667061214,TARIJA,Transporte
2026-06-01,162.2720946663,TARIJA,Transporte
2026-07-01,166.4545144262,TARIJA,Transporte
2018-01-01,103.4648553476,TARIJA,Vivienda y servicios básicos
2018-02-01,103.4632078566,TARIJA,Vivienda y servicios básicos
2018-03-01,103.550939574,TARIJA,Vivienda y servicios básicos
2018-04-01,103.6983394784,TARIJA,Vivienda y servicios básicos
2018-05-01,103.8328593784,TARIJA,Vivienda y servicios básicos
2018-06-01,103.8621123102,TARIJA,Vivienda y servicios básicos
2018-07-01,103.9805453947,TARIJA,Vivienda y servicios básicos
2018-08-01,103.8888646528,TARIJA,Vivienda y servicios básicos
2018-09-01,103.803220343,TARIJA,Vivienda y servicios básicos
2018-10-01,103.637713082,TARIJA,Vivienda y servicios básicos
2018-11-01,103.6202995542,TARIJA,Vivienda y servicios básicos
2018-12-01,101.9301042125,TARIJA,Vivienda y servicios básicos
2019-01-01,101.8885953376,TARIJA,Vivienda y servicios básicos
2019-02-01,101.9226458344,TARIJA,Vivienda y servicios básicos
2019-03-01,102.1501381425,TARIJA,Vivienda y servicios básicos
2019-04-01,102.3453480359,TARIJA,Vivienda y servicios básicos
2019-05-01,102.2897650171,TARIJA,Vivienda y servicios básicos
2019-06-01,102.2239133892,TARIJA,Vivienda y servicios básicos
2019-07-01,102.197446603,TARIJA,Vivienda y servicios básicos
2019-08-01,102.266512527,TARIJA,Vivienda y servicios básicos
2019-09-01,102.2113044222,TARIJA,Vivienda y servicios básicos
2019-10-01,102.1831383471,TARIJA,Vivienda y servicios básicos
2019-11-01,102.2546580711,TARIJA,Vivienda y servicios básicos
2019-12-01,102.1823708241,TARIJA,Vivienda y servicios básicos
2020-01-01,101.6236052793,TARIJA,Vivienda y servicios básicos
2020-02-01,101.9205094153,TARIJA,Vivienda y servicios básicos
2020-03-01,101.6483274885,TARIJA,Vivienda y servicios básicos
2020-04-01,101.6528689374,TARIJA,Vivienda y servicios básicos
2020-05-01,102.0088638142,TARIJA,Vivienda y servicios básicos
2020-06-01,102.1899127768,TARIJA,Vivienda y servicios básicos
2020-07-01,102.1516335153,TARIJA,Vivienda y servicios básicos
2020-08-01,101.8341196227,TARIJA,Vivienda y servicios básicos
2020-09-01,101.9308240932,TARIJA,Vivienda y servicios básicos
2020-10-01,101.8096361237,TARIJA,Vivienda y servicios básicos
2020-11-01,102.0132024988,TARIJA,Vivienda y servicios básicos
2020-12-01,102.2077061412,TARIJA,Vivienda y servicios básicos
2021-01-01,102.2795833224,TARIJA,Vivienda y servicios básicos
2021-02-01,102.2824065954,TARIJA,Vivienda y servicios básicos
2021-03-01,102.4455374708,TARIJA,Vivienda y servicios básicos
2021-04-01,102.4870083051,TARIJA,Vivienda y servicios básicos
2021-05-01,102.4853918238,TARIJA,Vivienda y servicios básicos
2021-06-01,102.3655400552,TARIJA,Vivienda y servicios básicos
2021-07-01,102.3027107,TARIJA,Vivienda y servicios básicos
2021-08-01,102.1551103344,TARIJA,Vivienda y servicios básicos
2021-09-01,102.2121030721,TARIJA,Vivienda y servicios básicos
2021-10-01,102.1962975952,TARIJA,Vivienda y servicios básicos
2021-11-01,102.1821804611,TARIJA,Vivienda y servicios básicos
2021-12-01,102.4424411911,TARIJA,Vivienda y servicios básicos
2022-01-01,102.3226081407,TARIJA,Vivienda y servicios básicos
2022-02-01,102.2868544421,TARIJA,Vivienda y servicios básicos
2022-03-01,102.39237953,TARIJA,Vivienda y servicios básicos
2022-04-01,102.3582181691,TARIJA,Vivienda y servicios básicos
2022-05-01,102.4399026929,TARIJA,Vivienda y servicios básicos
2022-06-01,102.8221171937,TARIJA,Vivienda y servicios básicos
2022-07-01,102.7876935223,TARIJA,Vivienda y servicios básicos
2022-08-01,102.8362679247,TARIJA,Vivienda y servicios básicos
2022-09-01,102.9332245693,TARIJA,Vivienda y servicios básicos
2022-10-01,103.0004920079,TARIJA,Vivienda y servicios básicos
2022-11-01,102.947614,TARIJA,Vivienda y servicios básicos
2022-12-01,103.4057931598,TARIJA,Vivienda y servicios básicos
2023-01-01,103.4601964773,TARIJA,Vivienda y servicios básicos
2023-02-01,103.5628014061,TARIJA,Vivienda y servicios básicos
2023-03-01,103.7631294524,TARIJA,Vivienda y servicios básicos
2023-04-01,103.8872024003,TARIJA,Vivienda y servicios básicos
2023-05-01,103.8382770283,TARIJA,Vivienda y servicios básicos
2023-06-01,104.3220766759,TARIJA,Vivienda y servicios básicos
2023-07-01,104.4144954,TARIJA,Vivienda y servicios básicos
2023-08-01,104.3827423061,TARIJA,Vivienda y servicios básicos
2023-09-01,104.521536596,TARIJA,Vivienda y servicios básicos
2023-10-01,104.8188692692,TARIJA,Vivienda y servicios básicos
2023-11-01,104.8944575,TARIJA,Vivienda y servicios básicos
2023-12-01,104.8545532022,TARIJA,Vivienda y servicios básicos
2024-01-01,104.8875476312,TARIJA,Vivienda y servicios básicos
2024-02-01,105.0113648,TARIJA,Vivienda y servicios básicos
2024-03-01,105.3785745001,TARIJA,Vivienda y servicios básicos
2024-04-01,105.5925271109,TARIJA,Vivienda y servicios básicos
2024-05-01,105.8753077494,TARIJA,Vivienda y servicios básicos
2024-06-01,106.5976039288,TARIJA,Vivienda y servicios básicos
2024-07-01,106.7356938346,TARIJA,Vivienda y servicios básicos
2024-08-01,107.149621756,TARIJA,Vivienda y servicios básicos
2024-09-01,107.562401217,TARIJA,Vivienda y servicios básicos
2024-10-01,107.8839806506,TARIJA,Vivienda y servicios básicos
2024-11-01,108.2676745508,TARIJA,Vivienda y servicios básicos
2024-12-01,108.6654285226,TARIJA,Vivienda y servicios básicos
2025-01-01,109.4028035606,TARIJA,Vivienda y servicios básicos
2025-02-01,109.8554241263,TARIJA,Vivienda y servicios básicos
2025-03-01,110.4655317144,TARIJA,Vivienda y servicios básicos
2025-04-01,111.3433151841,TARIJA,Vivienda y servicios básicos
2025-05-01,112.0108971562,TARIJA,Vivienda y servicios básicos
2025-06-01,113.5968928608,TARIJA,Vivienda y servicios básicos
2025-07-01,114.2018268505,TARIJA,Vivienda y servicios básicos
2025-08-01,115.6052124033,TARIJA,Vivienda y servicios básicos
2025-09-01,117.2578265073,TARIJA,Vivienda y servicios básicos
2025-10-01,118.1035631607,TARIJA,Vivienda y servicios básicos
2025-11-01,118.6657268757,TARIJA,Vivienda y servicios básicos
2025-12-01,119.5625011392,TARIJA,Vivienda y servicios básicos
2026-01-01,121.6434916306,TARIJA,Vivienda y servicios básicos
2026-02-01,121.2937440385,TARIJA,Vivienda y servicios básicos
2026-03-01,122.3228629804,TARIJA,Vivienda y servicios básicos
2026-04-01,122.4605075826,TARIJA,Vivienda y servicios básicos
2026-05-01,122.6665459907,TARIJA,Vivienda y servicios básicos
2026-06-01,122.6393851299,TARIJA,Vivienda y servicios básicos
2026-07-01,122.4649205149,TARIJA,Vivienda y servicios básicos
2018-01-01,101.5213920672,TARIJA,ÍNDICE GENERAL
2018-02-01,101.9349251354,TARIJA,ÍNDICE GENERAL
2018-03-01,101.9501150699,TARIJA,ÍNDICE GENERAL
2018-04-01,101.6063206333,TARIJA,ÍNDICE GENERAL
2018-05-01,101.5085814343,TARIJA,ÍNDICE GENERAL
2018-06-01,102.0003322093,TARIJA,ÍNDICE GENERAL
2018-07-01,102.1295220508,TARIJA,ÍNDICE GENERAL
2018-08-01,102.2566954759,TARIJA,ÍNDICE GENERAL
2018-09-01,101.9575513966,TARIJA,ÍNDICE GENERAL
2018-10-01,102.5339068051,TARIJA,ÍNDICE GENERAL
2018-11-01,102.5981242668,TARIJA,ÍNDICE GENERAL
2018-12-01,102.9781059159,TARIJA,ÍNDICE GENERAL
2019-01-01,103.1896233007,TARIJA,ÍNDICE GENERAL
2019-02-01,103.3454250809,TARIJA,ÍNDICE GENERAL
2019-03-01,103.5420303244,TARIJA,ÍNDICE GENERAL
2019-04-01,103.8723051836,TARIJA,ÍNDICE GENERAL
2019-05-01,103.4199705808,TARIJA,ÍNDICE GENERAL
2019-06-01,103.6662352158,TARIJA,ÍNDICE GENERAL
2019-07-01,104.3482945334,TARIJA,ÍNDICE GENERAL
2019-08-01,104.5235627246,TARIJA,ÍNDICE GENERAL
2019-09-01,103.7581584889,TARIJA,ÍNDICE GENERAL
2019-10-01,104.4673131307,TARIJA,ÍNDICE GENERAL
2019-11-01,103.9695058962,TARIJA,ÍNDICE GENERAL
2019-12-01,103.2958443063,TARIJA,ÍNDICE GENERAL
2020-01-01,102.8901969952,TARIJA,ÍNDICE GENERAL
2020-02-01,102.8891815804,TARIJA,ÍNDICE GENERAL
2020-03-01,103.5784815044,TARIJA,ÍNDICE GENERAL
2020-04-01,104.6578853746,TARIJA,ÍNDICE GENERAL
2020-05-01,103.6378354597,TARIJA,ÍNDICE GENERAL
2020-06-01,103.5872012944,TARIJA,ÍNDICE GENERAL
2020-07-01,103.4751834403,TARIJA,ÍNDICE GENERAL
2020-08-01,103.2572681431,TARIJA,ÍNDICE GENERAL
2020-09-01,102.978829033,TARIJA,ÍNDICE GENERAL
2020-10-01,102.5510786574,TARIJA,ÍNDICE GENERAL
2020-11-01,102.5889425789,TARIJA,ÍNDICE GENERAL
2020-12-01,102.9225667816,TARIJA,ÍNDICE GENERAL
2021-01-01,103.5017062835,TARIJA,ÍNDICE GENERAL
2021-02-01,103.5328366576,TARIJA,ÍNDICE GENERAL
2021-03-01,102.6908361962,TARIJA,ÍNDICE GENERAL
2021-04-01,102.139049403,TARIJA,ÍNDICE GENERAL
2021-05-01,102.2688728833,TARIJA,ÍNDICE GENERAL
2021-06-01,101.8740773675,TARIJA,ÍNDICE GENERAL
2021-07-01,103.2941641,TARIJA,ÍNDICE GENERAL
2021-08-01,104.2380814448,TARIJA,ÍNDICE GENERAL
2021-09-01,103.9085952083,TARIJA,ÍNDICE GENERAL
2021-10-01,102.5025114325,TARIJA,ÍNDICE GENERAL
2021-11-01,102.2996559806,TARIJA,ÍNDICE GENERAL
2021-12-01,102.352429977,TARIJA,ÍNDICE GENERAL
2022-01-01,103.3796070536,TARIJA,ÍNDICE GENERAL
2022-02-01,103.3517181518,TARIJA,ÍNDICE GENERAL
2022-03-01,102.7064314426,TARIJA,ÍNDICE GENERAL
2022-04-01,102.6019506186,TARIJA,ÍNDICE GENERAL
2022-05-01,103.169560666,TARIJA,ÍNDICE GENERAL
2022-06-01,104.1963250477,TARIJA,ÍNDICE GENERAL
2022-07-01,103.5734225,TARIJA,ÍNDICE GENERAL
2022-08-01,103.1668948761,TARIJA,ÍNDICE GENERAL
2022-09-01,103.9307495364,TARIJA,ÍNDICE GENERAL
2022-10-01,104.5727487308,TARIJA,ÍNDICE GENERAL
2022-11-01,104.5102588,TARIJA,ÍNDICE GENERAL
2022-12-01,105.8271715225,TARIJA,ÍNDICE GENERAL
2023-01-01,104.8747268591,TARIJA,ÍNDICE GENERAL
2023-02-01,104.2817387785,TARIJA,ÍNDICE GENERAL
2023-03-01,103.5756240146,TARIJA,ÍNDICE GENERAL
2023-04-01,103.8262643411,TARIJA,ÍNDICE GENERAL
2023-05-01,104.9454175117,TARIJA,ÍNDICE GENERAL
2023-06-01,105.1509568568,TARIJA,ÍNDICE GENERAL
2023-07-01,106.0982387,TARIJA,ÍNDICE GENERAL
2023-08-01,105.9590002423,TARIJA,ÍNDICE GENERAL
2023-09-01,105.1609676879,TARIJA,ÍNDICE GENERAL
2023-10-01,105.4338352334,TARIJA,ÍNDICE GENERAL
2023-11-01,106.282684,TARIJA,ÍNDICE GENERAL
2023-12-01,106.5650008859,TARIJA,ÍNDICE GENERAL
2024-01-01,107.2244973558,TARIJA,ÍNDICE GENERAL
2024-02-01,108.1217757,TARIJA,ÍNDICE GENERAL
2024-03-01,108.6685494869,TARIJA,ÍNDICE GENERAL
2024-04-01,111.0340320012,TARIJA,ÍNDICE GENERAL
2024-05-01,112.6142565509,TARIJA,ÍNDICE GENERAL
2024-06-01,111.4199463541,TARIJA,ÍNDICE GENERAL
2024-07-01,112.3499959482,TARIJA,ÍNDICE GENERAL
2024-08-01,112.2106408603,TARIJA,ÍNDICE GENERAL
2024-09-01,112.3066026849,TARIJA,ÍNDICE GENERAL
2024-10-01,113.5837703246,TARIJA,ÍNDICE GENERAL
2024-11-01,116.2880118192,TARIJA,ÍNDICE GENERAL
2024-12-01,117.841412927,TARIJA,ÍNDICE GENERAL
2025-01-01,121.36890818,TARIJA,ÍNDICE GENERAL
2025-02-01,124.1069693716,TARIJA,ÍNDICE GENERAL
2025-03-01,126.0537234568,TARIJA,ÍNDICE GENERAL
2025-04-01,127.9959587503,TARIJA,ÍNDICE GENERAL
2025-05-01,130.3766592979,TARIJA,ÍNDICE GENERAL
2025-06-01,138.1374582616,TARIJA,ÍNDICE GENERAL
2025-07-01,142.1656288925,TARIJA,ÍNDICE GENERAL
2025-08-01,141.9844734693,TARIJA,ÍNDICE GENERAL
2025-09-01,142.2837842442,TARIJA,ÍNDICE GENERAL
2025-10-01,144.7696472558,TARIJA,ÍNDICE GENERAL
2025-11-01,147.1075399569,TARIJA,ÍNDICE GENERAL
2025-12-01,146.970692345,TARIJA,ÍNDICE GENERAL
2026-01-01,146.7929419565,TARIJA,ÍNDICE GENERAL
2026-02-01,146.1137242844,TARIJA,ÍNDICE GENERAL
2026-03-01,144.8147247257,TARIJA,ÍNDICE GENERAL
2026-04-01,144.4590356667,TARIJA,ÍNDICE GENERAL
2026-05-01,147.6368184563,TARIJA,ÍNDICE GENERAL
2026-06-01,148.1833198132,TARIJA,ÍNDICE GENERAL
2026-07-01,148.0195424001,TARIJA,ÍNDICE GENERAL
2018-01-01,102.2972243509,TRINIDAD,Alimentos y bebidas consumidos fuera del hogar
2018-02-01,102.4402594465,TRINIDAD,Alimentos y bebidas consumidos fuera del hogar
2018-03-01,102.6118879484,TRINIDAD,Alimentos y bebidas consumidos fuera del hogar
2018-04-01,102.6235169135,TRINIDAD,Alimentos y bebidas consumidos fuera del hogar
2018-05-01,103.1329225413,TRINIDAD,Alimentos y bebidas consumidos fuera del hogar
2018-06-01,103.3698563655,TRINIDAD,Alimentos y bebidas consumidos fuera del hogar
2018-07-01,103.1954420218,TRINIDAD,Alimentos y bebidas consumidos fuera del hogar
2018-08-01,102.9671940881,TRINIDAD,Alimentos y bebidas consumidos fuera del hogar
2018-09-01,103.2283787107,TRINIDAD,Alimentos y bebidas consumidos fuera del hogar
2018-10-01,103.1308933546,TRINIDAD,Alimentos y bebidas consumidos fuera del hogar
2018-11-01,103.0193627786,TRINIDAD,Alimentos y bebidas consumidos fuera del hogar
2018-12-01,103.1568192714,TRINIDAD,Alimentos y bebidas consumidos fuera del hogar
2019-01-01,103.2492000575,TRINIDAD,Alimentos y bebidas consumidos fuera del hogar
2019-02-01,103.2676571994,TRINIDAD,Alimentos y bebidas consumidos fuera del hogar
2019-03-01,103.2025725174,TRINIDAD,Alimentos y bebidas consumidos fuera del hogar
2019-04-01,103.207097702,TRINIDAD,Alimentos y bebidas consumidos fuera del hogar
2019-05-01,103.2024371307,TRINIDAD,Alimentos y bebidas consumidos fuera del hogar
2019-06-01,103.4906399385,TRINIDAD,Alimentos y bebidas consumidos fuera del hogar
2019-07-01,103.4840366056,TRINIDAD,Alimentos y bebidas consumidos fuera del hogar
2019-08-01,103.4752994852,TRINIDAD,Alimentos y bebidas consumidos fuera del hogar
2019-09-01,103.4921778574,TRINIDAD,Alimentos y bebidas consumidos fuera del hogar
2019-10-01,104.00587724,TRINIDAD,Alimentos y bebidas consumidos fuera del hogar
2019-11-01,104.7478292131,TRINIDAD,Alimentos y bebidas consumidos fuera del hogar
2019-12-01,104.9110878677,TRINIDAD,Alimentos y bebidas consumidos fuera del hogar
2020-01-01,104.6588045549,TRINIDAD,Alimentos y bebidas consumidos fuera del hogar
2020-02-01,104.6447367448,TRINIDAD,Alimentos y bebidas consumidos fuera del hogar
2020-03-01,104.6298118485,TRINIDAD,Alimentos y bebidas consumidos fuera del hogar
2020-04-01,104.6298118485,TRINIDAD,Alimentos y bebidas consumidos fuera del hogar
2020-05-01,104.6298118485,TRINIDAD,Alimentos y bebidas consumidos fuera del hogar
2020-06-01,104.6447367448,TRINIDAD,Alimentos y bebidas consumidos fuera del hogar
2020-07-01,104.8442710445,TRINIDAD,Alimentos y bebidas consumidos fuera del hogar
2020-08-01,104.8517035023,TRINIDAD,Alimentos y bebidas consumidos fuera del hogar
2020-09-01,104.8297581816,TRINIDAD,Alimentos y bebidas consumidos fuera del hogar
2020-10-01,104.8406010003,TRINIDAD,Alimentos y bebidas consumidos fuera del hogar
2020-11-01,104.9867240385,TRINIDAD,Alimentos y bebidas consumidos fuera del hogar
2020-12-01,104.6978475978,TRINIDAD,Alimentos y bebidas consumidos fuera del hogar
2021-01-01,104.5984193718,TRINIDAD,Alimentos y bebidas consumidos fuera del hogar
2021-02-01,104.1447219739,TRINIDAD,Alimentos y bebidas consumidos fuera del hogar
2021-03-01,105.4528266964,TRINIDAD,Alimentos y bebidas consumidos fuera del hogar
2021-04-01,105.5413818103,TRINIDAD,Alimentos y bebidas consumidos fuera del hogar
2021-05-01,105.9165484984,TRINIDAD,Alimentos y bebidas consumidos fuera del hogar
2021-06-01,105.9745254871,TRINIDAD,Alimentos y bebidas consumidos fuera del hogar
2021-07-01,106.0175546,TRINIDAD,Alimentos y bebidas consumidos fuera del hogar
2021-08-01,106.0175545851,TRINIDAD,Alimentos y bebidas consumidos fuera del hogar
2021-09-01,106.0063368714,TRINIDAD,Alimentos y bebidas consumidos fuera del hogar
2021-10-01,106.0063368714,TRINIDAD,Alimentos y bebidas consumidos fuera del hogar
2021-11-01,106.0063368714,TRINIDAD,Alimentos y bebidas consumidos fuera del hogar
2021-12-01,106.0895160484,TRINIDAD,Alimentos y bebidas consumidos fuera del hogar
2022-01-01,106.0791560341,TRINIDAD,Alimentos y bebidas consumidos fuera del hogar
2022-02-01,106.0343107824,TRINIDAD,Alimentos y bebidas consumidos fuera del hogar
2022-03-01,106.198534808,TRINIDAD,Alimentos y bebidas consumidos fuera del hogar
2022-04-01,106.2127654039,TRINIDAD,Alimentos y bebidas consumidos fuera del hogar
2022-05-01,106.2462182156,TRINIDAD,Alimentos y bebidas consumidos fuera del hogar
2022-06-01,106.1936547847,TRINIDAD,Alimentos y bebidas consumidos fuera del hogar
2022-07-01,106.3808540299,TRINIDAD,Alimentos y bebidas consumidos fuera del hogar
2022-08-01,107.4154726834,TRINIDAD,Alimentos y bebidas consumidos fuera del hogar
2022-09-01,107.3720836005,TRINIDAD,Alimentos y bebidas consumidos fuera del hogar
2022-10-01,107.500943335,TRINIDAD,Alimentos y bebidas consumidos fuera del hogar
2022-11-01,107.6194108,TRINIDAD,Alimentos y bebidas consumidos fuera del hogar
2022-12-01,107.8158799083,TRINIDAD,Alimentos y bebidas consumidos fuera del hogar
2023-01-01,107.8158799083,TRINIDAD,Alimentos y bebidas consumidos fuera del hogar
2023-02-01,107.8158799083,TRINIDAD,Alimentos y bebidas consumidos fuera del hogar
2023-03-01,107.3437246013,TRINIDAD,Alimentos y bebidas consumidos fuera del hogar
2023-04-01,107.7213405267,TRINIDAD,Alimentos y bebidas consumidos fuera del hogar
2023-05-01,107.607280577,TRINIDAD,Alimentos y bebidas consumidos fuera del hogar
2023-06-01,106.5169283112,TRINIDAD,Alimentos y bebidas consumidos fuera del hogar
2023-07-01,106.4298845,TRINIDAD,Alimentos y bebidas consumidos fuera del hogar
2023-08-01,106.4298845196,TRINIDAD,Alimentos y bebidas consumidos fuera del hogar
2023-09-01,106.697480018,TRINIDAD,Alimentos y bebidas consumidos fuera del hogar
2023-10-01,107.0394563925,TRINIDAD,Alimentos y bebidas consumidos fuera del hogar
2023-11-01,107.2441007,TRINIDAD,Alimentos y bebidas consumidos fuera del hogar
2023-12-01,107.3992436126,TRINIDAD,Alimentos y bebidas consumidos fuera del hogar
2024-01-01,107.4461167028,TRINIDAD,Alimentos y bebidas consumidos fuera del hogar
2024-02-01,107.5253389,TRINIDAD,Alimentos y bebidas consumidos fuera del hogar
2024-03-01,107.6645701723,TRINIDAD,Alimentos y bebidas consumidos fuera del hogar
2024-04-01,107.5130839963,TRINIDAD,Alimentos y bebidas consumidos fuera del hogar
2024-05-01,108.2077721399,TRINIDAD,Alimentos y bebidas consumidos fuera del hogar
2024-06-01,109.5875888949,TRINIDAD,Alimentos y bebidas consumidos fuera del hogar
2024-07-01,110.5198342118,TRINIDAD,Alimentos y bebidas consumidos fuera del hogar
2024-08-01,110.8767362491,TRINIDAD,Alimentos y bebidas consumidos fuera del hogar
2024-09-01,112.1631543194,TRINIDAD,Alimentos y bebidas consumidos fuera del hogar
2024-10-01,114.4111503622,TRINIDAD,Alimentos y bebidas consumidos fuera del hogar
2024-11-01,117.7074605305,TRINIDAD,Alimentos y bebidas consumidos fuera del hogar
2024-12-01,120.9001304726,TRINIDAD,Alimentos y bebidas consumidos fuera del hogar
2025-01-01,122.7175582062,TRINIDAD,Alimentos y bebidas consumidos fuera del hogar
2025-02-01,124.3590434752,TRINIDAD,Alimentos y bebidas consumidos fuera del hogar
2025-03-01,124.9031805017,TRINIDAD,Alimentos y bebidas consumidos fuera del hogar
2025-04-01,126.3554144283,TRINIDAD,Alimentos y bebidas consumidos fuera del hogar
2025-05-01,129.0790695587,TRINIDAD,Alimentos y bebidas consumidos fuera del hogar
2025-06-01,134.9313363775,TRINIDAD,Alimentos y bebidas consumidos fuera del hogar
2025-07-01,137.4659864499,TRINIDAD,Alimentos y bebidas consumidos fuera del hogar
2025-08-01,139.5086660645,TRINIDAD,Alimentos y bebidas consumidos fuera del hogar
2025-09-01,140.1857757639,TRINIDAD,Alimentos y bebidas consumidos fuera del hogar
2025-10-01,140.6427973962,TRINIDAD,Alimentos y bebidas consumidos fuera del hogar
2025-11-01,142.5167505189,TRINIDAD,Alimentos y bebidas consumidos fuera del hogar
2025-12-01,140.2819804466,TRINIDAD,Alimentos y bebidas consumidos fuera del hogar
2026-01-01,141.8172453449,TRINIDAD,Alimentos y bebidas consumidos fuera del hogar
2026-02-01,142.1094018152,TRINIDAD,Alimentos y bebidas consumidos fuera del hogar
2026-03-01,140.9387746328,TRINIDAD,Alimentos y bebidas consumidos fuera del hogar
2026-04-01,142.6925544609,TRINIDAD,Alimentos y bebidas consumidos fuera del hogar
2026-05-01,144.4515193377,TRINIDAD,Alimentos y bebidas consumidos fuera del hogar
2026-06-01,146.5782035952,TRINIDAD,Alimentos y bebidas consumidos fuera del hogar
2026-07-01,145.988254603,TRINIDAD,Alimentos y bebidas consumidos fuera del hogar
2018-01-01,97.7795451666,TRINIDAD,Alimentos y bebidas no alcohólicas
2018-02-01,97.818677971,TRINIDAD,Alimentos y bebidas no alcohólicas
2018-03-01,98.5091600823,TRINIDAD,Alimentos y bebidas no alcohólicas
2018-04-01,98.5523501216,TRINIDAD,Alimentos y bebidas no alcohólicas
2018-05-01,98.1021046541,TRINIDAD,Alimentos y bebidas no alcohólicas
2018-06-01,97.8459744902,TRINIDAD,Alimentos y bebidas no alcohólicas
2018-07-01,97.7823980422,TRINIDAD,Alimentos y bebidas no alcohólicas
2018-08-01,98.0781754559,TRINIDAD,Alimentos y bebidas no alcohólicas
2018-09-01,98.100697023,TRINIDAD,Alimentos y bebidas no alcohólicas
2018-10-01,98.0341614754,TRINIDAD,Alimentos y bebidas no alcohólicas
2018-11-01,97.9469108683,TRINIDAD,Alimentos y bebidas no alcohólicas
2018-12-01,97.5404398208,TRINIDAD,Alimentos y bebidas no alcohólicas
2019-01-01,97.5070703511,TRINIDAD,Alimentos y bebidas no alcohólicas
2019-02-01,97.6834053837,TRINIDAD,Alimentos y bebidas no alcohólicas
2019-03-01,97.5160900373,TRINIDAD,Alimentos y bebidas no alcohólicas
2019-04-01,97.9704653474,TRINIDAD,Alimentos y bebidas no alcohólicas
2019-05-01,98.4113421099,TRINIDAD,Alimentos y bebidas no alcohólicas
2019-06-01,98.7943236132,TRINIDAD,Alimentos y bebidas no alcohólicas
2019-07-01,98.473953525,TRINIDAD,Alimentos y bebidas no alcohólicas
2019-08-01,98.6702703027,TRINIDAD,Alimentos y bebidas no alcohólicas
2019-09-01,97.8933773479,TRINIDAD,Alimentos y bebidas no alcohólicas
2019-10-01,98.6424317028,TRINIDAD,Alimentos y bebidas no alcohólicas
2019-11-01,101.6920681651,TRINIDAD,Alimentos y bebidas no alcohólicas
2019-12-01,98.5664736686,TRINIDAD,Alimentos y bebidas no alcohólicas
2020-01-01,97.8675959536,TRINIDAD,Alimentos y bebidas no alcohólicas
2020-02-01,98.14414002,TRINIDAD,Alimentos y bebidas no alcohólicas
2020-03-01,98.5352337142,TRINIDAD,Alimentos y bebidas no alcohólicas
2020-04-01,99.6672488466,TRINIDAD,Alimentos y bebidas no alcohólicas
2020-05-01,100.0177370526,TRINIDAD,Alimentos y bebidas no alcohólicas
2020-06-01,99.8884675667,TRINIDAD,Alimentos y bebidas no alcohólicas
2020-07-01,98.9087176298,TRINIDAD,Alimentos y bebidas no alcohólicas
2020-08-01,98.1663524628,TRINIDAD,Alimentos y bebidas no alcohólicas
2020-09-01,97.3423331343,TRINIDAD,Alimentos y bebidas no alcohólicas
2020-10-01,97.5109101446,TRINIDAD,Alimentos y bebidas no alcohólicas
2020-11-01,97.6820391262,TRINIDAD,Alimentos y bebidas no alcohólicas
2020-12-01,97.2384534656,TRINIDAD,Alimentos y bebidas no alcohólicas
2021-01-01,97.8418833571,TRINIDAD,Alimentos y bebidas no alcohólicas
2021-02-01,98.1347621832,TRINIDAD,Alimentos y bebidas no alcohólicas
2021-03-01,99.2804090798,TRINIDAD,Alimentos y bebidas no alcohólicas
2021-04-01,100.5895266669,TRINIDAD,Alimentos y bebidas no alcohólicas
2021-05-01,100.6452840877,TRINIDAD,Alimentos y bebidas no alcohólicas
2021-06-01,100.5546033386,TRINIDAD,Alimentos y bebidas no alcohólicas
2021-07-01,100.4780964,TRINIDAD,Alimentos y bebidas no alcohólicas
2021-08-01,100.6861501955,TRINIDAD,Alimentos y bebidas no alcohólicas
2021-09-01,101.0105372826,TRINIDAD,Alimentos y bebidas no alcohólicas
2021-10-01,100.5515622538,TRINIDAD,Alimentos y bebidas no alcohólicas
2021-11-01,101.3082216464,TRINIDAD,Alimentos y bebidas no alcohólicas
2021-12-01,100.8595538591,TRINIDAD,Alimentos y bebidas no alcohólicas
2022-01-01,100.2995604462,TRINIDAD,Alimentos y bebidas no alcohólicas
2022-02-01,100.4678715959,TRINIDAD,Alimentos y bebidas no alcohólicas
2022-03-01,101.0836798908,TRINIDAD,Alimentos y bebidas no alcohólicas
2022-04-01,101.4953404667,TRINIDAD,Alimentos y bebidas no alcohólicas
2022-05-01,101.7108005772,TRINIDAD,Alimentos y bebidas no alcohólicas
2022-06-01,102.7456526105,TRINIDAD,Alimentos y bebidas no alcohólicas
2022-07-01,102.4312024715,TRINIDAD,Alimentos y bebidas no alcohólicas
2022-08-01,102.6486462131,TRINIDAD,Alimentos y bebidas no alcohólicas
2022-09-01,102.0343755456,TRINIDAD,Alimentos y bebidas no alcohólicas
2022-10-01,102.9769565947,TRINIDAD,Alimentos y bebidas no alcohólicas
2022-11-01,104.3066658,TRINIDAD,Alimentos y bebidas no alcohólicas
2022-12-01,102.2477763099,TRINIDAD,Alimentos y bebidas no alcohólicas
2023-01-01,103.0307546969,TRINIDAD,Alimentos y bebidas no alcohólicas
2023-02-01,103.0877098955,TRINIDAD,Alimentos y bebidas no alcohólicas
2023-03-01,103.0196843317,TRINIDAD,Alimentos y bebidas no alcohólicas
2023-04-01,104.3075911797,TRINIDAD,Alimentos y bebidas no alcohólicas
2023-05-01,104.6196263061,TRINIDAD,Alimentos y bebidas no alcohólicas
2023-06-01,104.9629452352,TRINIDAD,Alimentos y bebidas no alcohólicas
2023-07-01,104.6412947,TRINIDAD,Alimentos y bebidas no alcohólicas
2023-08-01,105.5103276112,TRINIDAD,Alimentos y bebidas no alcohólicas
2023-09-01,104.6202696938,TRINIDAD,Alimentos y bebidas no alcohólicas
2023-10-01,104.1673486013,TRINIDAD,Alimentos y bebidas no alcohólicas
2023-11-01,104.0549072,TRINIDAD,Alimentos y bebidas no alcohólicas
2023-12-01,104.2055779778,TRINIDAD,Alimentos y bebidas no alcohólicas
2024-01-01,104.5216152303,TRINIDAD,Alimentos y bebidas no alcohólicas
2024-02-01,104.2404437,TRINIDAD,Alimentos y bebidas no alcohólicas
2024-03-01,105.1673120405,TRINIDAD,Alimentos y bebidas no alcohólicas
2024-04-01,106.3625512866,TRINIDAD,Alimentos y bebidas no alcohólicas
2024-05-01,108.4401968131,TRINIDAD,Alimentos y bebidas no alcohólicas
2024-06-01,109.763843332,TRINIDAD,Alimentos y bebidas no alcohólicas
2024-07-01,109.6645267845,TRINIDAD,Alimentos y bebidas no alcohólicas
2024-08-01,110.3950821492,TRINIDAD,Alimentos y bebidas no alcohólicas
2024-09-01,112.0466803392,TRINIDAD,Alimentos y bebidas no alcohólicas
2024-10-01,113.5320073995,TRINIDAD,Alimentos y bebidas no alcohólicas
2024-11-01,120.6422288044,TRINIDAD,Alimentos y bebidas no alcohólicas
2024-12-01,124.6348908679,TRINIDAD,Alimentos y bebidas no alcohólicas
2025-01-01,131.6934607703,TRINIDAD,Alimentos y bebidas no alcohólicas
2025-02-01,135.4720424794,TRINIDAD,Alimentos y bebidas no alcohólicas
2025-03-01,139.5740234188,TRINIDAD,Alimentos y bebidas no alcohólicas
2025-04-01,145.698262913,TRINIDAD,Alimentos y bebidas no alcohólicas
2025-05-01,154.3200117616,TRINIDAD,Alimentos y bebidas no alcohólicas
2025-06-01,163.0646980972,TRINIDAD,Alimentos y bebidas no alcohólicas
2025-07-01,167.6938056089,TRINIDAD,Alimentos y bebidas no alcohólicas
2025-08-01,169.0103783266,TRINIDAD,Alimentos y bebidas no alcohólicas
2025-09-01,171.141379754,TRINIDAD,Alimentos y bebidas no alcohólicas
2025-10-01,172.6898422772,TRINIDAD,Alimentos y bebidas no alcohólicas
2025-11-01,175.6790268454,TRINIDAD,Alimentos y bebidas no alcohólicas
2025-12-01,167.5945929806,TRINIDAD,Alimentos y bebidas no alcohólicas
2026-01-01,167.8565967336,TRINIDAD,Alimentos y bebidas no alcohólicas
2026-02-01,168.6687230675,TRINIDAD,Alimentos y bebidas no alcohólicas
2026-03-01,167.0685114396,TRINIDAD,Alimentos y bebidas no alcohólicas
2026-04-01,167.6360309894,TRINIDAD,Alimentos y bebidas no alcohólicas
2026-05-01,168.8329659204,TRINIDAD,Alimentos y bebidas no alcohólicas
2026-06-01,171.2642107568,TRINIDAD,Alimentos y bebidas no alcohólicas
2026-07-01,166.7227267863,TRINIDAD,Alimentos y bebidas no alcohólicas
2018-01-01,99.1478931112,TRINIDAD,Bebidas alcohólicas y tabaco
2018-02-01,99.6035361692,TRINIDAD,Bebidas alcohólicas y tabaco
2018-03-01,98.5223393741,TRINIDAD,Bebidas alcohólicas y tabaco
2018-04-01,99.2636553637,TRINIDAD,Bebidas alcohólicas y tabaco
2018-05-01,99.8546341165,TRINIDAD,Bebidas alcohólicas y tabaco
2018-06-01,100.2673385906,TRINIDAD,Bebidas alcohólicas y tabaco
2018-07-01,99.8071863574,TRINIDAD,Bebidas alcohólicas y tabaco
2018-08-01,98.656161955,TRINIDAD,Bebidas alcohólicas y tabaco
2018-09-01,98.6990864536,TRINIDAD,Bebidas alcohólicas y tabaco
2018-10-01,98.6990864536,TRINIDAD,Bebidas alcohólicas y tabaco
2018-11-01,98.6990864536,TRINIDAD,Bebidas alcohólicas y tabaco
2018-12-01,98.4130210377,TRINIDAD,Bebidas alcohólicas y tabaco
2019-01-01,97.5384894129,TRINIDAD,Bebidas alcohólicas y tabaco
2019-02-01,97.6594632595,TRINIDAD,Bebidas alcohólicas y tabaco
2019-03-01,100.7801499964,TRINIDAD,Bebidas alcohólicas y tabaco
2019-04-01,103.2521550746,TRINIDAD,Bebidas alcohólicas y tabaco
2019-05-01,103.6764036852,TRINIDAD,Bebidas alcohólicas y tabaco
2019-06-01,103.5554298472,TRINIDAD,Bebidas alcohólicas y tabaco
2019-07-01,103.5554298472,TRINIDAD,Bebidas alcohólicas y tabaco
2019-08-01,103.6764036852,TRINIDAD,Bebidas alcohólicas y tabaco
2019-09-01,103.9219428557,TRINIDAD,Bebidas alcohólicas y tabaco
2019-10-01,103.782166708,TRINIDAD,Bebidas alcohólicas y tabaco
2019-11-01,103.782166708,TRINIDAD,Bebidas alcohólicas y tabaco
2019-12-01,103.6601598489,TRINIDAD,Bebidas alcohólicas y tabaco
2020-01-01,104.2379292363,TRINIDAD,Bebidas alcohólicas y tabaco
2020-02-01,104.9586594643,TRINIDAD,Bebidas alcohólicas y tabaco
2020-03-01,104.9586594816,TRINIDAD,Bebidas alcohólicas y tabaco
2020-04-01,104.9586594816,TRINIDAD,Bebidas alcohólicas y tabaco
2020-05-01,104.9586594816,TRINIDAD,Bebidas alcohólicas y tabaco
2020-06-01,104.9586594816,TRINIDAD,Bebidas alcohólicas y tabaco
2020-07-01,107.4541748725,TRINIDAD,Bebidas alcohólicas y tabaco
2020-08-01,107.1564954965,TRINIDAD,Bebidas alcohólicas y tabaco
2020-09-01,104.8512497978,TRINIDAD,Bebidas alcohólicas y tabaco
2020-10-01,102.7605360149,TRINIDAD,Bebidas alcohólicas y tabaco
2020-11-01,101.0640447163,TRINIDAD,Bebidas alcohólicas y tabaco
2020-12-01,101.0464982784,TRINIDAD,Bebidas alcohólicas y tabaco
2021-01-01,101.2119486804,TRINIDAD,Bebidas alcohólicas y tabaco
2021-02-01,100.9283243758,TRINIDAD,Bebidas alcohólicas y tabaco
2021-03-01,100.9283243672,TRINIDAD,Bebidas alcohólicas y tabaco
2021-04-01,100.595031109,TRINIDAD,Bebidas alcohólicas y tabaco
2021-05-01,100.2889588188,TRINIDAD,Bebidas alcohólicas y tabaco
2021-06-01,101.5949083711,TRINIDAD,Bebidas alcohólicas y tabaco
2021-07-01,102.6395514,TRINIDAD,Bebidas alcohólicas y tabaco
2021-08-01,103.2682402652,TRINIDAD,Bebidas alcohólicas y tabaco
2021-09-01,103.0584636759,TRINIDAD,Bebidas alcohólicas y tabaco
2021-10-01,103.0584636759,TRINIDAD,Bebidas alcohólicas y tabaco
2021-11-01,103.0584636759,TRINIDAD,Bebidas alcohólicas y tabaco
2021-12-01,101.6048738548,TRINIDAD,Bebidas alcohólicas y tabaco
2022-01-01,101.2436179915,TRINIDAD,Bebidas alcohólicas y tabaco
2022-02-01,100.3787324682,TRINIDAD,Bebidas alcohólicas y tabaco
2022-03-01,99.6318869908,TRINIDAD,Bebidas alcohólicas y tabaco
2022-04-01,99.8492052815,TRINIDAD,Bebidas alcohólicas y tabaco
2022-05-01,99.1924439905,TRINIDAD,Bebidas alcohólicas y tabaco
2022-06-01,98.6587071177,TRINIDAD,Bebidas alcohólicas y tabaco
2022-07-01,98.0759795408,TRINIDAD,Bebidas alcohólicas y tabaco
2022-08-01,97.4162731688,TRINIDAD,Bebidas alcohólicas y tabaco
2022-09-01,97.4162731688,TRINIDAD,Bebidas alcohólicas y tabaco
2022-10-01,97.6335914596,TRINIDAD,Bebidas alcohólicas y tabaco
2022-11-01,97.72343147,TRINIDAD,Bebidas alcohólicas y tabaco
2022-12-01,97.7234314652,TRINIDAD,Bebidas alcohólicas y tabaco
2023-01-01,97.7234314652,TRINIDAD,Bebidas alcohólicas y tabaco
2023-02-01,97.7234314652,TRINIDAD,Bebidas alcohólicas y tabaco
2023-03-01,97.7234314652,TRINIDAD,Bebidas alcohólicas y tabaco
2023-04-01,97.7234314652,TRINIDAD,Bebidas alcohólicas y tabaco
2023-05-01,97.5370684336,TRINIDAD,Bebidas alcohólicas y tabaco
2023-06-01,97.5370684336,TRINIDAD,Bebidas alcohólicas y tabaco
2023-07-01,97.53706843,TRINIDAD,Bebidas alcohólicas y tabaco
2023-08-01,97.743134402,TRINIDAD,Bebidas alcohólicas y tabaco
2023-09-01,98.4561370589,TRINIDAD,Bebidas alcohólicas y tabaco
2023-10-01,98.3913278453,TRINIDAD,Bebidas alcohólicas y tabaco
2023-11-01,97.63389908,TRINIDAD,Bebidas alcohólicas y tabaco
2023-12-01,97.1815325052,TRINIDAD,Bebidas alcohólicas y tabaco
2024-01-01,97.1815325052,TRINIDAD,Bebidas alcohólicas y tabaco
2024-02-01,97.20511385,TRINIDAD,Bebidas alcohólicas y tabaco
2024-03-01,98.0282455776,TRINIDAD,Bebidas alcohólicas y tabaco
2024-04-01,98.3315950956,TRINIDAD,Bebidas alcohólicas y tabaco
2024-05-01,104.2704390734,TRINIDAD,Bebidas alcohólicas y tabaco
2024-06-01,105.7213870542,TRINIDAD,Bebidas alcohólicas y tabaco
2024-07-01,104.270439082,TRINIDAD,Bebidas alcohólicas y tabaco
2024-08-01,104.270439082,TRINIDAD,Bebidas alcohólicas y tabaco
2024-09-01,105.2723581566,TRINIDAD,Bebidas alcohólicas y tabaco
2024-10-01,105.8711392173,TRINIDAD,Bebidas alcohólicas y tabaco
2024-11-01,105.7541990306,TRINIDAD,Bebidas alcohólicas y tabaco
2024-12-01,108.701642221,TRINIDAD,Bebidas alcohólicas y tabaco
2025-01-01,109.9920992024,TRINIDAD,Bebidas alcohólicas y tabaco
2025-02-01,110.832305427,TRINIDAD,Bebidas alcohólicas y tabaco
2025-03-01,111.0953078494,TRINIDAD,Bebidas alcohólicas y tabaco
2025-04-01,113.1939218225,TRINIDAD,Bebidas alcohólicas y tabaco
2025-05-01,114.7851053937,TRINIDAD,Bebidas alcohólicas y tabaco
2025-06-01,117.270146074,TRINIDAD,Bebidas alcohólicas y tabaco
2025-07-01,118.3580679042,TRINIDAD,Bebidas alcohólicas y tabaco
2025-08-01,123.8173770579,TRINIDAD,Bebidas alcohólicas y tabaco
2025-09-01,126.3246521656,TRINIDAD,Bebidas alcohólicas y tabaco
2025-10-01,130.8584950431,TRINIDAD,Bebidas alcohólicas y tabaco
2025-11-01,130.6888868644,TRINIDAD,Bebidas alcohólicas y tabaco
2025-12-01,130.6422136969,TRINIDAD,Bebidas alcohólicas y tabaco
2026-01-01,131.0079586015,TRINIDAD,Bebidas alcohólicas y tabaco
2026-02-01,130.998152512,TRINIDAD,Bebidas alcohólicas y tabaco
2026-03-01,130.8593273693,TRINIDAD,Bebidas alcohólicas y tabaco
2026-04-01,131.1872549135,TRINIDAD,Bebidas alcohólicas y tabaco
2026-05-01,131.5432660046,TRINIDAD,Bebidas alcohólicas y tabaco
2026-06-01,130.9691111111,TRINIDAD,Bebidas alcohólicas y tabaco
2026-07-01,131.2100639948,TRINIDAD,Bebidas alcohólicas y tabaco
2018-01-01,95.2882706528,TRINIDAD,Bienes y servicios diversos
2018-02-01,95.4696088162,TRINIDAD,Bienes y servicios diversos
2018-03-01,95.3765883899,TRINIDAD,Bienes y servicios diversos
2018-04-01,95.0608600576,TRINIDAD,Bienes y servicios diversos
2018-05-01,94.1092362762,TRINIDAD,Bienes y servicios diversos
2018-06-01,93.6099263341,TRINIDAD,Bienes y servicios diversos
2018-07-01,93.2387897829,TRINIDAD,Bienes y servicios diversos
2018-08-01,93.7198185564,TRINIDAD,Bienes y servicios diversos
2018-09-01,94.0516347801,TRINIDAD,Bienes y servicios diversos
2018-10-01,93.4330985727,TRINIDAD,Bienes y servicios diversos
2018-11-01,93.4362035901,TRINIDAD,Bienes y servicios diversos
2018-12-01,95.0810157811,TRINIDAD,Bienes y servicios diversos
2019-01-01,94.6249767782,TRINIDAD,Bienes y servicios diversos
2019-02-01,93.9107268992,TRINIDAD,Bienes y servicios diversos
2019-03-01,94.1820853267,TRINIDAD,Bienes y servicios diversos
2019-04-01,93.9128432951,TRINIDAD,Bienes y servicios diversos
2019-05-01,93.6137337403,TRINIDAD,Bienes y servicios diversos
2019-06-01,94.0081326611,TRINIDAD,Bienes y servicios diversos
2019-07-01,93.3436227823,TRINIDAD,Bienes y servicios diversos
2019-08-01,93.4915529219,TRINIDAD,Bienes y servicios diversos
2019-09-01,93.3464347256,TRINIDAD,Bienes y servicios diversos
2019-10-01,93.125930209,TRINIDAD,Bienes y servicios diversos
2019-11-01,93.7472429212,TRINIDAD,Bienes y servicios diversos
2019-12-01,94.5191257206,TRINIDAD,Bienes y servicios diversos
2020-01-01,94.4380796381,TRINIDAD,Bienes y servicios diversos
2020-02-01,94.5216386253,TRINIDAD,Bienes y servicios diversos
2020-03-01,94.5329005235,TRINIDAD,Bienes y servicios diversos
2020-04-01,94.5329005248,TRINIDAD,Bienes y servicios diversos
2020-05-01,94.5329005248,TRINIDAD,Bienes y servicios diversos
2020-06-01,94.5329005248,TRINIDAD,Bienes y servicios diversos
2020-07-01,94.006921071,TRINIDAD,Bienes y servicios diversos
2020-08-01,93.7431632156,TRINIDAD,Bienes y servicios diversos
2020-09-01,94.1191401972,TRINIDAD,Bienes y servicios diversos
2020-10-01,94.3038175772,TRINIDAD,Bienes y servicios diversos
2020-11-01,94.5835538343,TRINIDAD,Bienes y servicios diversos
2020-12-01,95.4292567352,TRINIDAD,Bienes y servicios diversos
2021-01-01,94.3184566634,TRINIDAD,Bienes y servicios diversos
2021-02-01,93.9328654103,TRINIDAD,Bienes y servicios diversos
2021-03-01,93.9426894629,TRINIDAD,Bienes y servicios diversos
2021-04-01,93.9622298567,TRINIDAD,Bienes y servicios diversos
2021-05-01,93.3944986394,TRINIDAD,Bienes y servicios diversos
2021-06-01,93.0644890178,TRINIDAD,Bienes y servicios diversos
2021-07-01,93.10367363,TRINIDAD,Bienes y servicios diversos
2021-08-01,93.2990126366,TRINIDAD,Bienes y servicios diversos
2021-09-01,93.4406602893,TRINIDAD,Bienes y servicios diversos
2021-10-01,93.5630175719,TRINIDAD,Bienes y servicios diversos
2021-11-01,93.0075923207,TRINIDAD,Bienes y servicios diversos
2021-12-01,94.1867239074,TRINIDAD,Bienes y servicios diversos
2022-01-01,93.168185219,TRINIDAD,Bienes y servicios diversos
2022-02-01,93.5703195227,TRINIDAD,Bienes y servicios diversos
2022-03-01,93.8696333311,TRINIDAD,Bienes y servicios diversos
2022-04-01,94.1417884916,TRINIDAD,Bienes y servicios diversos
2022-05-01,93.947306984,TRINIDAD,Bienes y servicios diversos
2022-06-01,93.8459362687,TRINIDAD,Bienes y servicios diversos
2022-07-01,94.476853119,TRINIDAD,Bienes y servicios diversos
2022-08-01,94.8124564672,TRINIDAD,Bienes y servicios diversos
2022-09-01,96.093075197,TRINIDAD,Bienes y servicios diversos
2022-10-01,95.3069021984,TRINIDAD,Bienes y servicios diversos
2022-11-01,95.35787601,TRINIDAD,Bienes y servicios diversos
2022-12-01,96.697053014,TRINIDAD,Bienes y servicios diversos
2023-01-01,96.5408339295,TRINIDAD,Bienes y servicios diversos
2023-02-01,96.8125353897,TRINIDAD,Bienes y servicios diversos
2023-03-01,96.5205141665,TRINIDAD,Bienes y servicios diversos
2023-04-01,96.1018382835,TRINIDAD,Bienes y servicios diversos
2023-05-01,96.6502589852,TRINIDAD,Bienes y servicios diversos
2023-06-01,96.7834429752,TRINIDAD,Bienes y servicios diversos
2023-07-01,96.91879831,TRINIDAD,Bienes y servicios diversos
2023-08-01,97.0785571763,TRINIDAD,Bienes y servicios diversos
2023-09-01,97.387480322,TRINIDAD,Bienes y servicios diversos
2023-10-01,97.4774241644,TRINIDAD,Bienes y servicios diversos
2023-11-01,97.71234545,TRINIDAD,Bienes y servicios diversos
2023-12-01,98.6297419898,TRINIDAD,Bienes y servicios diversos
2024-01-01,97.9324185954,TRINIDAD,Bienes y servicios diversos
2024-02-01,98.27058116,TRINIDAD,Bienes y servicios diversos
2024-03-01,97.7578507511,TRINIDAD,Bienes y servicios diversos
2024-04-01,98.963930635,TRINIDAD,Bienes y servicios diversos
2024-05-01,99.9138918173,TRINIDAD,Bienes y servicios diversos
2024-06-01,101.0057579201,TRINIDAD,Bienes y servicios diversos
2024-07-01,101.1167383367,TRINIDAD,Bienes y servicios diversos
2024-08-01,102.6182764985,TRINIDAD,Bienes y servicios diversos
2024-09-01,105.0261914163,TRINIDAD,Bienes y servicios diversos
2024-10-01,107.2303403347,TRINIDAD,Bienes y servicios diversos
2024-11-01,110.6992109581,TRINIDAD,Bienes y servicios diversos
2024-12-01,114.3850055644,TRINIDAD,Bienes y servicios diversos
2025-01-01,120.1862118827,TRINIDAD,Bienes y servicios diversos
2025-02-01,120.7764076801,TRINIDAD,Bienes y servicios diversos
2025-03-01,124.1021197211,TRINIDAD,Bienes y servicios diversos
2025-04-01,130.6055461962,TRINIDAD,Bienes y servicios diversos
2025-05-01,135.7865134357,TRINIDAD,Bienes y servicios diversos
2025-06-01,146.8855239554,TRINIDAD,Bienes y servicios diversos
2025-07-01,158.8265855826,TRINIDAD,Bienes y servicios diversos
2025-08-01,169.4561082738,TRINIDAD,Bienes y servicios diversos
2025-09-01,172.050212029,TRINIDAD,Bienes y servicios diversos
2025-10-01,172.7078622903,TRINIDAD,Bienes y servicios diversos
2025-11-01,172.7047227286,TRINIDAD,Bienes y servicios diversos
2025-12-01,172.094108269,TRINIDAD,Bienes y servicios diversos
2026-01-01,171.2437392445,TRINIDAD,Bienes y servicios diversos
2026-02-01,174.3000601594,TRINIDAD,Bienes y servicios diversos
2026-03-01,168.995658743,TRINIDAD,Bienes y servicios diversos
2026-04-01,167.1836991894,TRINIDAD,Bienes y servicios diversos
2026-05-01,166.9510781354,TRINIDAD,Bienes y servicios diversos
2026-06-01,165.1936305467,TRINIDAD,Bienes y servicios diversos
2026-07-01,163.2829212379,TRINIDAD,Bienes y servicios diversos
2018-01-01,100.5499963462,TRINIDAD,Comunicaciones
2018-02-01,100.0428093364,TRINIDAD,Comunicaciones
2018-03-01,99.8494806158,TRINIDAD,Comunicaciones
2018-04-01,100.2345160602,TRINIDAD,Comunicaciones
2018-05-01,99.9809178064,TRINIDAD,Comunicaciones
2018-06-01,100.6022452371,TRINIDAD,Comunicaciones
2018-07-01,100.2541270861,TRINIDAD,Comunicaciones
2018-08-01,100.1984111743,TRINIDAD,Comunicaciones
2018-09-01,100.3128476092,TRINIDAD,Comunicaciones
2018-10-01,100.412425268,TRINIDAD,Comunicaciones
2018-11-01,100.5138504676,TRINIDAD,Comunicaciones
2018-12-01,100.2178392752,TRINIDAD,Comunicaciones
2019-01-01,99.9639660889,TRINIDAD,Comunicaciones
2019-02-01,99.7670888845,TRINIDAD,Comunicaciones
2019-03-01,99.6883918788,TRINIDAD,Comunicaciones
2019-04-01,99.6587493134,TRINIDAD,Comunicaciones
2019-05-01,99.5716510552,TRINIDAD,Comunicaciones
2019-06-01,99.688573199,TRINIDAD,Comunicaciones
2019-07-01,99.7355711092,TRINIDAD,Comunicaciones
2019-08-01,99.6349720987,TRINIDAD,Comunicaciones
2019-09-01,99.7358022074,TRINIDAD,Comunicaciones
2019-10-01,99.6597858558,TRINIDAD,Comunicaciones
2019-11-01,99.567829633,TRINIDAD,Comunicaciones
2019-12-01,99.6714780833,TRINIDAD,Comunicaciones
2020-01-01,99.7206389371,TRINIDAD,Comunicaciones
2020-02-01,99.5883348308,TRINIDAD,Comunicaciones
2020-03-01,99.6088663158,TRINIDAD,Comunicaciones
2020-04-01,99.6088663178,TRINIDAD,Comunicaciones
2020-05-01,99.6088663178,TRINIDAD,Comunicaciones
2020-06-01,99.6088663178,TRINIDAD,Comunicaciones
2020-07-01,100.3771030735,TRINIDAD,Comunicaciones
2020-08-01,100.7065677029,TRINIDAD,Comunicaciones
2020-09-01,100.6214000514,TRINIDAD,Comunicaciones
2020-10-01,100.4502698859,TRINIDAD,Comunicaciones
2020-11-01,100.3488917399,TRINIDAD,Comunicaciones
2020-12-01,100.1228416053,TRINIDAD,Comunicaciones
2021-01-01,99.7969028321,TRINIDAD,Comunicaciones
2021-02-01,99.6066941701,TRINIDAD,Comunicaciones
2021-03-01,99.5973928179,TRINIDAD,Comunicaciones
2021-04-01,100.0398181213,TRINIDAD,Comunicaciones
2021-05-01,99.8203977106,TRINIDAD,Comunicaciones
2021-06-01,100.0119503702,TRINIDAD,Comunicaciones
2021-07-01,99.88445584,TRINIDAD,Comunicaciones
2021-08-01,99.9435924902,TRINIDAD,Comunicaciones
2021-09-01,99.9435924882,TRINIDAD,Comunicaciones
2021-10-01,99.9435924882,TRINIDAD,Comunicaciones
2021-11-01,99.917279088,TRINIDAD,Comunicaciones
2021-12-01,99.9347012647,TRINIDAD,Comunicaciones
2022-01-01,100.3244742613,TRINIDAD,Comunicaciones
2022-02-01,100.2021127555,TRINIDAD,Comunicaciones
2022-03-01,100.2262945721,TRINIDAD,Comunicaciones
2022-04-01,100.1271706708,TRINIDAD,Comunicaciones
2022-05-01,99.9707561045,TRINIDAD,Comunicaciones
2022-06-01,99.956918361,TRINIDAD,Comunicaciones
2022-07-01,99.8587454217,TRINIDAD,Comunicaciones
2022-08-01,99.6567570044,TRINIDAD,Comunicaciones
2022-09-01,99.6567570063,TRINIDAD,Comunicaciones
2022-10-01,99.5262678009,TRINIDAD,Comunicaciones
2022-11-01,99.65507319,TRINIDAD,Comunicaciones
2022-12-01,99.465651826,TRINIDAD,Comunicaciones
2023-01-01,99.3990766688,TRINIDAD,Comunicaciones
2023-02-01,99.3175933254,TRINIDAD,Comunicaciones
2023-03-01,99.3443301857,TRINIDAD,Comunicaciones
2023-04-01,99.3935447963,TRINIDAD,Comunicaciones
2023-05-01,99.2839291789,TRINIDAD,Comunicaciones
2023-06-01,99.2716129389,TRINIDAD,Comunicaciones
2023-07-01,99.34117796,TRINIDAD,Comunicaciones
2023-08-01,99.3309698275,TRINIDAD,Comunicaciones
2023-09-01,99.306692645,TRINIDAD,Comunicaciones
2023-10-01,99.3442272069,TRINIDAD,Comunicaciones
2023-11-01,99.38637322,TRINIDAD,Comunicaciones
2023-12-01,99.5324473742,TRINIDAD,Comunicaciones
2024-01-01,99.7121508223,TRINIDAD,Comunicaciones
2024-02-01,99.89104015,TRINIDAD,Comunicaciones
2024-03-01,100.0656064406,TRINIDAD,Comunicaciones
2024-04-01,99.8984735709,TRINIDAD,Comunicaciones
2024-05-01,99.8984735709,TRINIDAD,Comunicaciones
2024-06-01,99.8636123438,TRINIDAD,Comunicaciones
2024-07-01,99.8231224536,TRINIDAD,Comunicaciones
2024-08-01,99.9950545641,TRINIDAD,Comunicaciones
2024-09-01,99.7664446046,TRINIDAD,Comunicaciones
2024-10-01,99.7071249903,TRINIDAD,Comunicaciones
2024-11-01,99.6232986121,TRINIDAD,Comunicaciones
2024-12-01,99.8690346461,TRINIDAD,Comunicaciones
2025-01-01,99.9398036062,TRINIDAD,Comunicaciones
2025-02-01,100.2497039953,TRINIDAD,Comunicaciones
2025-03-01,100.216385453,TRINIDAD,Comunicaciones
2025-04-01,100.2511420534,TRINIDAD,Comunicaciones
2025-05-01,100.9390393474,TRINIDAD,Comunicaciones
2025-06-01,101.6570655201,TRINIDAD,Comunicaciones
2025-07-01,101.3493759406,TRINIDAD,Comunicaciones
2025-08-01,100.9857634973,TRINIDAD,Comunicaciones
2025-09-01,99.8586974716,TRINIDAD,Comunicaciones
2025-10-01,99.5784689061,TRINIDAD,Comunicaciones
2025-11-01,99.2812290813,TRINIDAD,Comunicaciones
2025-12-01,98.5415485959,TRINIDAD,Comunicaciones
2026-01-01,97.5539214646,TRINIDAD,Comunicaciones
2026-02-01,97.4480689371,TRINIDAD,Comunicaciones
2026-03-01,97.3992197891,TRINIDAD,Comunicaciones
2026-04-01,97.6012003273,TRINIDAD,Comunicaciones
2026-05-01,97.7341193106,TRINIDAD,Comunicaciones
2026-06-01,98.4800949262,TRINIDAD,Comunicaciones
2026-07-01,99.1756040059,TRINIDAD,Comunicaciones
2018-01-01,107.4874393678,TRINIDAD,Educación
2018-02-01,107.9221979166,TRINIDAD,Educación
2018-03-01,107.9221979166,TRINIDAD,Educación
2018-04-01,107.9221979166,TRINIDAD,Educación
2018-05-01,107.9221979166,TRINIDAD,Educación
2018-06-01,107.9221977992,TRINIDAD,Educación
2018-07-01,107.9221977992,TRINIDAD,Educación
2018-08-01,107.9221977992,TRINIDAD,Educación
2018-09-01,107.9221977992,TRINIDAD,Educación
2018-10-01,107.9221977992,TRINIDAD,Educación
2018-11-01,107.9221977992,TRINIDAD,Educación
2018-12-01,107.9221977992,TRINIDAD,Educación
2019-01-01,111.7098183407,TRINIDAD,Educación
2019-02-01,111.7732655958,TRINIDAD,Educación
2019-03-01,111.7732655958,TRINIDAD,Educación
2019-04-01,111.7732655958,TRINIDAD,Educación
2019-05-01,111.7732655958,TRINIDAD,Educación
2019-06-01,111.7732655958,TRINIDAD,Educación
2019-07-01,111.7732655958,TRINIDAD,Educación
2019-08-01,111.7732655958,TRINIDAD,Educación
2019-09-01,111.7732655958,TRINIDAD,Educación
2019-10-01,111.7732655958,TRINIDAD,Educación
2019-11-01,111.7732655958,TRINIDAD,Educación
2019-12-01,111.7732655958,TRINIDAD,Educación
2020-01-01,115.0346286436,TRINIDAD,Educación
2020-02-01,115.0346286436,TRINIDAD,Educación
2020-03-01,115.0354187357,TRINIDAD,Educación
2020-04-01,115.0354187357,TRINIDAD,Educación
2020-05-01,115.0354187357,TRINIDAD,Educación
2020-06-01,115.0354187357,TRINIDAD,Educación
2020-07-01,115.0354187357,TRINIDAD,Educación
2020-08-01,115.0354187357,TRINIDAD,Educación
2020-09-01,115.0354187357,TRINIDAD,Educación
2020-10-01,115.0354187357,TRINIDAD,Educación
2020-11-01,115.0354187357,TRINIDAD,Educación
2020-12-01,115.0354187357,TRINIDAD,Educación
2021-01-01,115.0354036089,TRINIDAD,Educación
2021-02-01,122.7525920636,TRINIDAD,Educación
2021-03-01,109.6542928733,TRINIDAD,Educación
2021-04-01,107.7030851834,TRINIDAD,Educación
2021-05-01,107.7030851834,TRINIDAD,Educación
2021-06-01,107.7030851834,TRINIDAD,Educación
2021-07-01,107.7030852,TRINIDAD,Educación
2021-08-01,107.7030851834,TRINIDAD,Educación
2021-09-01,107.7030851834,TRINIDAD,Educación
2021-10-01,107.7030851834,TRINIDAD,Educación
2021-11-01,107.7030851834,TRINIDAD,Educación
2021-12-01,107.7030851834,TRINIDAD,Educación
2022-01-01,126.6630809492,TRINIDAD,Educación
2022-02-01,119.8986143958,TRINIDAD,Educación
2022-03-01,119.8986143958,TRINIDAD,Educación
2022-04-01,119.8986143958,TRINIDAD,Educación
2022-05-01,119.8986143958,TRINIDAD,Educación
2022-06-01,119.8986143958,TRINIDAD,Educación
2022-07-01,119.8986143958,TRINIDAD,Educación
2022-08-01,119.8986143958,TRINIDAD,Educación
2022-09-01,119.8986143958,TRINIDAD,Educación
2022-10-01,119.8986143958,TRINIDAD,Educación
2022-11-01,119.8986144,TRINIDAD,Educación
2022-12-01,119.8986143958,TRINIDAD,Educación
2023-01-01,119.3549857863,TRINIDAD,Educación
2023-02-01,119.3549857863,TRINIDAD,Educación
2023-03-01,119.3549857863,TRINIDAD,Educación
2023-04-01,119.3549857863,TRINIDAD,Educación
2023-05-01,119.3549857863,TRINIDAD,Educación
2023-06-01,119.3549857863,TRINIDAD,Educación
2023-07-01,119.9927333,TRINIDAD,Educación
2023-08-01,119.9927332637,TRINIDAD,Educación
2023-09-01,119.9927332637,TRINIDAD,Educación
2023-10-01,119.9927332637,TRINIDAD,Educación
2023-11-01,119.9927333,TRINIDAD,Educación
2023-12-01,119.9927332637,TRINIDAD,Educación
2024-01-01,120.6031597267,TRINIDAD,Educación
2024-02-01,120.4954359,TRINIDAD,Educación
2024-03-01,120.4954358833,TRINIDAD,Educación
2024-04-01,120.4954358833,TRINIDAD,Educación
2024-05-01,120.4954358833,TRINIDAD,Educación
2024-06-01,120.4954358833,TRINIDAD,Educación
2024-07-01,120.4954358833,TRINIDAD,Educación
2024-08-01,121.2531760841,TRINIDAD,Educación
2024-09-01,121.2531760841,TRINIDAD,Educación
2024-10-01,121.2531760841,TRINIDAD,Educación
2024-11-01,121.2531760841,TRINIDAD,Educación
2024-12-01,121.2531760841,TRINIDAD,Educación
2025-01-01,123.1317061029,TRINIDAD,Educación
2025-02-01,123.1187471344,TRINIDAD,Educación
2025-03-01,123.1187471344,TRINIDAD,Educación
2025-04-01,123.1187471344,TRINIDAD,Educación
2025-05-01,123.1187471344,TRINIDAD,Educación
2025-06-01,123.1187471344,TRINIDAD,Educación
2025-07-01,123.1187471344,TRINIDAD,Educación
2025-08-01,123.1187471344,TRINIDAD,Educación
2025-09-01,123.1187471344,TRINIDAD,Educación
2025-10-01,123.1187471344,TRINIDAD,Educación
2025-11-01,123.1187471344,TRINIDAD,Educación
2025-12-01,123.1187471344,TRINIDAD,Educación
2026-01-01,124.7262492772,TRINIDAD,Educación
2026-02-01,124.7262492734,TRINIDAD,Educación
2026-03-01,127.0307224104,TRINIDAD,Educación
2026-04-01,127.0307224104,TRINIDAD,Educación
2026-05-01,127.0307224104,TRINIDAD,Educación
2026-06-01,127.0307224104,TRINIDAD,Educación
2026-07-01,127.0307224104,TRINIDAD,Educación
2018-01-01,106.2491889727,TRINIDAD,"Muebles, bienes y servicios domésticos"
2018-02-01,105.1161622869,TRINIDAD,"Muebles, bienes y servicios domésticos"
2018-03-01,105.0973764713,TRINIDAD,"Muebles, bienes y servicios domésticos"
2018-04-01,105.0109895824,TRINIDAD,"Muebles, bienes y servicios domésticos"
2018-05-01,104.8608761506,TRINIDAD,"Muebles, bienes y servicios domésticos"
2018-06-01,105.7986893084,TRINIDAD,"Muebles, bienes y servicios domésticos"
2018-07-01,105.9677378677,TRINIDAD,"Muebles, bienes y servicios domésticos"
2018-08-01,105.2164585956,TRINIDAD,"Muebles, bienes y servicios domésticos"
2018-09-01,105.4530731716,TRINIDAD,"Muebles, bienes y servicios domésticos"
2018-10-01,105.6511158651,TRINIDAD,"Muebles, bienes y servicios domésticos"
2018-11-01,105.751960483,TRINIDAD,"Muebles, bienes y servicios domésticos"
2018-12-01,106.3445830622,TRINIDAD,"Muebles, bienes y servicios domésticos"
2019-01-01,106.1384689031,TRINIDAD,"Muebles, bienes y servicios domésticos"
2019-02-01,105.7715990831,TRINIDAD,"Muebles, bienes y servicios domésticos"
2019-03-01,105.7647232982,TRINIDAD,"Muebles, bienes y servicios domésticos"
2019-04-01,105.8298446253,TRINIDAD,"Muebles, bienes y servicios domésticos"
2019-05-01,105.5008409778,TRINIDAD,"Muebles, bienes y servicios domésticos"
2019-06-01,106.0754923717,TRINIDAD,"Muebles, bienes y servicios domésticos"
2019-07-01,105.8144621899,TRINIDAD,"Muebles, bienes y servicios domésticos"
2019-08-01,106.0207832589,TRINIDAD,"Muebles, bienes y servicios domésticos"
2019-09-01,106.0356512727,TRINIDAD,"Muebles, bienes y servicios domésticos"
2019-10-01,106.36608556,TRINIDAD,"Muebles, bienes y servicios domésticos"
2019-11-01,106.9244411229,TRINIDAD,"Muebles, bienes y servicios domésticos"
2019-12-01,106.9390152025,TRINIDAD,"Muebles, bienes y servicios domésticos"
2020-01-01,106.6933310358,TRINIDAD,"Muebles, bienes y servicios domésticos"
2020-02-01,106.854117027,TRINIDAD,"Muebles, bienes y servicios domésticos"
2020-03-01,106.8724421034,TRINIDAD,"Muebles, bienes y servicios domésticos"
2020-04-01,107.6204502897,TRINIDAD,"Muebles, bienes y servicios domésticos"
2020-05-01,107.7374933311,TRINIDAD,"Muebles, bienes y servicios domésticos"
2020-06-01,107.7374933311,TRINIDAD,"Muebles, bienes y servicios domésticos"
2020-07-01,108.3234889152,TRINIDAD,"Muebles, bienes y servicios domésticos"
2020-08-01,108.6593710707,TRINIDAD,"Muebles, bienes y servicios domésticos"
2020-09-01,109.1078034611,TRINIDAD,"Muebles, bienes y servicios domésticos"
2020-10-01,108.9086161047,TRINIDAD,"Muebles, bienes y servicios domésticos"
2020-11-01,108.7253303962,TRINIDAD,"Muebles, bienes y servicios domésticos"
2020-12-01,109.6750231549,TRINIDAD,"Muebles, bienes y servicios domésticos"
2021-01-01,108.8660282405,TRINIDAD,"Muebles, bienes y servicios domésticos"
2021-02-01,109.4040429905,TRINIDAD,"Muebles, bienes y servicios domésticos"
2021-03-01,110.2019790785,TRINIDAD,"Muebles, bienes y servicios domésticos"
2021-04-01,110.4322925729,TRINIDAD,"Muebles, bienes y servicios domésticos"
2021-05-01,110.6605804377,TRINIDAD,"Muebles, bienes y servicios domésticos"
2021-06-01,110.588449116,TRINIDAD,"Muebles, bienes y servicios domésticos"
2021-07-01,110.3803075,TRINIDAD,"Muebles, bienes y servicios domésticos"
2021-08-01,110.3349555628,TRINIDAD,"Muebles, bienes y servicios domésticos"
2021-09-01,110.3443535678,TRINIDAD,"Muebles, bienes y servicios domésticos"
2021-10-01,110.1906095549,TRINIDAD,"Muebles, bienes y servicios domésticos"
2021-11-01,110.3083297685,TRINIDAD,"Muebles, bienes y servicios domésticos"
2021-12-01,110.5575930712,TRINIDAD,"Muebles, bienes y servicios domésticos"
2022-01-01,110.568345501,TRINIDAD,"Muebles, bienes y servicios domésticos"
2022-02-01,110.4609719553,TRINIDAD,"Muebles, bienes y servicios domésticos"
2022-03-01,110.8429880839,TRINIDAD,"Muebles, bienes y servicios domésticos"
2022-04-01,110.8470839125,TRINIDAD,"Muebles, bienes y servicios domésticos"
2022-05-01,110.7841201334,TRINIDAD,"Muebles, bienes y servicios domésticos"
2022-06-01,110.9342058511,TRINIDAD,"Muebles, bienes y servicios domésticos"
2022-07-01,111.1332055949,TRINIDAD,"Muebles, bienes y servicios domésticos"
2022-08-01,111.640668139,TRINIDAD,"Muebles, bienes y servicios domésticos"
2022-09-01,111.6129523359,TRINIDAD,"Muebles, bienes y servicios domésticos"
2022-10-01,111.9284529824,TRINIDAD,"Muebles, bienes y servicios domésticos"
2022-11-01,112.1860903,TRINIDAD,"Muebles, bienes y servicios domésticos"
2022-12-01,112.5677647197,TRINIDAD,"Muebles, bienes y servicios domésticos"
2023-01-01,112.5977671517,TRINIDAD,"Muebles, bienes y servicios domésticos"
2023-02-01,112.2094598434,TRINIDAD,"Muebles, bienes y servicios domésticos"
2023-03-01,112.0740205061,TRINIDAD,"Muebles, bienes y servicios domésticos"
2023-04-01,112.1852898799,TRINIDAD,"Muebles, bienes y servicios domésticos"
2023-05-01,112.7500212294,TRINIDAD,"Muebles, bienes y servicios domésticos"
2023-06-01,112.9195111237,TRINIDAD,"Muebles, bienes y servicios domésticos"
2023-07-01,112.8437045,TRINIDAD,"Muebles, bienes y servicios domésticos"
2023-08-01,112.5690504125,TRINIDAD,"Muebles, bienes y servicios domésticos"
2023-09-01,112.4169754825,TRINIDAD,"Muebles, bienes y servicios domésticos"
2023-10-01,112.7240456804,TRINIDAD,"Muebles, bienes y servicios domésticos"
2023-11-01,112.8145552,TRINIDAD,"Muebles, bienes y servicios domésticos"
2023-12-01,112.8472658028,TRINIDAD,"Muebles, bienes y servicios domésticos"
2024-01-01,112.8400832101,TRINIDAD,"Muebles, bienes y servicios domésticos"
2024-02-01,112.7296779,TRINIDAD,"Muebles, bienes y servicios domésticos"
2024-03-01,113.1079328591,TRINIDAD,"Muebles, bienes y servicios domésticos"
2024-04-01,113.3896801457,TRINIDAD,"Muebles, bienes y servicios domésticos"
2024-05-01,114.5782682709,TRINIDAD,"Muebles, bienes y servicios domésticos"
2024-06-01,115.1546810512,TRINIDAD,"Muebles, bienes y servicios domésticos"
2024-07-01,115.5508985876,TRINIDAD,"Muebles, bienes y servicios domésticos"
2024-08-01,117.1023542134,TRINIDAD,"Muebles, bienes y servicios domésticos"
2024-09-01,118.9089447262,TRINIDAD,"Muebles, bienes y servicios domésticos"
2024-10-01,121.8127648231,TRINIDAD,"Muebles, bienes y servicios domésticos"
2024-11-01,122.8366179601,TRINIDAD,"Muebles, bienes y servicios domésticos"
2024-12-01,124.2583294376,TRINIDAD,"Muebles, bienes y servicios domésticos"
2025-01-01,124.6864343628,TRINIDAD,"Muebles, bienes y servicios domésticos"
2025-02-01,124.4959322618,TRINIDAD,"Muebles, bienes y servicios domésticos"
2025-03-01,124.4184341479,TRINIDAD,"Muebles, bienes y servicios domésticos"
2025-04-01,126.1186937056,TRINIDAD,"Muebles, bienes y servicios domésticos"
2025-05-01,130.8935240398,TRINIDAD,"Muebles, bienes y servicios domésticos"
2025-06-01,135.6113308334,TRINIDAD,"Muebles, bienes y servicios domésticos"
2025-07-01,141.8560669051,TRINIDAD,"Muebles, bienes y servicios domésticos"
2025-08-01,145.8884390651,TRINIDAD,"Muebles, bienes y servicios domésticos"
2025-09-01,147.066879781,TRINIDAD,"Muebles, bienes y servicios domésticos"
2025-10-01,148.440992821,TRINIDAD,"Muebles, bienes y servicios domésticos"
2025-11-01,144.2359681035,TRINIDAD,"Muebles, bienes y servicios domésticos"
2025-12-01,144.896218639,TRINIDAD,"Muebles, bienes y servicios domésticos"
2026-01-01,146.9566856094,TRINIDAD,"Muebles, bienes y servicios domésticos"
2026-02-01,147.2994338821,TRINIDAD,"Muebles, bienes y servicios domésticos"
2026-03-01,146.0304031774,TRINIDAD,"Muebles, bienes y servicios domésticos"
2026-04-01,146.8304775203,TRINIDAD,"Muebles, bienes y servicios domésticos"
2026-05-01,148.3936004273,TRINIDAD,"Muebles, bienes y servicios domésticos"
2026-06-01,151.2529036972,TRINIDAD,"Muebles, bienes y servicios domésticos"
2026-07-01,150.6367458777,TRINIDAD,"Muebles, bienes y servicios domésticos"
2018-01-01,97.3858239662,TRINIDAD,Prendas de vestir y calzado
2018-02-01,95.3204886838,TRINIDAD,Prendas de vestir y calzado
2018-03-01,93.9784965402,TRINIDAD,Prendas de vestir y calzado
2018-04-01,94.8472743078,TRINIDAD,Prendas de vestir y calzado
2018-05-01,94.6988204925,TRINIDAD,Prendas de vestir y calzado
2018-06-01,94.9318719546,TRINIDAD,Prendas de vestir y calzado
2018-07-01,94.7772894352,TRINIDAD,Prendas de vestir y calzado
2018-08-01,94.4654180859,TRINIDAD,Prendas de vestir y calzado
2018-09-01,94.3629584088,TRINIDAD,Prendas de vestir y calzado
2018-10-01,94.1242126197,TRINIDAD,Prendas de vestir y calzado
2018-11-01,95.2070356795,TRINIDAD,Prendas de vestir y calzado
2018-12-01,97.5739963248,TRINIDAD,Prendas de vestir y calzado
2019-01-01,97.235417565,TRINIDAD,Prendas de vestir y calzado
2019-02-01,97.191173702,TRINIDAD,Prendas de vestir y calzado
2019-03-01,96.2104735191,TRINIDAD,Prendas de vestir y calzado
2019-04-01,96.6625345647,TRINIDAD,Prendas de vestir y calzado
2019-05-01,96.7003970932,TRINIDAD,Prendas de vestir y calzado
2019-06-01,96.7512794047,TRINIDAD,Prendas de vestir y calzado
2019-07-01,96.9156632693,TRINIDAD,Prendas de vestir y calzado
2019-08-01,97.6704621618,TRINIDAD,Prendas de vestir y calzado
2019-09-01,95.9624761226,TRINIDAD,Prendas de vestir y calzado
2019-10-01,95.4571928782,TRINIDAD,Prendas de vestir y calzado
2019-11-01,95.9896192002,TRINIDAD,Prendas de vestir y calzado
2019-12-01,97.2415007012,TRINIDAD,Prendas de vestir y calzado
2020-01-01,97.0401559734,TRINIDAD,Prendas de vestir y calzado
2020-02-01,96.6910128621,TRINIDAD,Prendas de vestir y calzado
2020-03-01,96.2707715081,TRINIDAD,Prendas de vestir y calzado
2020-04-01,96.2707624131,TRINIDAD,Prendas de vestir y calzado
2020-05-01,96.2707624131,TRINIDAD,Prendas de vestir y calzado
2020-06-01,96.2707624131,TRINIDAD,Prendas de vestir y calzado
2020-07-01,96.5480746836,TRINIDAD,Prendas de vestir y calzado
2020-08-01,96.6469614513,TRINIDAD,Prendas de vestir y calzado
2020-09-01,96.8161835472,TRINIDAD,Prendas de vestir y calzado
2020-10-01,97.1140855371,TRINIDAD,Prendas de vestir y calzado
2020-11-01,97.2003248122,TRINIDAD,Prendas de vestir y calzado
2020-12-01,98.0723473424,TRINIDAD,Prendas de vestir y calzado
2021-01-01,97.0765784713,TRINIDAD,Prendas de vestir y calzado
2021-02-01,96.9431303583,TRINIDAD,Prendas de vestir y calzado
2021-03-01,96.8385053145,TRINIDAD,Prendas de vestir y calzado
2021-04-01,96.9422375361,TRINIDAD,Prendas de vestir y calzado
2021-05-01,97.2391967177,TRINIDAD,Prendas de vestir y calzado
2021-06-01,97.483566887,TRINIDAD,Prendas de vestir y calzado
2021-07-01,96.27106484,TRINIDAD,Prendas de vestir y calzado
2021-08-01,96.0607282303,TRINIDAD,Prendas de vestir y calzado
2021-09-01,96.1450774246,TRINIDAD,Prendas de vestir y calzado
2021-10-01,96.2821677251,TRINIDAD,Prendas de vestir y calzado
2021-11-01,96.1792811897,TRINIDAD,Prendas de vestir y calzado
2021-12-01,98.3328239066,TRINIDAD,Prendas de vestir y calzado
2022-01-01,95.8914513686,TRINIDAD,Prendas de vestir y calzado
2022-02-01,96.4674390921,TRINIDAD,Prendas de vestir y calzado
2022-03-01,96.6756545309,TRINIDAD,Prendas de vestir y calzado
2022-04-01,96.4991356113,TRINIDAD,Prendas de vestir y calzado
2022-05-01,97.0127007493,TRINIDAD,Prendas de vestir y calzado
2022-06-01,97.3228679243,TRINIDAD,Prendas de vestir y calzado
2022-07-01,96.6515862215,TRINIDAD,Prendas de vestir y calzado
2022-08-01,97.1346024203,TRINIDAD,Prendas de vestir y calzado
2022-09-01,96.8770113624,TRINIDAD,Prendas de vestir y calzado
2022-10-01,97.6563133043,TRINIDAD,Prendas de vestir y calzado
2022-11-01,97.01653539,TRINIDAD,Prendas de vestir y calzado
2022-12-01,100.2132757987,TRINIDAD,Prendas de vestir y calzado
2023-01-01,100.9545858146,TRINIDAD,Prendas de vestir y calzado
2023-02-01,100.8824933907,TRINIDAD,Prendas de vestir y calzado
2023-03-01,100.0882710102,TRINIDAD,Prendas de vestir y calzado
2023-04-01,99.9058703363,TRINIDAD,Prendas de vestir y calzado
2023-05-01,99.7364340501,TRINIDAD,Prendas de vestir y calzado
2023-06-01,100.2943351727,TRINIDAD,Prendas de vestir y calzado
2023-07-01,99.87035688,TRINIDAD,Prendas de vestir y calzado
2023-08-01,100.3558871468,TRINIDAD,Prendas de vestir y calzado
2023-09-01,99.8613509225,TRINIDAD,Prendas de vestir y calzado
2023-10-01,99.7762576103,TRINIDAD,Prendas de vestir y calzado
2023-11-01,100.2196794,TRINIDAD,Prendas de vestir y calzado
2023-12-01,101.8393209736,TRINIDAD,Prendas de vestir y calzado
2024-01-01,101.9322603324,TRINIDAD,Prendas de vestir y calzado
2024-02-01,101.2163639,TRINIDAD,Prendas de vestir y calzado
2024-03-01,100.5448582829,TRINIDAD,Prendas de vestir y calzado
2024-04-01,100.1693203785,TRINIDAD,Prendas de vestir y calzado
2024-05-01,101.2590038002,TRINIDAD,Prendas de vestir y calzado
2024-06-01,100.4844068494,TRINIDAD,Prendas de vestir y calzado
2024-07-01,101.3395900972,TRINIDAD,Prendas de vestir y calzado
2024-08-01,102.0931217235,TRINIDAD,Prendas de vestir y calzado
2024-09-01,102.3552620402,TRINIDAD,Prendas de vestir y calzado
2024-10-01,103.4590613932,TRINIDAD,Prendas de vestir y calzado
2024-11-01,104.7800054833,TRINIDAD,Prendas de vestir y calzado
2024-12-01,106.756369926,TRINIDAD,Prendas de vestir y calzado
2025-01-01,108.3991753087,TRINIDAD,Prendas de vestir y calzado
2025-02-01,106.8309594592,TRINIDAD,Prendas de vestir y calzado
2025-03-01,106.45327652,TRINIDAD,Prendas de vestir y calzado
2025-04-01,107.679742025,TRINIDAD,Prendas de vestir y calzado
2025-05-01,110.8160128605,TRINIDAD,Prendas de vestir y calzado
2025-06-01,115.7798654456,TRINIDAD,Prendas de vestir y calzado
2025-07-01,119.6218550972,TRINIDAD,Prendas de vestir y calzado
2025-08-01,124.2684177644,TRINIDAD,Prendas de vestir y calzado
2025-09-01,125.5810241927,TRINIDAD,Prendas de vestir y calzado
2025-10-01,126.8568475424,TRINIDAD,Prendas de vestir y calzado
2025-11-01,127.9986513306,TRINIDAD,Prendas de vestir y calzado
2025-12-01,132.0121283942,TRINIDAD,Prendas de vestir y calzado
2026-01-01,131.938402706,TRINIDAD,Prendas de vestir y calzado
2026-02-01,130.610776969,TRINIDAD,Prendas de vestir y calzado
2026-03-01,130.1947784684,TRINIDAD,Prendas de vestir y calzado
2026-04-01,131.9120150587,TRINIDAD,Prendas de vestir y calzado
2026-05-01,132.3792455022,TRINIDAD,Prendas de vestir y calzado
2026-06-01,132.5035016334,TRINIDAD,Prendas de vestir y calzado
2026-07-01,132.5517458217,TRINIDAD,Prendas de vestir y calzado
2018-01-01,102.9591220013,TRINIDAD,Recreación y cultura
2018-02-01,103.5203260766,TRINIDAD,Recreación y cultura
2018-03-01,103.8848424161,TRINIDAD,Recreación y cultura
2018-04-01,104.8578878194,TRINIDAD,Recreación y cultura
2018-05-01,105.93666833,TRINIDAD,Recreación y cultura
2018-06-01,106.6192462353,TRINIDAD,Recreación y cultura
2018-07-01,106.3791921508,TRINIDAD,Recreación y cultura
2018-08-01,107.4853128586,TRINIDAD,Recreación y cultura
2018-09-01,107.3798945539,TRINIDAD,Recreación y cultura
2018-10-01,107.0561960048,TRINIDAD,Recreación y cultura
2018-11-01,107.157464781,TRINIDAD,Recreación y cultura
2018-12-01,107.2994092232,TRINIDAD,Recreación y cultura
2019-01-01,108.501625946,TRINIDAD,Recreación y cultura
2019-02-01,111.7652039293,TRINIDAD,Recreación y cultura
2019-03-01,111.3904923798,TRINIDAD,Recreación y cultura
2019-04-01,113.2198083187,TRINIDAD,Recreación y cultura
2019-05-01,113.3559565066,TRINIDAD,Recreación y cultura
2019-06-01,113.2669020582,TRINIDAD,Recreación y cultura
2019-07-01,111.8902142375,TRINIDAD,Recreación y cultura
2019-08-01,111.6653102225,TRINIDAD,Recreación y cultura
2019-09-01,111.091984198,TRINIDAD,Recreación y cultura
2019-10-01,111.3234011753,TRINIDAD,Recreación y cultura
2019-11-01,112.5241236352,TRINIDAD,Recreación y cultura
2019-12-01,112.9755838863,TRINIDAD,Recreación y cultura
2020-01-01,112.8117908206,TRINIDAD,Recreación y cultura
2020-02-01,114.266280077,TRINIDAD,Recreación y cultura
2020-03-01,114.8356011948,TRINIDAD,Recreación y cultura
2020-04-01,114.8356011948,TRINIDAD,Recreación y cultura
2020-05-01,114.8599404132,TRINIDAD,Recreación y cultura
2020-06-01,114.8599404132,TRINIDAD,Recreación y cultura
2020-07-01,115.2775593798,TRINIDAD,Recreación y cultura
2020-08-01,114.7753374967,TRINIDAD,Recreación y cultura
2020-09-01,114.1519929237,TRINIDAD,Recreación y cultura
2020-10-01,113.8888779557,TRINIDAD,Recreación y cultura
2020-11-01,113.7258832175,TRINIDAD,Recreación y cultura
2020-12-01,113.8707871496,TRINIDAD,Recreación y cultura
2021-01-01,114.4299001556,TRINIDAD,Recreación y cultura
2021-02-01,114.8132314798,TRINIDAD,Recreación y cultura
2021-03-01,115.6465349219,TRINIDAD,Recreación y cultura
2021-04-01,115.7310046351,TRINIDAD,Recreación y cultura
2021-05-01,116.4351831527,TRINIDAD,Recreación y cultura
2021-06-01,117.1413367017,TRINIDAD,Recreación y cultura
2021-07-01,116.8126756,TRINIDAD,Recreación y cultura
2021-08-01,116.679386278,TRINIDAD,Recreación y cultura
2021-09-01,116.8594398608,TRINIDAD,Recreación y cultura
2021-10-01,117.0076484928,TRINIDAD,Recreación y cultura
2021-11-01,117.0477724047,TRINIDAD,Recreación y cultura
2021-12-01,117.2094231113,TRINIDAD,Recreación y cultura
2022-01-01,116.9000980301,TRINIDAD,Recreación y cultura
2022-02-01,118.195498848,TRINIDAD,Recreación y cultura
2022-03-01,118.1583695133,TRINIDAD,Recreación y cultura
2022-04-01,118.7886826246,TRINIDAD,Recreación y cultura
2022-05-01,117.8509252436,TRINIDAD,Recreación y cultura
2022-06-01,117.564545444,TRINIDAD,Recreación y cultura
2022-07-01,117.6630917683,TRINIDAD,Recreación y cultura
2022-08-01,118.0824867506,TRINIDAD,Recreación y cultura
2022-09-01,118.1933359554,TRINIDAD,Recreación y cultura
2022-10-01,118.6237797724,TRINIDAD,Recreación y cultura
2022-11-01,117.7666224,TRINIDAD,Recreación y cultura
2022-12-01,114.5659797883,TRINIDAD,Recreación y cultura
2023-01-01,116.0762521472,TRINIDAD,Recreación y cultura
2023-02-01,119.6130463747,TRINIDAD,Recreación y cultura
2023-03-01,119.248697935,TRINIDAD,Recreación y cultura
2023-04-01,116.4143137646,TRINIDAD,Recreación y cultura
2023-05-01,116.1276973363,TRINIDAD,Recreación y cultura
2023-06-01,114.79811847,TRINIDAD,Recreación y cultura
2023-07-01,115.135355,TRINIDAD,Recreación y cultura
2023-08-01,116.4448091072,TRINIDAD,Recreación y cultura
2023-09-01,116.3420808632,TRINIDAD,Recreación y cultura
2023-10-01,116.3771512838,TRINIDAD,Recreación y cultura
2023-11-01,116.7017278,TRINIDAD,Recreación y cultura
2023-12-01,116.917344306,TRINIDAD,Recreación y cultura
2024-01-01,119.8806701378,TRINIDAD,Recreación y cultura
2024-02-01,121.9518385,TRINIDAD,Recreación y cultura
2024-03-01,123.4538130443,TRINIDAD,Recreación y cultura
2024-04-01,123.0990630379,TRINIDAD,Recreación y cultura
2024-05-01,123.2654875584,TRINIDAD,Recreación y cultura
2024-06-01,122.8798124885,TRINIDAD,Recreación y cultura
2024-07-01,122.8633818586,TRINIDAD,Recreación y cultura
2024-08-01,122.6740572166,TRINIDAD,Recreación y cultura
2024-09-01,121.7770617835,TRINIDAD,Recreación y cultura
2024-10-01,122.9190473243,TRINIDAD,Recreación y cultura
2024-11-01,121.9151071356,TRINIDAD,Recreación y cultura
2024-12-01,122.2136722149,TRINIDAD,Recreación y cultura
2025-01-01,125.8682225976,TRINIDAD,Recreación y cultura
2025-02-01,149.2861417923,TRINIDAD,Recreación y cultura
2025-03-01,153.1580098212,TRINIDAD,Recreación y cultura
2025-04-01,152.1104606317,TRINIDAD,Recreación y cultura
2025-05-01,152.0350895471,TRINIDAD,Recreación y cultura
2025-06-01,153.8573780122,TRINIDAD,Recreación y cultura
2025-07-01,156.3846262477,TRINIDAD,Recreación y cultura
2025-08-01,159.6761692075,TRINIDAD,Recreación y cultura
2025-09-01,162.7043160046,TRINIDAD,Recreación y cultura
2025-10-01,162.0007773562,TRINIDAD,Recreación y cultura
2025-11-01,158.8951376488,TRINIDAD,Recreación y cultura
2025-12-01,155.937492471,TRINIDAD,Recreación y cultura
2026-01-01,155.2767971465,TRINIDAD,Recreación y cultura
2026-02-01,168.0346357339,TRINIDAD,Recreación y cultura
2026-03-01,167.549493038,TRINIDAD,Recreación y cultura
2026-04-01,166.0780766728,TRINIDAD,Recreación y cultura
2026-05-01,169.7963627298,TRINIDAD,Recreación y cultura
2026-06-01,170.2522970811,TRINIDAD,Recreación y cultura
2026-07-01,169.7678345274,TRINIDAD,Recreación y cultura
2018-01-01,99.1512351778,TRINIDAD,Salud
2018-02-01,98.6850665045,TRINIDAD,Salud
2018-03-01,98.4857567347,TRINIDAD,Salud
2018-04-01,98.9744825063,TRINIDAD,Salud
2018-05-01,100.2634489136,TRINIDAD,Salud
2018-06-01,101.2489797338,TRINIDAD,Salud
2018-07-01,100.7229817053,TRINIDAD,Salud
2018-08-01,99.9504131711,TRINIDAD,Salud
2018-09-01,101.0704561627,TRINIDAD,Salud
2018-10-01,99.0874485577,TRINIDAD,Salud
2018-11-01,98.7203063263,TRINIDAD,Salud
2018-12-01,99.2850661728,TRINIDAD,Salud
2019-01-01,99.5673988276,TRINIDAD,Salud
2019-02-01,99.8949486736,TRINIDAD,Salud
2019-03-01,99.7532606752,TRINIDAD,Salud
2019-04-01,99.4002331352,TRINIDAD,Salud
2019-05-01,99.7154470059,TRINIDAD,Salud
2019-06-01,99.9926488912,TRINIDAD,Salud
2019-07-01,100.3926519098,TRINIDAD,Salud
2019-08-01,100.6358067116,TRINIDAD,Salud
2019-09-01,99.8431219483,TRINIDAD,Salud
2019-10-01,100.2984905423,TRINIDAD,Salud
2019-11-01,100.5491416487,TRINIDAD,Salud
2019-12-01,100.7095019527,TRINIDAD,Salud
2020-01-01,101.0901271474,TRINIDAD,Salud
2020-02-01,101.0176446577,TRINIDAD,Salud
2020-03-01,101.8340026412,TRINIDAD,Salud
2020-04-01,101.9729719761,TRINIDAD,Salud
2020-05-01,101.7819487391,TRINIDAD,Salud
2020-06-01,101.7287964715,TRINIDAD,Salud
2020-07-01,106.2207372945,TRINIDAD,Salud
2020-08-01,110.0964618714,TRINIDAD,Salud
2020-09-01,110.1797190418,TRINIDAD,Salud
2020-10-01,108.528869335,TRINIDAD,Salud
2020-11-01,106.8880753425,TRINIDAD,Salud
2020-12-01,107.3218411723,TRINIDAD,Salud
2021-01-01,108.7963210943,TRINIDAD,Salud
2021-02-01,109.7152923408,TRINIDAD,Salud
2021-03-01,108.5514261769,TRINIDAD,Salud
2021-04-01,107.6675091455,TRINIDAD,Salud
2021-05-01,107.1119298649,TRINIDAD,Salud
2021-06-01,107.7305378191,TRINIDAD,Salud
2021-07-01,107.1541776,TRINIDAD,Salud
2021-08-01,106.9879540934,TRINIDAD,Salud
2021-09-01,106.7505461563,TRINIDAD,Salud
2021-10-01,106.4571007098,TRINIDAD,Salud
2021-11-01,106.3538176311,TRINIDAD,Salud
2021-12-01,105.7985187145,TRINIDAD,Salud
2022-01-01,107.2513092238,TRINIDAD,Salud
2022-02-01,106.0718767822,TRINIDAD,Salud
2022-03-01,106.0409342802,TRINIDAD,Salud
2022-04-01,106.0370021933,TRINIDAD,Salud
2022-05-01,106.0694489303,TRINIDAD,Salud
2022-06-01,106.1434363474,TRINIDAD,Salud
2022-07-01,105.9107701282,TRINIDAD,Salud
2022-08-01,106.859898198,TRINIDAD,Salud
2022-09-01,106.8583013084,TRINIDAD,Salud
2022-10-01,106.9328069294,TRINIDAD,Salud
2022-11-01,107.0535101,TRINIDAD,Salud
2022-12-01,106.8778754841,TRINIDAD,Salud
2023-01-01,106.8729792206,TRINIDAD,Salud
2023-02-01,106.7704133696,TRINIDAD,Salud
2023-03-01,106.7061855773,TRINIDAD,Salud
2023-04-01,106.7409893713,TRINIDAD,Salud
2023-05-01,106.5306160683,TRINIDAD,Salud
2023-06-01,106.9877651838,TRINIDAD,Salud
2023-07-01,106.8469356,TRINIDAD,Salud
2023-08-01,106.6745678126,TRINIDAD,Salud
2023-09-01,107.1849259938,TRINIDAD,Salud
2023-10-01,107.2225729772,TRINIDAD,Salud
2023-11-01,107.0066593,TRINIDAD,Salud
2023-12-01,107.3375374793,TRINIDAD,Salud
2024-01-01,107.3639582648,TRINIDAD,Salud
2024-02-01,107.7153866,TRINIDAD,Salud
2024-03-01,108.0540489781,TRINIDAD,Salud
2024-04-01,108.4146236404,TRINIDAD,Salud
2024-05-01,110.7529012359,TRINIDAD,Salud
2024-06-01,112.8976064069,TRINIDAD,Salud
2024-07-01,113.0067491001,TRINIDAD,Salud
2024-08-01,113.9284945721,TRINIDAD,Salud
2024-09-01,114.9772717901,TRINIDAD,Salud
2024-10-01,114.7142759378,TRINIDAD,Salud
2024-11-01,116.6150170504,TRINIDAD,Salud
2024-12-01,117.2493569372,TRINIDAD,Salud
2025-01-01,117.0372965418,TRINIDAD,Salud
2025-02-01,116.8156241635,TRINIDAD,Salud
2025-03-01,117.7302652445,TRINIDAD,Salud
2025-04-01,121.8441994089,TRINIDAD,Salud
2025-05-01,126.9641434244,TRINIDAD,Salud
2025-06-01,138.5709321432,TRINIDAD,Salud
2025-07-01,146.8657484153,TRINIDAD,Salud
2025-08-01,155.9966814427,TRINIDAD,Salud
2025-09-01,166.4502750222,TRINIDAD,Salud
2025-10-01,170.8994713586,TRINIDAD,Salud
2025-11-01,162.2155946347,TRINIDAD,Salud
2025-12-01,155.1300664399,TRINIDAD,Salud
2026-01-01,153.2139589198,TRINIDAD,Salud
2026-02-01,147.664087881,TRINIDAD,Salud
2026-03-01,146.1811797645,TRINIDAD,Salud
2026-04-01,145.2116662622,TRINIDAD,Salud
2026-05-01,147.0587420015,TRINIDAD,Salud
2026-06-01,154.8720472731,TRINIDAD,Salud
2026-07-01,150.680069284,TRINIDAD,Salud
2018-01-01,100.129250858,TRINIDAD,Transporte
2018-02-01,99.9944033927,TRINIDAD,Transporte
2018-03-01,99.7241971914,TRINIDAD,Transporte
2018-04-01,99.4918082793,TRINIDAD,Transporte
2018-05-01,99.5031809159,TRINIDAD,Transporte
2018-06-01,99.3017989117,TRINIDAD,Transporte
2018-07-01,99.6058280998,TRINIDAD,Transporte
2018-08-01,99.6871071818,TRINIDAD,Transporte
2018-09-01,100.0406051003,TRINIDAD,Transporte
2018-10-01,99.5163238194,TRINIDAD,Transporte
2018-11-01,99.5959572319,TRINIDAD,Transporte
2018-12-01,101.4240580691,TRINIDAD,Transporte
2019-01-01,100.333886504,TRINIDAD,Transporte
2019-02-01,100.2961881825,TRINIDAD,Transporte
2019-03-01,100.9422851093,TRINIDAD,Transporte
2019-04-01,100.9472799084,TRINIDAD,Transporte
2019-05-01,100.9784533799,TRINIDAD,Transporte
2019-06-01,101.1679297312,TRINIDAD,Transporte
2019-07-01,101.5539518483,TRINIDAD,Transporte
2019-08-01,101.1822963081,TRINIDAD,Transporte
2019-09-01,101.3837719185,TRINIDAD,Transporte
2019-10-01,101.7431240412,TRINIDAD,Transporte
2019-11-01,101.7575775209,TRINIDAD,Transporte
2019-12-01,102.2302269589,TRINIDAD,Transporte
2020-01-01,102.0703233475,TRINIDAD,Transporte
2020-02-01,101.5451713777,TRINIDAD,Transporte
2020-03-01,101.1558598982,TRINIDAD,Transporte
2020-04-01,101.1558598982,TRINIDAD,Transporte
2020-05-01,101.1558598982,TRINIDAD,Transporte
2020-06-01,101.1558598982,TRINIDAD,Transporte
2020-07-01,101.2824431275,TRINIDAD,Transporte
2020-08-01,101.513973712,TRINIDAD,Transporte
2020-09-01,101.5681120084,TRINIDAD,Transporte
2020-10-01,102.2038198548,TRINIDAD,Transporte
2020-11-01,102.3005180943,TRINIDAD,Transporte
2020-12-01,103.0946031441,TRINIDAD,Transporte
2021-01-01,102.7262234158,TRINIDAD,Transporte
2021-02-01,102.9140119623,TRINIDAD,Transporte
2021-03-01,102.9904151641,TRINIDAD,Transporte
2021-04-01,102.8963784895,TRINIDAD,Transporte
2021-05-01,103.1441621867,TRINIDAD,Transporte
2021-06-01,103.0725364617,TRINIDAD,Transporte
2021-07-01,103.4389805,TRINIDAD,Transporte
2021-08-01,103.8589419702,TRINIDAD,Transporte
2021-09-01,103.8651171722,TRINIDAD,Transporte
2021-10-01,103.859165529,TRINIDAD,Transporte
2021-11-01,104.5946577082,TRINIDAD,Transporte
2021-12-01,105.972220134,TRINIDAD,Transporte
2022-01-01,105.8246413303,TRINIDAD,Transporte
2022-02-01,105.8678776325,TRINIDAD,Transporte
2022-03-01,105.9371608174,TRINIDAD,Transporte
2022-04-01,105.5781032509,TRINIDAD,Transporte
2022-05-01,105.193044676,TRINIDAD,Transporte
2022-06-01,105.6500568438,TRINIDAD,Transporte
2022-07-01,106.3851608567,TRINIDAD,Transporte
2022-08-01,106.8206614168,TRINIDAD,Transporte
2022-09-01,106.7933540742,TRINIDAD,Transporte
2022-10-01,106.7172420847,TRINIDAD,Transporte
2022-11-01,107.2732702,TRINIDAD,Transporte
2022-12-01,110.4030132948,TRINIDAD,Transporte
2023-01-01,108.5739605264,TRINIDAD,Transporte
2023-02-01,107.7865235825,TRINIDAD,Transporte
2023-03-01,107.0846538942,TRINIDAD,Transporte
2023-04-01,107.5848747207,TRINIDAD,Transporte
2023-05-01,107.2037001208,TRINIDAD,Transporte
2023-06-01,108.0852977248,TRINIDAD,Transporte
2023-07-01,109.0906363,TRINIDAD,Transporte
2023-08-01,108.6812826777,TRINIDAD,Transporte
2023-09-01,108.6349199094,TRINIDAD,Transporte
2023-10-01,108.5938061812,TRINIDAD,Transporte
2023-11-01,108.7365011,TRINIDAD,Transporte
2023-12-01,111.0647683793,TRINIDAD,Transporte
2024-01-01,110.7179609418,TRINIDAD,Transporte
2024-02-01,109.973642,TRINIDAD,Transporte
2024-03-01,111.2934930298,TRINIDAD,Transporte
2024-04-01,110.8410402737,TRINIDAD,Transporte
2024-05-01,111.539108494,TRINIDAD,Transporte
2024-06-01,111.7287300122,TRINIDAD,Transporte
2024-07-01,113.5089141848,TRINIDAD,Transporte
2024-08-01,115.5955347463,TRINIDAD,Transporte
2024-09-01,116.4507310094,TRINIDAD,Transporte
2024-10-01,118.1888986539,TRINIDAD,Transporte
2024-11-01,119.7037839892,TRINIDAD,Transporte
2024-12-01,121.9892879618,TRINIDAD,Transporte
2025-01-01,122.8945369113,TRINIDAD,Transporte
2025-02-01,121.3856232574,TRINIDAD,Transporte
2025-03-01,123.5916763313,TRINIDAD,Transporte
2025-04-01,125.1666124967,TRINIDAD,Transporte
2025-05-01,127.7802559496,TRINIDAD,Transporte
2025-06-01,131.7619996523,TRINIDAD,Transporte
2025-07-01,135.7484455695,TRINIDAD,Transporte
2025-08-01,138.8532821382,TRINIDAD,Transporte
2025-09-01,138.0509271637,TRINIDAD,Transporte
2025-10-01,138.3694722758,TRINIDAD,Transporte
2025-11-01,138.3498208574,TRINIDAD,Transporte
2025-12-01,153.898078129,TRINIDAD,Transporte
2026-01-01,170.9577999728,TRINIDAD,Transporte
2026-02-01,169.9997111059,TRINIDAD,Transporte
2026-03-01,167.6665145907,TRINIDAD,Transporte
2026-04-01,166.5115482318,TRINIDAD,Transporte
2026-05-01,167.5152099674,TRINIDAD,Transporte
2026-06-01,168.9097555035,TRINIDAD,Transporte
2026-07-01,167.58161971,TRINIDAD,Transporte
2018-01-01,103.5539160509,TRINIDAD,Vivienda y servicios básicos
2018-02-01,103.5755228424,TRINIDAD,Vivienda y servicios básicos
2018-03-01,104.0070922225,TRINIDAD,Vivienda y servicios básicos
2018-04-01,104.0641258485,TRINIDAD,Vivienda y servicios básicos
2018-05-01,104.1049510367,TRINIDAD,Vivienda y servicios básicos
2018-06-01,104.8898710409,TRINIDAD,Vivienda y servicios básicos
2018-07-01,104.8068479251,TRINIDAD,Vivienda y servicios básicos
2018-08-01,104.6911172636,TRINIDAD,Vivienda y servicios básicos
2018-09-01,104.6812607723,TRINIDAD,Vivienda y servicios básicos
2018-10-01,104.5056972533,TRINIDAD,Vivienda y servicios básicos
2018-11-01,104.5558091685,TRINIDAD,Vivienda y servicios básicos
2018-12-01,104.9788786923,TRINIDAD,Vivienda y servicios básicos
2019-01-01,104.9359979163,TRINIDAD,Vivienda y servicios básicos
2019-02-01,104.9822407282,TRINIDAD,Vivienda y servicios básicos
2019-03-01,105.2051600106,TRINIDAD,Vivienda y servicios básicos
2019-04-01,105.2301016602,TRINIDAD,Vivienda y servicios básicos
2019-05-01,105.2117279223,TRINIDAD,Vivienda y servicios básicos
2019-06-01,105.3409770756,TRINIDAD,Vivienda y servicios básicos
2019-07-01,105.2813244219,TRINIDAD,Vivienda y servicios básicos
2019-08-01,105.2946379835,TRINIDAD,Vivienda y servicios básicos
2019-09-01,105.1420477979,TRINIDAD,Vivienda y servicios básicos
2019-10-01,105.3015641971,TRINIDAD,Vivienda y servicios básicos
2019-11-01,105.6087343156,TRINIDAD,Vivienda y servicios básicos
2019-12-01,105.6756457627,TRINIDAD,Vivienda y servicios básicos
2020-01-01,99.2046026184,TRINIDAD,Vivienda y servicios básicos
2020-02-01,99.4267884597,TRINIDAD,Vivienda y servicios básicos
2020-03-01,99.4155262197,TRINIDAD,Vivienda y servicios básicos
2020-04-01,99.0858597258,TRINIDAD,Vivienda y servicios básicos
2020-05-01,99.1583906557,TRINIDAD,Vivienda y servicios básicos
2020-06-01,99.1749810733,TRINIDAD,Vivienda y servicios básicos
2020-07-01,99.2687579021,TRINIDAD,Vivienda y servicios básicos
2020-08-01,99.3870493391,TRINIDAD,Vivienda y servicios básicos
2020-09-01,99.6383905966,TRINIDAD,Vivienda y servicios básicos
2020-10-01,99.6486674748,TRINIDAD,Vivienda y servicios básicos
2020-11-01,100.5336080546,TRINIDAD,Vivienda y servicios básicos
2020-12-01,100.5948380236,TRINIDAD,Vivienda y servicios básicos
2021-01-01,100.4890504375,TRINIDAD,Vivienda y servicios básicos
2021-02-01,100.443664178,TRINIDAD,Vivienda y servicios básicos
2021-03-01,100.4538811238,TRINIDAD,Vivienda y servicios básicos
2021-04-01,100.5661800771,TRINIDAD,Vivienda y servicios básicos
2021-05-01,100.5942935946,TRINIDAD,Vivienda y servicios básicos
2021-06-01,100.6728995572,TRINIDAD,Vivienda y servicios básicos
2021-07-01,100.5591556,TRINIDAD,Vivienda y servicios básicos
2021-08-01,100.3570759472,TRINIDAD,Vivienda y servicios básicos
2021-09-01,100.2770054184,TRINIDAD,Vivienda y servicios básicos
2021-10-01,100.258336154,TRINIDAD,Vivienda y servicios básicos
2021-11-01,100.1957658663,TRINIDAD,Vivienda y servicios básicos
2021-12-01,100.4385618586,TRINIDAD,Vivienda y servicios básicos
2022-01-01,100.0763984748,TRINIDAD,Vivienda y servicios básicos
2022-02-01,100.0859278191,TRINIDAD,Vivienda y servicios básicos
2022-03-01,100.140995689,TRINIDAD,Vivienda y servicios básicos
2022-04-01,100.230082448,TRINIDAD,Vivienda y servicios básicos
2022-05-01,100.243428349,TRINIDAD,Vivienda y servicios básicos
2022-06-01,100.7423790463,TRINIDAD,Vivienda y servicios básicos
2022-07-01,100.5796514884,TRINIDAD,Vivienda y servicios básicos
2022-08-01,100.8648255241,TRINIDAD,Vivienda y servicios básicos
2022-09-01,101.0210009318,TRINIDAD,Vivienda y servicios básicos
2022-10-01,101.0969452414,TRINIDAD,Vivienda y servicios básicos
2022-11-01,101.4238272,TRINIDAD,Vivienda y servicios básicos
2022-12-01,101.5399535553,TRINIDAD,Vivienda y servicios básicos
2023-01-01,101.6812858244,TRINIDAD,Vivienda y servicios básicos
2023-02-01,101.3447128659,TRINIDAD,Vivienda y servicios básicos
2023-03-01,101.4038761421,TRINIDAD,Vivienda y servicios básicos
2023-04-01,101.5053314399,TRINIDAD,Vivienda y servicios básicos
2023-05-01,101.7637287658,TRINIDAD,Vivienda y servicios básicos
2023-06-01,102.4204334747,TRINIDAD,Vivienda y servicios básicos
2023-07-01,102.2421163,TRINIDAD,Vivienda y servicios básicos
2023-08-01,102.2147676121,TRINIDAD,Vivienda y servicios básicos
2023-09-01,102.2506704012,TRINIDAD,Vivienda y servicios básicos
2023-10-01,102.2964533093,TRINIDAD,Vivienda y servicios básicos
2023-11-01,102.375853,TRINIDAD,Vivienda y servicios básicos
2023-12-01,101.3431422998,TRINIDAD,Vivienda y servicios básicos
2024-01-01,101.3457269969,TRINIDAD,Vivienda y servicios básicos
2024-02-01,101.329736,TRINIDAD,Vivienda y servicios básicos
2024-03-01,101.8653358591,TRINIDAD,Vivienda y servicios básicos
2024-04-01,101.5232570528,TRINIDAD,Vivienda y servicios básicos
2024-05-01,101.5907541279,TRINIDAD,Vivienda y servicios básicos
2024-06-01,101.5376799067,TRINIDAD,Vivienda y servicios básicos
2024-07-01,101.6008572048,TRINIDAD,Vivienda y servicios básicos
2024-08-01,101.7736856516,TRINIDAD,Vivienda y servicios básicos
2024-09-01,101.9132143617,TRINIDAD,Vivienda y servicios básicos
2024-10-01,102.0151740836,TRINIDAD,Vivienda y servicios básicos
2024-11-01,102.389212622,TRINIDAD,Vivienda y servicios básicos
2024-12-01,103.2807119599,TRINIDAD,Vivienda y servicios básicos
2025-01-01,103.6325907999,TRINIDAD,Vivienda y servicios básicos
2025-02-01,103.6587927528,TRINIDAD,Vivienda y servicios básicos
2025-03-01,103.9234528004,TRINIDAD,Vivienda y servicios básicos
2025-04-01,104.4256765848,TRINIDAD,Vivienda y servicios básicos
2025-05-01,104.7496066303,TRINIDAD,Vivienda y servicios básicos
2025-06-01,106.0826844991,TRINIDAD,Vivienda y servicios básicos
2025-07-01,106.3927361339,TRINIDAD,Vivienda y servicios básicos
2025-08-01,107.3464934336,TRINIDAD,Vivienda y servicios básicos
2025-09-01,108.794085252,TRINIDAD,Vivienda y servicios básicos
2025-10-01,108.9612946666,TRINIDAD,Vivienda y servicios básicos
2025-11-01,109.2637094993,TRINIDAD,Vivienda y servicios básicos
2025-12-01,111.2968193523,TRINIDAD,Vivienda y servicios básicos
2026-01-01,114.1822056523,TRINIDAD,Vivienda y servicios básicos
2026-02-01,116.141102821,TRINIDAD,Vivienda y servicios básicos
2026-03-01,116.3276248858,TRINIDAD,Vivienda y servicios básicos
2026-04-01,116.7682177141,TRINIDAD,Vivienda y servicios básicos
2026-05-01,116.58931473,TRINIDAD,Vivienda y servicios básicos
2026-06-01,116.7057672703,TRINIDAD,Vivienda y servicios básicos
2026-07-01,116.6955911313,TRINIDAD,Vivienda y servicios básicos
2018-01-01,100.3939226784,TRINIDAD,ÍNDICE GENERAL
2018-02-01,100.2473745175,TRINIDAD,ÍNDICE GENERAL
2018-03-01,100.3971414336,TRINIDAD,ÍNDICE GENERAL
2018-04-01,100.5206777117,TRINIDAD,ÍNDICE GENERAL
2018-05-01,100.4709741327,TRINIDAD,ÍNDICE GENERAL
2018-06-01,100.6401624514,TRINIDAD,ÍNDICE GENERAL
2018-07-01,100.5337386816,TRINIDAD,ÍNDICE GENERAL
2018-08-01,100.5830806821,TRINIDAD,ÍNDICE GENERAL
2018-09-01,100.7145438091,TRINIDAD,ÍNDICE GENERAL
2018-10-01,100.5162788834,TRINIDAD,ÍNDICE GENERAL
2018-11-01,100.56393218,TRINIDAD,ÍNDICE GENERAL
2018-12-01,100.9782513983,TRINIDAD,ÍNDICE GENERAL
2019-01-01,100.9814845892,TRINIDAD,ÍNDICE GENERAL
2019-02-01,101.1582832313,TRINIDAD,ÍNDICE GENERAL
2019-03-01,101.1421493073,TRINIDAD,ÍNDICE GENERAL
2019-04-01,101.4205104669,TRINIDAD,ÍNDICE GENERAL
2019-05-01,101.5144621109,TRINIDAD,ÍNDICE GENERAL
2019-06-01,101.7729576526,TRINIDAD,ÍNDICE GENERAL
2019-07-01,101.5669638112,TRINIDAD,ÍNDICE GENERAL
2019-08-01,101.6516871151,TRINIDAD,ÍNDICE GENERAL
2019-09-01,101.2777299824,TRINIDAD,ÍNDICE GENERAL
2019-10-01,101.6034216032,TRINIDAD,ÍNDICE GENERAL
2019-11-01,102.8015700565,TRINIDAD,ÍNDICE GENERAL
2019-12-01,102.1734361386,TRINIDAD,ÍNDICE GENERAL
2020-01-01,101.3054014093,TRINIDAD,ÍNDICE GENERAL
2020-02-01,101.4524504586,TRINIDAD,ÍNDICE GENERAL
2020-03-01,101.5577258274,TRINIDAD,ÍNDICE GENERAL
2020-04-01,101.8932296538,TRINIDAD,ÍNDICE GENERAL
2020-05-01,102.0045623445,TRINIDAD,ÍNDICE GENERAL
2020-06-01,101.9714695804,TRINIDAD,ÍNDICE GENERAL
2020-07-01,101.9455291564,TRINIDAD,ÍNDICE GENERAL
2020-08-01,101.8342685591,TRINIDAD,ÍNDICE GENERAL
2020-09-01,101.6331869287,TRINIDAD,ÍNDICE GENERAL
2020-10-01,101.6700469129,TRINIDAD,ÍNDICE GENERAL
2020-11-01,101.7887714576,TRINIDAD,ÍNDICE GENERAL
2020-12-01,101.8808690051,TRINIDAD,ÍNDICE GENERAL
2021-01-01,101.8381220613,TRINIDAD,ÍNDICE GENERAL
2021-02-01,102.0901627181,TRINIDAD,ÍNDICE GENERAL
2021-03-01,102.3532474221,TRINIDAD,ÍNDICE GENERAL
2021-04-01,102.7161288979,TRINIDAD,ÍNDICE GENERAL
2021-05-01,102.8195320872,TRINIDAD,ÍNDICE GENERAL
2021-06-01,102.871422605,TRINIDAD,ÍNDICE GENERAL
2021-07-01,102.7615276,TRINIDAD,ÍNDICE GENERAL
2021-08-01,102.8295845276,TRINIDAD,ÍNDICE GENERAL
2021-09-01,102.9322416586,TRINIDAD,ÍNDICE GENERAL
2021-10-01,102.8131327314,TRINIDAD,ÍNDICE GENERAL
2021-11-01,103.031393338,TRINIDAD,ÍNDICE GENERAL
2021-12-01,103.2792501665,TRINIDAD,ÍNDICE GENERAL
2022-01-01,103.3659544431,TRINIDAD,ÍNDICE GENERAL
2022-02-01,103.3356729142,TRINIDAD,ÍNDICE GENERAL
2022-03-01,103.5969151656,TRINIDAD,ÍNDICE GENERAL
2022-04-01,103.7446259043,TRINIDAD,ÍNDICE GENERAL
2022-05-01,103.717785889,TRINIDAD,ÍNDICE GENERAL
2022-06-01,104.0838472202,TRINIDAD,ÍNDICE GENERAL
2022-07-01,104.0787784479,TRINIDAD,ÍNDICE GENERAL
2022-08-01,104.48248381,TRINIDAD,ÍNDICE GENERAL
2022-09-01,104.4112139427,TRINIDAD,ÍNDICE GENERAL
2022-10-01,104.7271105299,TRINIDAD,ÍNDICE GENERAL
2022-11-01,105.1322405,TRINIDAD,ÍNDICE GENERAL
2022-12-01,104.9555769121,TRINIDAD,ÍNDICE GENERAL
2023-01-01,105.1600493008,TRINIDAD,ÍNDICE GENERAL
2023-02-01,105.2904367329,TRINIDAD,ÍNDICE GENERAL
2023-03-01,105.0450779439,TRINIDAD,ÍNDICE GENERAL
2023-04-01,105.2975123684,TRINIDAD,ÍNDICE GENERAL
2023-05-01,105.4066408154,TRINIDAD,ÍNDICE GENERAL
2023-06-01,105.4506149308,TRINIDAD,ÍNDICE GENERAL
2023-07-01,105.4260129,TRINIDAD,ÍNDICE GENERAL
2023-08-01,105.7401021957,TRINIDAD,ÍNDICE GENERAL
2023-09-01,105.5278616076,TRINIDAD,ÍNDICE GENERAL
2023-10-01,105.4831644932,TRINIDAD,ÍNDICE GENERAL
2023-11-01,105.5651184,TRINIDAD,ÍNDICE GENERAL
2023-12-01,105.9024121612,TRINIDAD,ÍNDICE GENERAL
2024-01-01,106.1355069711,TRINIDAD,ÍNDICE GENERAL
2024-02-01,106.1314716,TRINIDAD,ÍNDICE GENERAL
2024-03-01,106.635550918,TRINIDAD,ÍNDICE GENERAL
2024-04-01,106.9478058398,TRINIDAD,ÍNDICE GENERAL
2024-05-01,108.0472334635,TRINIDAD,ÍNDICE GENERAL
2024-06-01,108.7526121805,TRINIDAD,ÍNDICE GENERAL
2024-07-01,109.08534851,TRINIDAD,ÍNDICE GENERAL
2024-08-01,109.8335557207,TRINIDAD,ÍNDICE GENERAL
2024-09-01,110.8726527873,TRINIDAD,ÍNDICE GENERAL
2024-10-01,112.298204635,TRINIDAD,ÍNDICE GENERAL
2024-11-01,115.3508985791,TRINIDAD,ÍNDICE GENERAL
2024-12-01,117.8268528744,TRINIDAD,ÍNDICE GENERAL
2025-01-01,121.0839199729,TRINIDAD,ÍNDICE GENERAL
2025-02-01,123.7371363705,TRINIDAD,ÍNDICE GENERAL
2025-03-01,125.6741192475,TRINIDAD,ÍNDICE GENERAL
2025-04-01,128.5411192316,TRINIDAD,ÍNDICE GENERAL
2025-05-01,132.6946867587,TRINIDAD,ÍNDICE GENERAL
2025-06-01,138.4257527887,TRINIDAD,ÍNDICE GENERAL
2025-07-01,142.4014445164,TRINIDAD,ÍNDICE GENERAL
2025-08-01,145.2794921995,TRINIDAD,ÍNDICE GENERAL
2025-09-01,146.8082433453,TRINIDAD,ÍNDICE GENERAL
2025-10-01,147.6591533004,TRINIDAD,ÍNDICE GENERAL
2025-11-01,148.2119545853,TRINIDAD,ÍNDICE GENERAL
2025-12-01,146.9077514292,TRINIDAD,ÍNDICE GENERAL
2026-01-01,148.8355598087,TRINIDAD,ÍNDICE GENERAL
2026-02-01,150.1298074741,TRINIDAD,ÍNDICE GENERAL
2026-03-01,148.7952280459,TRINIDAD,ÍNDICE GENERAL
2026-04-01,149.096359699,TRINIDAD,ÍNDICE GENERAL
2026-05-01,150.1644964267,TRINIDAD,ÍNDICE GENERAL
2026-06-01,151.568456617,TRINIDAD,ÍNDICE GENERAL
2026-07-01,149.8359329691,TRINIDAD,ÍNDICE GENERAL
